date,wti_usd_per_bbl,gasoline_usd_per_gal,diesel_usd_per_gal,gasoline_usd_per_bbl,diesel_usd_per_bbl,crack_spread_usd_per_bbl,spread_90d_mean_usd_per_bbl,spread_90d_std_usd_per_bbl,spread_z_score,extended_spread_signal,extended_spread_episode_start,simple_refinery_gross_margin_usd_per_bbl,complex_refinery_gross_margin_usd_per_bbl
2015-01-02,52.7200,1.4920,1.8050,62.6640,75.8100,14.3260,,,,False,False,4.2145,10.5803
2015-01-05,50.0500,1.4340,1.7680,60.2280,74.2560,14.8540,,,,False,False,4.8675,11.1299
2015-01-06,47.9800,1.3890,1.7220,58.3380,72.3240,15.0200,,,,False,False,5.1913,11.3225
2015-01-07,48.6900,1.3520,1.7110,56.7840,71.8620,13.1200,,,,False,False,3.9182,9.8395
2015-01-08,48.8000,1.3700,1.7210,57.5400,72.2820,13.6540,,,,False,False,4.2425,10.2454
2015-01-09,48.3500,1.3360,1.7230,56.1120,72.3660,13.1800,,,,False,False,4.0320,9.9604
2015-01-12,46.0600,1.2830,1.6770,53.8860,70.4340,13.3420,,,,False,False,4.3876,10.1744
2015-01-13,45.9200,1.2840,1.6470,53.9280,69.1740,13.0900,,,,False,False,4.1951,9.9075
2015-01-14,48.4900,1.3610,1.6650,57.1620,69.9300,12.9280,,,,False,False,3.7373,9.5687
2015-01-15,46.3700,1.3170,1.6240,55.3140,68.2080,13.2420,,,,False,False,4.1683,9.8902
2015-01-16,48.4900,1.3820,1.6650,58.0440,69.9300,13.5160,,,,False,False,4.0902,9.9920
2015-01-20,46.7900,1.3360,1.6380,56.1120,68.7960,13.5500,,,,False,False,4.3173,10.1128
2015-01-21,47.8500,1.3450,1.6390,56.4900,68.8380,12.7560,,,,False,False,3.6788,9.4279
2015-01-22,45.9300,1.3530,1.6440,56.8260,69.0480,14.9700,,,,False,False,5.3152,11.2499
2015-01-23,45.2600,1.3670,1.6450,57.4140,69.0900,16.0460,,,,False,False,6.0668,12.1017
2015-01-26,44.8000,1.3210,1.6420,55.4820,68.9640,15.1760,,,,False,False,5.6098,11.5158
2015-01-27,45.8400,1.3550,1.6540,56.9100,69.4680,15.2560,,,,False,False,5.5218,11.4994
2015-01-28,44.0800,1.3680,1.6300,57.4560,68.4600,17.0440,,,,False,False,6.8170,12.8997
2015-01-29,44.1200,1.3780,1.6240,57.8760,68.2080,17.2000,,,,False,False,6.8918,12.9874
2015-01-30,47.7900,1.4620,1.7180,61.4040,72.1560,17.1980,,,,False,False,6.5191,12.8981
2015-02-02,49.2500,1.5400,1.7820,64.6800,74.8440,18.8180,,,,False,False,7.3992,14.1190
2015-02-03,53.0400,1.5750,1.8460,66.1500,77.5320,16.9040,,,,False,False,5.7978,12.5390
2015-02-04,48.4500,1.4830,1.7900,62.2860,75.1800,18.1340,,,,False,False,7.1296,13.7414
2015-02-05,50.4800,1.5160,1.8200,63.6720,76.4400,17.4480,,,,False,False,6.4664,13.1250
2015-02-06,51.6600,1.5430,1.8530,64.8060,77.8260,17.4860,,,,False,False,6.3756,13.1334
2015-02-09,52.9900,1.5620,1.8900,65.6040,79.3800,17.2060,,,,False,False,6.0791,12.9098
2015-02-10,50.0600,1.5570,1.8570,65.3940,77.9940,19.5340,,,,False,False,7.8608,14.7974
2015-02-11,48.8000,1.5440,1.8400,64.8480,77.2800,20.1920,,,,False,False,8.4152,15.3526
2015-02-12,51.1700,1.5930,1.9500,66.9060,81.9000,20.7340,,,,False,False,8.6041,15.8518
2015-02-13,52.6600,1.6170,2.0050,67.9140,84.2100,20.6860,,,,False,False,8.4598,15.8381
2015-02-17,53.5600,1.5740,2.0030,66.1080,84.1260,18.5540,,,,False,False,7.0369,14.1974
2015-02-18,52.1300,1.5680,1.9920,65.8560,83.6640,19.6620,,,,False,False,7.9003,15.1155
2015-02-19,51.1200,1.6230,2.0570,68.1660,86.3940,23.1220,,,,False,False,10.2693,17.9362
2015-02-20,49.9500,1.6510,2.1910,69.3420,92.0220,26.9520,,,,False,False,13.0300,21.2727
2015-02-23,49.5600,1.6560,2.3060,69.5520,96.8520,29.0920,,,,False,False,14.6160,23.2428
2015-02-24,48.4800,1.6230,2.1110,68.1660,88.6620,26.5180,,,,False,False,12.8295,20.8531
2015-02-25,50.2500,1.7510,2.1240,73.5420,89.2080,28.5140,,,,False,False,13.7801,22.1392
2015-02-26,47.6500,1.7390,2.1940,73.0380,92.1480,31.7580,,,,False,False,16.2765,24.9961
2015-02-27,49.8400,1.8200,2.2230,76.4400,93.3660,32.2420,,,,False,False,16.2883,25.2011
2015-03-02,49.5900,1.7420,2.2760,73.1640,95.5920,31.0500,,,,False,False,15.7232,24.5485
2015-03-03,50.4300,1.7630,2.2890,74.0460,96.1380,30.9800,,,,False,False,15.5783,24.4493
2015-03-04,51.5300,1.7300,2.0910,72.6600,87.8220,26.1840,,,,False,False,12.1144,20.2099
2015-03-05,50.7600,1.7030,1.9520,71.5260,81.9840,24.2520,,,,False,False,10.7826,18.4366
2015-03-06,49.6100,1.6910,1.9360,71.0220,81.3120,24.8420,,,,False,False,11.2812,18.9341
2015-03-09,49.9500,1.6860,1.8990,70.8120,79.7580,23.8440,,,,False,False,10.5520,18.0538
2015-03-10,48.4200,1.6340,1.8820,68.6280,79.0440,23.6800,,,,False,False,10.6551,18.0469
2015-03-11,48.0600,1.6420,1.9100,68.9640,80.2200,24.6560,,,,False,False,11.3553,18.8833
2015-03-12,47.1200,1.6180,1.8610,67.9560,78.1620,24.2380,,,,False,False,11.1473,18.5211
2015-03-13,44.8800,1.5630,1.7710,65.6460,74.3820,23.6780,,,,False,False,10.9695,18.0619
2015-03-16,43.9300,1.5400,1.7790,64.6800,74.7180,24.0960,,,,False,False,11.3844,18.4943
2015-03-17,43.3900,1.5410,1.7110,64.7220,71.8620,23.7120,,,,False,False,11.0949,18.0487
2015-03-18,44.6300,1.6160,1.8140,67.8720,76.1880,26.0140,,,,False,False,12.5001,19.9158
2015-03-19,44.0200,1.5690,1.7380,65.8980,72.9960,24.2440,,,,False,False,11.3731,18.4532
2015-03-20,46.0000,1.6090,1.7660,67.5780,74.1720,23.7760,,,,False,False,10.8442,17.9925
2015-03-23,47.4000,1.6290,1.7510,68.4180,73.5420,22.7260,,,,False,False,9.9657,17.0321
2015-03-24,47.0300,1.6390,1.7140,68.8380,71.9880,22.8580,,,,False,False,10.0246,17.0435
2015-03-25,48.7500,1.6610,1.7240,69.7620,72.4080,21.8940,,,,False,False,9.2005,16.1938
2015-03-26,51.4100,1.7080,1.7960,71.7360,75.4320,21.5580,,,,False,False,8.7379,15.9012
2015-03-27,48.8300,1.6340,1.7350,68.6280,72.8700,21.2120,,,,False,False,8.8021,15.7309
2015-03-30,48.6600,1.6400,1.7360,68.8800,72.9120,21.5640,,,,False,False,9.0417,16.0064
2015-03-31,47.7200,1.6150,1.7100,67.8300,71.8200,21.4400,,,,False,False,9.0584,15.9332
2015-04-01,50.1200,1.6660,1.7410,69.9720,73.1220,20.9020,,,,False,False,8.4287,15.3860
2015-04-02,49.1300,1.6100,1.6890,67.6200,70.9380,19.5960,,,,False,False,7.6893,14.3799
2015-04-06,52.0800,1.7550,1.7630,73.7100,74.0460,21.7420,,,,False,False,8.6751,15.8491
2015-04-07,53.9500,1.7750,1.7900,74.5500,75.1800,20.8100,,,,False,False,7.8828,15.0631
2015-04-08,50.4400,1.6600,1.7080,69.7200,71.7360,19.9520,,,,False,False,7.7398,14.5559
2015-04-09,50.7900,1.6700,1.7280,70.1400,72.5760,20.1620,,,,False,False,7.8536,14.7358
2015-04-10,51.6300,1.7210,1.7690,72.2820,74.2980,21.3240,,,,False,False,8.5067,15.6178
2015-04-13,51.9500,1.7150,1.7900,72.0300,75.1800,21.1300,,,,False,False,8.3847,15.5135
2015-04-14,53.3000,1.7170,1.8090,72.1140,75.9780,20.1020,,,,False,False,7.5986,14.6887
2015-04-15,56.2500,1.8070,1.8780,75.8940,78.8760,20.6380,,,,False,False,7.6078,14.9819
2015-04-16,56.6900,1.8250,1.9120,76.6500,80.3040,21.1780,,,,False,False,7.9350,15.4366
2015-04-17,55.7100,1.8220,1.8930,76.5240,79.5060,21.8080,,,,False,False,8.4251,15.9341
2015-04-20,56.3700,1.8180,1.8810,76.3560,79.0020,20.8680,,,,False,False,7.7336,15.1444
2015-04-21,55.5800,1.7870,1.8570,75.0540,77.9940,20.4540,,,,False,False,7.5572,14.8526
2015-04-22,56.1700,1.8170,1.8760,76.3140,78.7920,20.9700,,,,False,False,7.8152,15.2231
2015-04-23,56.5900,1.9060,1.9260,80.0520,80.8920,23.7420,,,,False,False,9.5183,17.3407
2015-04-24,55.9800,1.9090,1.9320,80.1780,81.1440,24.5200,,,,False,False,10.0923,17.9881
2015-04-27,55.5600,1.9060,1.9220,80.0520,80.7240,24.7160,,,,False,False,10.2540,18.1418
2015-04-28,57.0500,1.9070,1.9200,80.0940,80.6400,23.2260,,,,False,False,9.1248,16.8984
2015-04-29,58.5500,1.9090,1.9440,80.1780,81.6480,22.1180,,,,False,False,8.2779,16.0163
2015-04-30,59.6200,1.9510,1.9770,81.9420,83.0340,22.6860,,,,False,False,8.5222,16.4184
2015-05-01,59.1000,1.9470,1.9840,81.7740,83.3280,23.1920,,,,False,False,8.9211,16.8635
2015-05-04,58.9200,1.9390,1.9830,81.4380,83.2860,23.1340,,,,False,False,8.9121,16.8382
2015-05-05,60.3800,1.9680,2.0170,82.6560,84.7140,22.9620,,,,False,False,8.6540,16.6680
2015-05-06,60.9300,1.9300,2.0130,81.0600,84.5460,21.2920,,,,False,False,7.5583,15.3916
2015-05-07,58.9900,1.8890,1.9640,79.3380,82.4880,21.3980,,,,False,False,7.8197,15.5167
2015-05-08,59.4100,1.8870,1.9600,79.2540,82.3200,20.8660,,,,False,False,7.4270,15.0740
2015-05-11,59.2300,1.8800,1.9470,78.9600,81.7740,20.6680,,,,False,False,7.3088,14.9076
2015-05-12,60.7200,1.9210,1.9960,80.6820,83.8320,21.0120,,,,False,False,7.3872,15.1560
2015-05-13,60.5000,1.9430,2.0000,81.6060,84.0000,21.9040,20.8077,4.5153,0.2428,False,False,7.9649,15.8359
2015-05-14,59.8900,1.9710,2.0080,82.7820,84.3360,23.4100,20.8919,4.4640,0.5641,False,False,8.9799,17.0142
2015-05-15,59.7300,1.9700,2.0100,82.7400,84.4200,23.5700,20.9869,4.4254,0.5837,False,False,9.1048,17.1537
2015-05-18,59.4400,1.9590,1.9940,82.2780,83.7480,23.3280,21.0819,4.3879,0.5119,False,False,8.9710,16.9576
2015-05-19,57.3000,1.9160,1.9370,80.4720,81.3540,23.4660,21.1954,4.3119,0.5266,False,False,9.2658,17.1008
2015-05-20,58.9600,1.9440,1.9430,81.6480,81.6060,22.6740,21.3044,4.2433,0.3228,False,False,8.5459,16.3682
2015-05-21,60.1800,1.9980,1.9880,83.9160,83.4960,23.5960,21.4099,4.1572,0.5259,False,False,9.0045,17.0490
2015-05-22,58.8800,1.9810,1.9570,83.2020,82.1940,23.9860,21.5238,4.0742,0.6043,False,False,9.3749,17.3686
2015-05-26,57.2900,1.9180,1.9050,80.5560,80.0100,23.0840,21.6449,3.9826,0.3614,False,False,8.9710,16.7194
2015-05-27,57.5100,1.8700,1.8640,78.5400,78.2880,20.9460,21.7577,3.8765,-0.2094,False,False,7.5680,15.0181
2015-05-28,57.6900,1.9200,1.8810,80.6400,79.0020,22.4040,21.8433,3.7712,0.1487,False,False,8.4506,16.1051
2015-05-29,60.2500,2.0110,1.9490,84.4620,81.8580,23.3440,21.9421,3.6667,0.3823,False,False,8.7606,16.7288
2015-06-01,60.2400,1.9880,1.9290,83.4960,81.0180,22.4300,22.0509,3.5598,0.1065,False,False,8.1717,16.0046
2015-06-02,61.3000,2.0150,1.9500,84.6300,81.9000,22.4200,22.1584,3.4209,0.0765,False,False,8.0455,15.9514
2015-06-03,59.6700,1.9860,1.8940,83.4120,79.5480,22.4540,22.2412,3.3350,0.0638,False,False,8.2009,15.9670
2015-06-04,58.0000,1.9240,1.8460,80.8080,77.5320,21.7160,22.3124,3.2697,-0.1824,False,False,7.9162,15.4581
2015-06-05,59.1100,1.9640,1.8660,82.4880,78.3720,22.0060,22.3850,3.1818,-0.1191,False,False,7.9601,15.6120
2015-06-08,58.1500,1.9520,1.8550,81.9840,77.9100,22.4760,22.4600,3.0912,0.0052,False,False,8.3678,16.0190
2015-06-09,60.1500,2.0190,1.9100,84.7980,80.2200,23.1220,22.5204,3.0374,0.1981,False,False,8.5609,16.4489
2015-06-10,61.3600,2.0920,1.9410,87.8640,81.5220,24.3900,22.5862,2.9851,0.6043,False,False,9.1993,17.3330
2015-06-11,60.7400,2.0720,1.9170,87.0240,80.5140,24.1140,22.6661,2.9357,0.4932,False,False,9.0794,17.1218
2015-06-12,59.9600,2.0700,1.8880,86.9400,79.2960,24.4320,22.7249,2.9109,0.5864,False,False,9.3302,17.3391
2015-06-15,59.5300,2.0430,1.8690,85.8060,78.4980,23.8400,22.8086,2.8500,0.3619,False,False,9.0018,16.8963
2015-06-16,60.0100,2.0980,1.8820,88.1160,79.0440,25.0820,22.8720,2.8084,0.7869,False,False,9.6999,17.7815
2015-06-17,59.8900,2.0620,1.9030,86.6040,79.9260,24.4880,22.9568,2.7582,0.5552,False,False,9.4062,17.4375
2015-06-18,60.4100,2.0410,1.9150,85.7220,80.4300,23.5480,23.0346,2.7009,0.1901,False,False,8.7867,16.7439
2015-06-19,59.6200,2.0030,1.8630,84.1260,78.2460,22.5460,23.1051,2.6297,-0.2126,False,False,8.1988,15.9346
2015-06-22,60.0100,1.9850,1.8690,83.3700,78.4980,21.7360,23.1385,2.6031,-0.5388,False,False,7.6650,15.3287
2015-06-23,61.0500,2.0120,1.9160,84.5040,80.4720,22.1100,23.1557,2.5887,-0.4039,False,False,7.8269,15.6415
2015-06-24,60.0100,1.9750,1.8830,82.9500,79.0860,21.6520,23.1710,2.5784,-0.5891,False,False,7.6439,15.3152
2015-06-25,59.5900,1.9510,1.8620,81.9420,78.2040,21.1060,23.1817,2.5700,-0.8077,False,False,7.3374,14.8977
2015-06-26,59.4100,1.9600,1.8610,82.3200,78.1620,21.5240,23.2101,2.5326,-0.6658,False,False,7.6140,15.2151
2015-06-29,58.3400,1.9300,1.8380,81.0600,77.1960,21.4320,23.2308,2.5110,-0.7163,False,False,7.6763,15.1893
2015-06-30,59.4800,1.9710,1.8790,82.7820,78.9180,22.0140,23.2120,2.5181,-0.4758,False,False,7.9349,15.6207
2015-07-01,56.9400,1.9510,1.8380,81.9420,77.1960,23.4200,23.1571,2.4896,0.1056,False,False,9.0861,16.7747
2015-07-02,56.9300,1.9690,1.8270,82.6980,76.7340,23.7800,23.0941,2.4091,0.2847,False,False,9.2806,16.9980
2015-07-06,52.4800,1.8850,1.7080,79.1700,71.7360,24.2120,23.0637,2.3828,0.4819,False,False,9.9796,17.3987
2015-07-07,52.3300,1.9100,1.7110,80.2200,71.8620,25.1040,23.0159,2.3152,0.9019,False,False,10.5443,18.0675
2015-07-08,51.6100,1.9570,1.7060,82.1940,71.6520,27.0700,22.9419,2.1340,1.9345,False,False,11.8250,19.5455
2015-07-09,52.7600,2.0160,1.7220,84.6720,72.3240,27.7960,22.8845,1.9439,2.5266,True,True,12.1160,19.9954
2015-07-10,52.7400,1.9940,1.7250,83.7480,72.4500,27.2420,22.8483,1.8179,2.4169,True,False,11.7930,19.6088
2015-07-13,52.1900,1.8830,1.7080,79.0860,71.7360,24.4460,22.8068,1.6682,0.9827,False,False,10.1649,17.5991
2015-07-14,53.0500,1.8730,1.7120,78.6660,71.9040,23.3620,22.7875,1.6388,0.3506,False,False,9.3897,16.7375
2015-07-15,51.4000,1.8080,1.6650,75.9360,69.9300,22.5340,22.7776,1.6326,-0.1492,False,False,9.0499,16.1649
2015-07-16,50.9000,1.8430,1.6600,77.4060,69.7200,23.9440,22.7519,1.6180,0.7368,False,False,9.9629,17.2183
2015-07-17,50.8800,1.8760,1.6540,78.7920,69.4680,24.8040,22.7530,1.6188,1.2670,False,False,10.4694,17.8195
2015-07-20,50.1100,1.8800,1.6490,78.9600,69.2580,25.6160,22.7655,1.6302,1.7486,False,False,11.0654,18.4721
2015-07-21,50.5900,1.8670,1.6760,78.4140,70.3920,25.1500,22.7762,1.6456,1.4425,False,False,10.7681,18.1745
2015-07-22,49.2700,1.8030,1.6680,75.7260,70.0560,24.5660,22.7863,1.6573,1.0738,False,False,10.6055,17.8723
2015-07-23,48.1100,1.7990,1.6630,75.5580,69.8460,25.5440,22.7962,1.6652,1.6501,False,False,11.3616,18.6873
2015-07-24,47.9800,1.7680,1.6310,74.2560,68.5020,24.3580,22.8123,1.6846,0.9176,False,False,10.6030,17.7401
2015-07-27,47.1700,1.7440,1.5840,73.2480,66.5280,23.8380,22.8195,1.6898,0.6028,False,False,10.3178,17.2969
2015-07-28,47.9700,1.7420,1.6000,73.1640,67.2000,23.2060,22.7953,1.6592,0.2475,False,False,9.8483,16.8076
2015-07-29,48.7700,1.7780,1.6010,74.6760,67.2420,23.4280,22.7838,1.6527,0.3898,False,False,9.8596,16.8828
2015-07-30,48.5300,1.7660,1.6000,74.1720,67.2000,23.3180,22.7799,1.6507,0.3260,False,False,9.8286,16.8267
2015-07-31,47.1100,1.7050,1.5860,71.6100,66.6120,22.8340,22.7865,1.6517,0.0288,False,False,9.7290,16.5873
2015-08-03,45.2500,1.7510,1.5180,73.5420,63.7560,25.0300,22.7862,1.6517,1.3585,False,False,11.1921,18.1446
2015-08-04,45.7500,1.7640,1.5380,74.0880,64.5960,25.1740,22.8210,1.6655,1.4127,False,False,11.2429,18.2605
2015-08-05,45.1300,1.6740,1.5320,70.3080,64.3440,23.1900,22.8612,1.6781,0.1959,False,False,10.1360,16.8800
2015-08-06,44.6900,1.6550,1.5430,69.5100,64.8060,23.2520,22.8832,1.6693,0.2209,False,False,10.2645,17.0100
2015-08-07,43.8700,1.6310,1.5290,68.5020,64.2180,23.2040,22.9020,1.6639,0.1815,False,False,10.3334,17.0186
2015-08-10,44.9400,1.7050,1.5760,71.6100,66.1920,24.8640,22.9216,1.6569,1.1723,False,False,11.2623,18.2540
2015-08-11,43.1100,1.7130,1.5580,71.9460,65.4360,26.6660,22.9656,1.6553,2.2355,True,True,12.5893,19.6923
2015-08-12,43.2200,1.7720,1.5840,74.4240,66.5280,28.5720,23.0441,1.6613,3.3275,True,False,13.7705,21.1399
2015-08-13,42.2700,1.7290,1.5620,72.6180,65.6040,28.0100,23.1200,1.7535,2.7887,True,False,13.5343,20.7658
2015-08-14,42.4500,1.6990,1.5360,71.3580,64.5120,26.6260,23.2000,1.8096,1.8932,False,False,12.6214,19.6622
2015-08-17,41.9300,1.6690,1.5410,70.0980,64.7220,26.3760,23.2742,1.8117,1.7121,False,False,12.5626,19.5562
2015-08-18,42.5800,1.6440,1.5400,69.0480,64.6800,25.0120,23.3432,1.8102,0.9219,False,False,11.6413,18.4992
2015-08-19,40.7500,1.5600,1.5000,65.5200,63.0000,23.9300,23.3842,1.8058,0.3022,False,False,11.1917,17.7871
2015-08-20,41.0000,1.5370,1.4770,64.5540,62.0340,22.7140,23.4153,1.7908,-0.3916,False,False,10.3751,16.8068
2015-08-21,40.4500,1.5560,1.4520,65.3520,60.9840,23.4460,23.4443,1.7577,0.0009,False,False,10.8470,17.3103
2015-08-24,38.2200,1.4850,1.3830,62.3700,58.0860,22.7220,23.4755,1.7323,-0.4350,False,False,10.6134,16.8025
2015-08-25,39.1500,1.4560,1.3730,61.1520,57.6660,20.8400,23.4927,1.7171,-1.5449,False,False,9.3191,15.3116
2015-08-26,38.5000,1.3860,1.3770,58.2120,57.8340,19.5860,23.4819,1.7306,-2.2512,False,False,8.6758,14.4936
2015-08-27,42.4700,1.4640,1.4880,61.4880,62.4960,19.3540,23.4677,1.7571,-2.3412,False,False,8.1544,14.2629
2015-08-28,45.2900,1.5240,1.5540,64.0080,65.2680,19.1380,23.4555,1.7817,-2.4233,False,False,7.7263,14.0189
2015-08-31,49.2000,1.6510,1.6690,69.3420,70.0980,20.3940,23.4351,1.8200,-1.6709,False,False,8.1153,14.8795
2015-09-01,45.3800,1.3930,1.5500,58.5060,65.1000,15.3240,23.3979,1.8474,-4.3705,False,False,5.4155,11.2495
2015-09-02,46.3000,1.5550,1.5780,65.3100,66.2760,19.3320,23.2957,2.0280,-1.9545,False,False,7.7365,14.1281
2015-09-03,46.7500,1.5610,1.5950,65.5620,66.9900,19.2880,23.2359,2.0643,-1.9125,False,False,7.6761,14.1041
2015-09-04,46.0200,1.5300,1.5650,64.2600,65.7300,18.7300,23.1922,2.1053,-2.1194,False,False,7.3914,13.6818
2015-09-08,45.9200,1.5070,1.5620,63.2940,65.6040,18.1440,23.1545,2.1539,-2.3262,False,False,7.0490,13.2608
2015-09-09,44.1300,1.4740,1.5140,61.9080,63.5880,18.3380,23.1040,2.2166,-2.1501,False,False,7.3421,13.4361
2015-09-10,45.8500,1.4820,1.5390,62.2440,64.6380,17.1920,23.0501,2.2722,-2.5782,False,False,6.4403,12.5058
2015-09-11,44.7500,1.4560,1.5100,61.1520,63.4200,17.1580,22.9841,2.3537,-2.4753,False,False,6.5296,12.5049
2015-09-14,44.0700,1.3870,1.4770,58.2540,62.0340,15.4440,22.9196,2.4316,-3.0744,False,False,5.5373,11.2347
2015-09-15,44.5800,1.4200,1.4780,59.6400,62.0760,15.8720,22.8546,2.5495,-2.7388,False,False,5.7171,11.4901
2015-09-16,47.1200,1.4630,1.5200,61.4460,63.8400,15.1240,22.7932,2.6485,-2.8957,False,False,4.9628,10.8133
2015-09-17,46.9300,1.4610,1.5020,61.3620,63.0840,15.0060,22.7294,2.7609,-2.7974,False,False,4.8837,10.6887
2015-09-18,44.7100,1.4230,1.4650,59.7660,61.5300,15.6440,22.6665,2.8695,-2.4473,False,False,5.5329,11.2680
2015-09-21,46.6700,1.4540,1.4750,61.0680,61.9500,14.6920,22.6069,2.9577,-2.6760,False,False,4.6788,10.4005
2015-09-22,46.1700,1.4690,1.4990,61.6980,62.9580,15.9480,22.5267,3.0712,-2.1421,False,False,5.5603,11.4405
2015-09-23,44.5300,1.4410,1.4810,60.5220,62.2020,16.5520,22.4438,3.1460,-1.8728,False,False,6.1392,11.9953
2015-09-24,44.9400,1.4230,1.5100,59.7660,63.4200,16.0440,22.3658,3.2036,-1.9733,False,False,5.8317,11.6819
2015-09-25,45.5500,1.4450,1.4950,60.6900,62.7900,15.8400,22.2849,3.2696,-1.9712,False,False,5.5832,11.4175
2015-09-28,44.4000,1.4000,1.4660,58.8000,61.5720,15.3240,22.2002,3.3360,-2.0612,False,False,5.3910,11.0750
2015-09-29,45.2400,1.4150,1.4870,59.4300,62.4540,15.1980,22.1185,3.4125,-2.0280,False,False,5.2293,10.9625
2015-09-30,45.0600,1.4390,1.5090,60.4380,63.3780,16.3580,22.0252,3.4849,-1.6262,False,False,5.9994,11.8914
2015-10-01,44.7500,1.4220,1.4880,59.7240,62.4960,15.8980,21.9404,3.5287,-1.7124,False,False,5.7274,11.5237
2015-10-02,45.5400,1.4170,1.4820,59.5140,62.2440,14.8840,21.8606,3.5828,-1.9473,False,False,4.9839,10.6866
2015-10-05,46.2800,1.4590,1.5120,61.2780,63.5040,15.7400,21.7932,3.6556,-1.6559,False,False,5.4458,11.3223
2015-10-06,48.5300,1.5050,1.5730,63.2100,66.0660,15.6320,21.7192,3.7096,-1.6410,False,False,5.1603,11.2020
2015-10-07,47.8600,1.4650,1.5460,61.5300,64.9320,14.8040,21.6335,3.7598,-1.8165,False,False,4.7107,10.5888
2015-10-08,49.4600,1.4770,1.5660,62.0340,65.7720,13.8200,21.5488,3.8262,-2.0200,False,False,3.9143,9.7716
2015-10-09,49.6700,1.4770,1.5450,62.0340,64.8900,13.3160,21.4532,3.9097,-2.0813,False,False,3.5353,9.3150
2015-10-12,47.0900,1.4130,1.4720,59.3460,61.8240,13.0820,21.3517,4.0000,-2.0674,False,False,3.6414,9.1851
2015-10-13,46.7000,1.3710,1.4320,57.5820,60.1440,11.7360,21.2558,4.0926,-2.3261,False,False,2.8103,8.1244
2015-10-14,46.6300,1.3660,1.4340,57.3720,60.2280,11.6940,21.1416,4.2115,-2.2433,False,False,2.8002,8.1086
2015-10-15,46.3800,1.3750,1.4560,57.7500,61.1520,12.5040,21.0218,4.3237,-1.9700,False,False,3.3711,8.7932
2015-10-16,47.3000,1.3870,1.4530,58.2540,61.0260,11.8780,20.9039,4.4089,-2.0472,False,False,2.8466,8.2312
2015-10-19,45.9100,1.3200,1.4100,55.4400,59.2200,10.7900,20.7648,4.4932,-2.2200,False,False,2.3190,7.4563
2015-10-20,45.8400,1.3180,1.4180,55.3560,59.5560,10.9160,20.6168,4.5987,-2.1095,False,False,2.4222,7.5816
2015-10-21,45.2200,1.3270,1.4210,55.7340,59.6820,11.8300,20.4666,4.6914,-1.8410,False,False,3.0730,8.3180
2015-10-22,44.9000,1.3670,1.4650,57.4140,61.5300,13.8860,20.3332,4.7638,-1.3534,False,False,4.4486,9.9813
2015-10-23,43.9100,1.3540,1.4440,56.8680,60.6480,14.2180,20.2088,4.7843,-1.2522,False,False,4.7571,10.2587
2015-10-26,43.1900,1.3420,1.4160,56.3640,59.4720,14.2100,20.0947,4.8033,-1.2251,False,False,4.8052,10.2381
2015-10-27,43.2100,1.3370,1.4070,56.1540,59.0940,13.9240,19.9909,4.8284,-1.2565,False,False,4.6116,9.9997
2015-10-28,45.9300,1.3910,1.4820,58.4220,62.2440,13.7660,19.8951,4.8622,-1.2606,False,False,4.2526,9.8387
2015-10-29,46.0200,1.3920,1.4660,58.4640,61.5720,13.4800,19.8066,4.9002,-1.2911,False,False,4.0335,9.5692
2015-10-30,46.6000,1.4440,1.4880,60.6480,62.4960,14.6640,19.7107,4.9385,-1.0219,False,False,4.7002,10.4318
2015-11-02,46.1200,1.4230,1.5050,59.7660,63.2100,14.7940,19.6330,4.9623,-0.9752,False,False,4.8883,10.6353
2015-11-03,47.8800,1.4900,1.5620,62.5800,65.6040,15.7080,19.5629,4.9855,-0.7732,False,False,5.2836,11.2913
2015-11-04,46.3200,1.4620,1.5000,61.4040,63.0000,15.6160,19.4983,4.9973,-0.7769,False,False,5.3400,11.1883
2015-11-05,45.2700,1.4330,1.4800,60.1860,62.1600,15.5740,19.4336,5.0095,-0.7705,False,False,5.4355,11.2064
2015-11-06,44.3200,1.4340,1.4940,60.2280,62.7480,16.7480,19.3621,5.0181,-0.5209,False,False,6.3166,12.2032
2015-11-09,43.8700,1.4300,1.4680,60.0600,61.6560,16.7220,19.2880,5.0069,-0.5125,False,False,6.3162,12.1466
2015-11-10,44.2300,1.4220,1.4720,59.7240,61.8240,16.1940,19.2095,4.9912,-0.6042,False,False,5.9520,11.7403
2015-11-11,42.9500,1.3830,1.4400,58.0860,60.4800,15.9340,19.1204,4.9726,-0.6408,False,False,5.9271,11.5864
2015-11-12,41.7400,1.3320,1.3930,55.9440,58.5060,15.0580,19.0186,4.9428,-0.8013,False,False,5.4904,10.9308
2015-11-13,40.6900,1.2950,1.3690,54.3900,57.4980,14.7360,18.8851,4.8855,-0.8493,False,False,5.4095,10.7339
2015-11-16,41.6800,1.3030,1.3780,54.7260,57.8760,14.0960,18.7400,4.8120,-0.9651,False,False,4.8910,10.1944
2015-11-17,40.7300,1.2880,1.3550,54.0960,56.9100,14.3040,18.5939,4.7509,-0.9030,False,False,5.1148,10.3714
2015-11-18,40.7500,1.3230,1.3650,55.5660,57.3300,15.4040,18.4812,4.7310,-0.6504,False,False,5.7926,11.1948
2015-11-19,40.5500,1.3370,1.3510,56.1540,56.7420,15.8000,18.3928,4.7133,-0.5501,False,False,6.0319,11.4549
2015-11-20,39.3900,1.3300,1.3430,55.8600,56.4060,16.6520,18.3180,4.7004,-0.3544,False,False,6.7061,12.1690
2015-11-23,39.2700,1.3610,1.3590,57.1620,57.0780,17.8640,18.2370,4.6654,-0.0799,False,False,7.4855,13.1086
2015-11-24,40.8900,1.3890,1.3840,58.3380,58.1280,17.3780,18.1598,4.6133,-0.1695,False,False,6.9952,12.6645
2015-11-25,41.2200,1.3730,1.3830,57.6660,58.0860,16.5860,18.0683,4.5457,-0.3261,False,False,6.4668,12.0546
2015-11-26,41.2200,1.3730,1.3830,57.6660,58.0860,16.5860,17.9732,4.4857,-0.3092,False,False,6.4668,12.0546
2015-11-27,40.5700,1.3600,1.3380,57.1200,56.1960,16.2420,17.8845,4.4330,-0.3705,False,False,6.2667,11.7272
2015-11-30,40.4300,1.3770,1.3450,57.8340,56.4900,16.9560,17.7811,4.3611,-0.1892,False,False,6.7315,12.2802
2015-12-01,40.5800,1.4270,1.3510,59.9340,56.7420,18.2900,17.6989,4.3057,0.1373,False,False,7.5212,13.2444
2015-12-02,39.9300,1.3680,1.2680,57.4560,53.2560,16.1260,17.6372,4.2568,-0.3550,False,False,6.1493,11.4789
2015-12-03,41.0800,1.3380,1.3060,56.1960,54.8520,14.6680,17.5586,4.2184,-0.6852,False,False,5.1760,10.4303
2015-12-04,40.0000,1.3160,1.3010,55.2720,54.6420,15.0620,17.4612,4.1828,-0.5736,False,False,5.5693,10.8160
2015-12-07,37.6400,1.2280,1.2400,51.5760,52.0800,14.1040,17.3695,4.1437,-0.7881,False,False,5.2322,10.1809
2015-12-08,37.4600,1.2120,1.2240,50.9040,51.4080,13.6120,17.2725,4.1167,-0.8892,False,False,4.9313,9.7927
2015-12-09,37.1600,1.2460,1.2080,52.3320,50.7360,14.6400,17.1456,4.0511,-0.6185,False,False,5.5610,10.5121
2015-12-10,36.7600,1.2830,1.1780,53.8860,49.4760,15.6560,17.0286,3.9688,-0.3458,False,False,6.1696,11.1868
2015-12-11,35.6500,1.2790,1.1050,53.7180,46.4100,15.6320,16.9449,3.9171,-0.3352,False,False,6.1739,11.0463
2015-12-14,36.3100,1.2470,1.0840,52.3740,45.5280,13.7820,16.8602,3.8618,-0.7971,False,False,4.9176,9.5712
2015-12-15,37.3200,1.2490,1.1060,52.4580,46.4520,13.1360,16.7555,3.8159,-0.9485,False,False,4.4196,9.0689
2015-12-16,35.5500,1.2590,1.0800,52.8780,45.3600,14.8220,16.6252,3.7362,-0.4826,False,False,5.6510,10.3901
2015-12-17,34.9800,1.2820,1.0620,53.8440,44.6040,15.7840,16.4936,3.5857,-0.1979,False,False,6.2787,11.0850
2015-12-18,34.7200,1.2870,1.0680,54.0540,44.8560,16.2680,16.3515,3.3499,-0.0249,False,False,6.6220,11.4822
2015-12-21,34.5500,1.2080,1.0530,50.7360,44.2260,14.0160,16.2211,3.1137,-0.7082,False,False,5.2657,9.8291
2015-12-22,36.1200,1.1910,1.0490,50.0220,44.0580,11.9140,16.0810,2.9200,-1.4270,False,False,3.7527,8.1295
2015-12-23,36.7600,1.2700,1.0950,53.3400,45.9900,14.1300,15.9203,2.7415,-0.6530,False,False,5.0797,9.8092
2015-12-24,37.6200,1.2780,1.0790,53.6760,45.3180,13.2700,15.7994,2.5726,-0.9832,False,False,4.3968,9.0416
2015-12-25,37.6000,1.2780,1.0790,53.6760,45.3180,13.2900,15.6809,2.4374,-0.9809,False,False,4.4119,9.0582
2015-12-28,36.3600,1.2480,1.0630,52.4160,44.6460,13.4660,15.5762,2.3332,-0.9044,False,False,4.6761,9.2676
2015-12-29,37.8800,1.2980,1.1040,54.5160,46.3680,13.9200,15.4653,2.1893,-0.7059,False,False,4.7990,9.5650
2015-12-30,36.5900,1.2710,1.0410,53.3820,43.7220,13.5720,15.3675,2.0554,-0.8736,False,False,4.6578,9.2447
2015-12-31,37.1300,1.2840,1.0420,53.9280,43.7640,13.4100,15.2868,1.9802,-0.9478,False,False,4.4791,9.0720
2016-01-01,37.1300,1.2840,1.0420,53.9280,43.7640,13.4100,15.2181,1.9366,-0.9337,False,False,4.4791,9.0720
2016-01-04,36.8100,1.2970,1.0890,54.4740,45.7380,14.7520,15.1521,1.8953,-0.2111,False,False,5.4325,10.2314
2016-01-05,35.9700,1.2640,1.0850,53.0880,45.5700,14.6120,15.1034,1.8480,-0.2659,False,False,5.4704,10.2095
2016-01-06,33.9700,1.1670,1.0440,49.0140,43.8480,13.3220,15.0391,1.7614,-0.9748,False,False,4.9203,9.3630
2016-01-07,33.2900,1.1550,1.0490,48.5100,44.0580,13.7360,15.0169,1.7703,-0.7235,False,False,5.2846,9.7527
2016-01-08,33.2000,1.1330,1.0110,47.5860,42.4620,12.6780,14.9547,1.7151,-1.3275,False,False,4.5839,8.8731
2016-01-11,31.4200,1.1170,0.9750,46.9140,40.9500,13.5060,14.8812,1.6688,-0.8241,False,False,5.2810,9.5441
2016-01-12,30.4200,1.0980,0.9620,46.1160,40.4040,13.7920,14.8232,1.6242,-0.6349,False,False,5.5803,9.8164
2016-01-13,30.4200,1.0670,0.9270,44.8140,38.9340,12.4340,14.7748,1.5890,-1.4731,False,False,4.6920,8.7210
2016-01-14,31.2200,1.0920,0.9320,45.8640,39.1440,12.4040,14.7092,1.5622,-1.4756,False,False,4.5605,8.6282
2016-01-15,29.4500,1.0430,0.9060,43.8060,38.0520,12.4380,14.6560,1.5583,-1.4234,False,False,4.8007,8.7600
2016-01-19,28.4700,1.0570,0.8830,44.3940,37.0860,13.4880,14.6036,1.5526,-0.7185,False,False,5.5343,9.5465
2016-01-20,26.6800,1.0520,0.8620,44.1840,36.2040,14.8440,14.5819,1.5544,0.1686,False,False,6.5812,10.6492
2016-01-21,29.5500,1.0660,0.8910,44.7720,37.4220,12.7720,14.5704,1.5486,-1.1613,False,False,4.9540,8.9391
2016-01-22,32.0700,1.1100,0.9950,46.6200,41.7900,12.9400,14.5443,1.5589,-1.0291,False,False,4.8826,9.1323
2016-01-25,30.3100,1.0530,0.9230,44.2260,38.7660,12.0960,14.5214,1.5671,-1.5477,False,False,4.4979,8.4763
2016-01-26,29.5400,1.0800,0.9600,45.3600,40.3200,14.1400,14.4819,1.5829,-0.2160,False,False,5.9213,10.1570
2016-01-27,32.3200,1.0740,1.0180,45.1080,42.7560,12.0040,14.4758,1.5832,-1.5613,False,False,4.3306,8.5082
2016-01-28,33.2100,1.1310,1.0480,47.5020,44.0160,13.1300,14.4320,1.5963,-0.8156,False,False,4.9312,9.3218
2016-01-29,33.6600,1.1520,1.0620,48.3840,44.6040,13.4640,14.3940,1.5861,-0.5863,False,False,5.0913,9.5598
2016-02-01,31.6200,1.1240,1.0370,47.2080,43.5540,14.3700,14.3653,1.5793,0.0030,False,False,5.8986,10.3525
2016-02-02,29.9000,1.0280,0.9960,43.1760,41.8320,12.8280,14.3490,1.5716,-0.9678,False,False,5.1539,9.2937
2016-02-03,32.2900,1.0600,1.0770,44.5200,45.2340,12.4680,14.3212,1.5761,-1.1758,False,False,4.7375,9.0438
2016-02-04,31.6300,1.0550,1.0740,44.3100,45.1080,12.9460,14.2909,1.5852,-0.8484,False,False,5.1203,9.4505
2016-02-05,30.8600,1.0250,1.0590,43.0500,44.4780,12.6660,14.2530,1.5761,-1.0069,False,False,5.0402,9.2832
2016-02-08,29.7100,0.9940,1.0430,41.7480,43.8060,12.7240,14.2171,1.5750,-0.9480,False,False,5.2197,9.3977
2016-02-09,27.9600,0.9470,0.9780,39.7740,41.0760,12.2480,14.1931,1.5811,-1.2302,False,False,5.0688,9.0290
2016-02-10,27.5400,0.9780,0.9700,41.0760,40.7400,13.4240,14.1543,1.5855,-0.4606,False,False,5.8227,9.8951
2016-02-11,26.1900,0.9840,0.9870,41.3280,41.4540,15.1800,14.1297,1.5795,0.6649,False,False,7.1212,11.3650
2016-02-12,29.3200,1.0660,1.0430,44.7720,43.8060,15.1300,14.1339,1.5818,0.6297,False,False,6.7237,11.1729
2016-02-16,29.0500,0.9900,1.0270,41.5800,43.1340,13.0480,14.1485,1.5849,-0.6944,False,False,5.4827,9.6498
2016-02-17,30.6800,1.0130,1.0740,42.5460,45.1080,12.7200,14.1455,1.5867,-0.8984,False,False,5.1320,9.3922
2016-02-18,30.7700,1.2440,1.0660,52.2480,44.7720,18.9860,14.1415,1.5898,3.0472,True,True,8.8609,13.8670
2016-02-19,29.5900,1.2330,1.0220,51.7860,42.9240,19.2420,14.2220,1.6485,3.0452,True,False,9.1049,14.0333
2016-02-22,31.3700,1.2690,1.0440,53.2980,43.8480,18.7780,14.3059,1.7087,2.6173,True,False,8.5968,13.5773
2016-02-23,31.8400,0.9850,1.0120,41.3700,42.5040,9.9080,14.3756,1.7609,-2.5371,False,False,3.1348,7.0317
2016-02-24,30.3500,1.0280,1.0340,43.1760,43.4280,12.9100,14.3537,1.8036,-0.8005,False,False,5.2131,9.4309
2016-02-25,31.4000,1.0550,1.0510,44.3100,44.1420,12.8540,14.3773,1.7704,-0.8604,False,False,5.0525,9.3322
2016-02-26,31.6500,1.0270,1.0450,43.1340,43.8900,11.7360,14.3988,1.7397,-1.5306,False,False,4.3304,8.4796
2016-02-29,32.7400,1.0500,1.0700,44.1000,44.9400,11.6400,14.3978,1.7413,-1.5838,False,False,4.1563,8.3746
2016-03-01,34.3900,1.0530,1.0840,44.2260,45.5280,10.2700,14.3728,1.7644,-2.3254,False,False,3.1080,7.2537
2016-03-02,34.5700,1.0620,1.0930,44.6040,45.9060,10.4680,14.3289,1.8160,-2.1261,False,False,3.2178,7.4067
2016-03-03,34.5600,1.0280,1.1100,43.1760,46.6200,9.7640,14.2874,1.8605,-2.4312,False,False,2.8326,6.9581
2016-03-04,35.9100,1.0410,1.1550,43.7220,48.5100,9.4080,14.2411,1.9197,-2.5176,False,False,2.5042,6.7045
2016-03-07,37.9000,1.0970,1.2110,46.0740,50.8620,9.7700,14.1927,1.9849,-2.2281,False,False,2.5306,6.9344
2016-03-08,36.6700,1.0970,1.1870,46.0740,49.8540,10.6640,14.1515,2.0371,-1.7119,False,False,3.2073,7.6327
2016-03-09,37.6200,1.1850,1.2190,49.7700,51.1980,12.6260,14.1070,2.0689,-0.7159,False,False,4.3044,9.0484
2016-03-10,37.7700,1.1730,1.2200,49.2660,51.2400,12.1540,14.0830,2.0733,-0.9304,False,False,4.0001,8.6954
2016-03-11,38.5100,1.1820,1.2190,49.6440,51.1980,11.6520,14.0435,2.0759,-1.1520,False,False,3.5821,8.2492
2016-03-14,37.2000,1.1570,1.1980,48.5940,50.3160,11.9680,13.9994,2.0841,-0.9747,False,False,3.9306,8.5502
2016-03-15,36.3200,1.1510,1.1810,48.3420,49.6020,12.4420,13.9594,2.0881,-0.7267,False,False,4.3157,8.9312
2016-03-16,38.4300,1.1850,1.2280,49.7700,51.5760,11.9420,13.9115,2.0729,-0.9501,False,False,3.7873,8.4970
2016-03-17,40.1700,1.2050,1.2480,50.6100,52.4160,11.0420,13.8584,2.0614,-1.3662,False,False,3.0196,7.7248
2016-03-18,39.4700,1.2090,1.2500,50.7780,52.5000,11.8820,13.8012,2.0673,-0.9283,False,False,3.6364,8.4133
2016-03-21,39.9100,1.2320,1.2410,51.7440,52.1220,11.9600,13.7561,2.0645,-0.8700,False,False,3.5961,8.3909
2016-03-22,41.4500,1.2730,1.2500,53.4660,52.5000,11.6940,13.7217,2.0683,-0.9804,False,False,3.2166,8.0602
2016-03-23,38.2800,1.2860,1.2050,54.0120,50.6100,14.5980,13.6879,2.0763,0.4383,False,False,5.3559,10.3486
2016-03-24,38.1400,1.3210,1.1990,55.4820,50.3580,15.6340,13.6935,2.0780,0.9338,False,False,5.9866,11.0897
2016-03-28,37.9900,1.3260,1.1810,55.6920,49.6020,15.6720,13.7083,2.0870,0.9409,False,False,5.9948,11.0731
2016-03-29,36.9100,1.3230,1.1620,55.5660,48.8040,16.4020,13.7112,2.0897,1.2877,False,False,6.5603,11.6537
2016-03-30,36.9100,1.3690,1.1620,57.4980,48.8040,17.6900,13.7179,2.0973,1.8939,False,False,7.3332,12.5810
2016-03-31,36.9400,1.3510,1.1760,56.7420,49.3920,17.3520,13.7295,2.1162,1.7118,False,False,7.1551,12.3814
2016-04-01,35.3600,1.3210,1.1340,55.4820,47.6280,17.5040,13.7238,2.1057,1.7952,False,False,7.4030,12.5235
2016-04-04,34.3000,1.3150,1.0740,55.2300,45.1080,17.5560,13.7252,2.1082,1.8171,False,False,7.4725,12.4760
2016-04-05,34.5200,1.3220,1.0630,55.5240,44.6460,17.3780,13.7360,2.1252,1.7138,False,False,7.3085,12.2866
2016-04-06,37.7400,1.3390,1.1270,56.2380,47.3340,15.5300,13.7448,2.1386,0.8348,False,False,5.8350,10.8169
2016-04-07,37.3000,1.3320,1.1030,55.9440,46.3260,15.4380,13.7368,2.1306,0.7984,False,False,5.7976,10.7184
2016-04-08,39.7400,1.4240,1.1860,59.8080,49.8120,16.7360,13.7200,2.1110,1.4287,False,False,6.3725,11.6635
2016-04-11,40.4600,1.4680,1.2070,61.6560,50.6940,17.5420,13.7027,2.0796,1.8461,False,False,6.7886,12.2352
2016-04-12,42.1200,1.4890,1.2750,62.5380,53.5500,17.4220,13.7184,2.1031,1.7610,False,False,6.6021,12.1946
2016-04-13,41.7000,1.4830,1.2610,62.2860,52.9620,17.4780,13.7490,2.1365,1.7454,False,False,6.6714,12.2341
2016-04-14,41.4500,1.4640,1.2560,61.4880,52.7520,17.1260,13.7759,2.1678,1.5454,False,False,6.4885,11.9914
2016-04-15,40.4000,1.4260,1.2370,59.8920,51.9540,16.8460,13.8095,2.1958,1.3829,False,False,6.4433,11.8414
2016-04-18,39.7400,1.4000,1.2460,58.8000,52.3320,16.9040,13.8454,2.2186,1.3786,False,False,6.5993,11.9860
2016-04-19,40.8800,1.4510,1.2670,60.9420,53.2140,17.4860,13.8706,2.2402,1.6139,False,False,6.8159,12.3502
2016-04-20,42.7200,1.4620,1.3310,61.4040,55.9020,16.8500,13.8909,2.2645,1.3067,False,False,6.2835,11.9050
2016-04-21,43.1800,1.4910,1.3120,62.6220,55.1040,16.9360,13.9044,2.2785,1.3305,False,False,6.2239,11.8524
2016-04-22,42.7600,1.5040,1.3140,63.1680,55.1880,17.7480,13.9395,2.3005,1.6555,False,False,6.7804,12.4900
2016-04-25,41.6700,1.4890,1.3050,62.5380,54.8100,18.2920,13.9907,2.3331,1.8436,False,False,7.2569,12.9713
2016-04-26,42.5200,1.5420,1.3370,64.7640,56.1540,19.3740,14.0293,2.3749,2.2505,True,True,7.8415,13.7644
2016-04-27,45.2900,1.5550,1.3810,65.3100,58.0020,17.5840,14.0692,2.4334,1.4444,False,False,6.4306,12.3187
2016-04-28,46.0300,1.5690,1.3950,65.8980,58.5900,17.4320,14.0838,2.4505,1.3663,False,False,6.2540,12.1749
2016-04-29,45.9800,1.5710,1.3850,65.9820,58.1700,17.3980,14.1217,2.4755,1.3235,False,False,6.2204,12.1224
2016-05-02,44.7500,1.5350,1.3560,64.4700,56.9520,17.2140,14.1827,2.4878,1.2185,False,False,6.2398,12.0277
2016-05-03,43.6500,1.4930,1.3360,62.7060,56.1120,16.8580,14.2169,2.5080,1.0530,False,False,6.1547,11.8252
2016-05-04,43.7700,1.4780,1.3370,62.0760,56.1540,16.3320,14.2568,2.5212,0.8231,False,False,5.8225,11.4367
2016-05-05,44.3300,1.4740,1.3300,61.9080,55.8600,15.5620,14.2906,2.5283,0.5029,False,False,5.2591,10.7971
2016-05-06,44.5800,1.4810,1.3340,62.2020,56.0280,15.5640,14.3139,2.5303,0.4941,False,False,5.2299,10.7845
2016-05-09,43.4500,1.4130,1.2800,59.3460,53.7600,14.0340,14.3322,2.5333,-0.1177,False,False,4.3736,9.6258
2016-05-10,44.6800,1.4600,1.3400,61.3200,56.2800,14.9600,14.3373,2.5322,0.2459,False,False,4.8646,10.3588
2016-05-11,46.2100,1.5450,1.3930,64.8900,58.5060,16.5520,14.3545,2.5311,0.8682,False,False,5.6940,11.5148
2016-05-12,46.6400,1.5480,1.3910,65.0160,58.4220,16.1780,14.3894,2.5395,0.7043,False,False,5.3987,11.1915
2016-05-13,46.2200,1.5580,1.4020,65.4360,58.8840,17.0320,14.4053,2.5462,1.0316,False,False,5.9993,11.8896
2016-05-16,47.7200,1.5890,1.4410,66.7380,60.5220,16.9460,14.4322,2.5610,0.9816,False,False,5.7971,11.7937
2016-05-17,48.2900,1.6440,1.4720,69.0480,61.8240,18.3500,14.4724,2.5717,1.5078,False,False,6.6163,12.8460
2016-05-18,48.1200,1.6270,1.4770,68.3340,62.0340,18.1140,14.5237,2.6023,1.3797,False,False,6.5115,12.7116
2016-05-19,48.1600,1.6310,1.4700,68.5020,61.7400,18.0880,14.5841,2.6218,1.3365,False,False,6.4750,12.6650
2016-05-20,47.6700,1.6180,1.4900,67.9560,62.5800,18.4940,14.6350,2.6447,1.4591,False,False,6.8365,13.0784
2016-05-23,48.1200,1.6280,1.4750,68.3760,61.9500,18.1140,14.6872,2.6738,1.2816,False,False,6.5073,12.7049
2016-05-24,48.0400,1.6390,1.5000,68.8380,63.0000,18.8520,14.7504,2.6869,1.5265,False,False,7.0150,13.3290
2016-05-25,49.1000,1.6290,1.5110,68.4180,63.4620,17.6660,14.8220,2.7092,1.0497,False,False,6.1622,12.3955
2016-05-26,49.0000,1.5970,1.4940,67.0740,62.7480,16.6320,14.8801,2.7136,0.6456,False,False,5.5216,11.6049
2016-05-27,49.3600,1.6370,1.4920,68.7540,62.6640,17.3640,14.9150,2.7156,0.9018,False,False,5.9008,12.0856
2016-05-31,49.1000,1.5900,1.4850,66.7800,62.3700,16.2100,14.9430,2.7277,0.4645,False,False,5.2340,11.2598
2016-06-01,49.0700,1.6110,1.5030,67.6620,63.1260,17.0800,14.9812,2.7211,0.7713,False,False,5.7985,11.9500
2016-06-02,49.1400,1.6070,1.4880,67.4940,62.4960,16.6880,15.0272,2.7212,0.6103,False,False,5.5209,11.6096
2016-06-03,48.6900,1.5830,1.4820,66.4860,62.2440,16.3820,15.0782,2.7088,0.4813,False,False,5.3944,11.4187
2016-06-06,49.7100,1.5650,1.4900,65.7300,62.5800,14.9700,15.1032,2.7104,-0.0491,False,False,4.4059,10.3167
2016-06-07,50.3700,1.5700,1.5350,65.9400,64.4700,15.0800,15.1361,2.6904,-0.0209,False,False,4.4641,10.4745
2016-06-08,51.2300,1.6040,1.5710,67.3680,65.9820,15.6760,15.1578,2.6820,0.1932,False,False,4.7641,10.9300
2016-06-09,50.5200,1.5910,1.5460,66.8220,64.9320,15.6720,15.1824,2.6765,0.1829,False,False,4.8192,10.9212
2016-06-10,49.0900,1.5340,1.5120,64.4280,63.5040,15.0300,15.1968,2.6756,-0.0623,False,False,4.5842,10.5020
2016-06-13,48.8900,1.5010,1.5030,63.0420,63.1260,14.1800,15.2213,2.6639,-0.3909,False,False,4.0863,9.8818
2016-06-14,48.4900,1.4620,1.4970,61.4040,62.8740,13.4040,15.2403,2.6502,-0.6929,False,False,3.6701,9.3469
2016-06-15,47.9200,1.4440,1.4670,60.6480,61.6140,13.0500,15.2454,2.6463,-0.8296,False,False,3.4831,9.0539
2016-06-16,46.1400,1.4010,1.4190,58.8420,59.5980,12.9540,15.2497,2.6424,-0.8688,False,False,3.6006,9.0193
2016-06-17,48.0000,1.4430,1.4810,60.6060,62.2020,13.1380,15.2522,2.6401,-0.8008,False,False,3.5529,9.1555
2016-06-20,49.4000,1.5110,1.5150,63.4620,63.6300,14.1180,15.2621,2.6305,-0.4349,False,False,3.9953,9.8214
2016-06-21,48.9500,1.4940,1.5020,62.7480,63.0840,13.9100,15.2698,2.6261,-0.5178,False,False,3.9129,9.6774
2016-06-22,49.1600,1.4870,1.4870,62.4540,62.4540,13.2940,15.2557,2.6299,-0.7459,False,False,3.4793,9.1604
2016-06-23,49.3400,1.5170,1.5170,63.7140,63.7140,14.3740,15.2353,2.6379,-0.3265,False,False,4.1624,10.0190
2016-06-24,46.7000,1.4440,1.4560,60.6480,61.1520,14.1160,15.2500,2.6294,-0.4313,False,False,4.2887,9.9187
2016-06-27,45.8000,1.4190,1.4180,59.5980,59.5560,13.7840,15.2656,2.6185,-0.5658,False,False,4.1492,9.6510
2016-06-28,47.9300,1.4410,1.4510,60.5220,60.9420,12.7320,15.2078,2.5930,-0.9548,False,False,3.2572,8.7701
2016-06-29,49.8500,1.4660,1.5130,61.5720,63.5460,12.3800,15.1354,2.5702,-1.0721,False,False,2.8785,8.5138
2016-06-30,48.2700,1.4300,1.4560,60.0600,61.1520,12.1540,15.0643,2.5569,-1.1382,False,False,2.8681,8.3333
2016-07-01,49.0200,1.4530,1.4960,61.0260,62.8320,12.6080,15.0893,2.5171,-0.9858,False,False,3.1083,8.7121
2016-07-05,46.7300,1.3580,1.4310,57.0360,60.1020,11.3280,15.0859,2.5202,-1.4911,False,False,2.5588,7.8240
2016-07-06,47.3700,1.4000,1.4590,58.8000,61.2780,12.2560,15.0690,2.5402,-1.1074,False,False,3.0752,8.5159
2016-07-07,45.2200,1.3240,1.3970,55.6080,58.6740,11.4100,15.0748,2.5332,-1.4467,False,False,2.7706,7.9349
2016-07-08,45.3700,1.3280,1.3750,55.7760,57.7500,11.0640,15.0722,2.5368,-1.5800,False,False,2.4936,7.5954
2016-07-11,44.7300,1.3360,1.3730,56.1120,57.6660,11.9000,15.0810,2.5214,-1.2616,False,False,3.0902,8.2610
2016-07-12,46.8200,1.3760,1.4380,57.7920,60.3960,11.8400,15.0969,2.4966,-1.3045,False,False,2.8667,8.2063
2016-07-13,44.8700,1.3760,1.4380,57.7920,60.3960,13.7900,15.1200,2.4565,-0.5414,False,False,4.3390,9.8248
2016-07-14,45.6400,1.3660,1.3820,57.3720,58.0440,11.9560,15.1687,2.3852,-1.3469,False,False,3.0016,8.2314
2016-07-15,45.9300,1.3870,1.3760,58.2540,57.7920,12.1700,15.1930,2.3408,-1.2914,False,False,3.0724,8.3335
2016-07-18,45.2300,1.3510,1.3570,56.7420,56.9940,11.5960,15.2097,2.3136,-1.5619,False,False,2.7967,7.9333
2016-07-19,44.6400,1.3410,1.3600,56.3220,57.1200,11.9480,15.1983,2.3289,-1.3956,False,False,3.1056,8.2618
2016-07-20,44.9600,1.3290,1.3700,55.8180,57.5400,11.4320,15.1960,2.3320,-1.6141,False,False,2.7674,7.8886
2016-07-21,43.9600,1.3200,1.3370,55.4400,56.1540,11.7180,15.1935,2.3358,-1.4880,False,False,3.0247,8.0937
2016-07-22,43.4100,1.3310,1.3310,55.9020,55.9020,12.4920,15.1908,2.3398,-1.1534,False,False,3.5618,8.6913
2016-07-25,42.4000,1.3200,1.2820,55.4400,53.8440,12.5080,15.1913,2.3391,-1.1471,False,False,3.6250,8.6493
2016-07-26,42.1600,1.3430,1.2820,56.4060,53.8440,13.3920,15.1976,2.3311,-0.7746,False,False,4.1926,9.3122
2016-07-27,41.9000,1.3170,1.2780,55.3140,53.6760,12.8680,15.2237,2.2973,-1.0254,False,False,3.9101,8.9500
2016-07-28,41.1300,1.2980,1.2580,54.5160,52.8360,12.8260,15.2347,2.2837,-1.0547,False,False,3.9622,8.9373
2016-07-29,41.5400,1.3230,1.2620,55.5660,53.0040,13.1720,15.2443,2.2717,-0.9122,False,False,4.1147,9.1548
2016-08-01,40.0500,1.3070,1.2500,54.8940,52.5000,14.0460,15.2607,2.2512,-0.5396,False,False,4.8449,9.9076
2016-08-02,39.5000,1.2980,1.2260,54.5160,51.4920,14.0080,15.2546,2.2537,-0.5531,False,False,4.8569,9.8601
2016-08-03,40.8000,1.3430,1.2610,56.4060,52.9620,14.4580,15.2365,2.2571,-0.3449,False,False,4.9989,10.1587
2016-08-04,41.9200,1.3470,1.3050,56.5740,54.8100,14.0660,15.2230,2.2581,-0.5124,False,False,4.6825,9.9011
2016-08-05,41.8300,1.3590,1.3060,57.0780,54.8520,14.5060,15.1971,2.2579,-0.3061,False,False,4.9626,10.2312
2016-08-08,43.0600,1.3320,1.3250,55.9440,55.6500,12.7860,15.1617,2.2434,-1.0590,False,False,3.7798,8.9213
2016-08-09,42.7800,1.3140,1.3170,55.1880,55.3140,12.4500,15.1110,2.2449,-1.1853,False,False,3.6048,8.6833
2016-08-10,41.7500,1.2780,1.2950,53.6760,54.3900,12.1640,15.0548,2.2476,-1.2862,False,False,3.5466,8.5168
2016-08-11,43.5100,1.3420,1.3570,56.3640,56.9940,13.0640,14.9949,2.2520,-0.8574,False,False,3.9440,9.1795
2016-08-12,44.4700,1.3580,1.3900,57.0360,58.3800,13.0140,14.9470,2.2466,-0.8604,False,False,3.8346,9.1488
2016-08-15,45.7200,1.3870,1.4400,58.2540,60.4800,13.2760,14.9190,2.2548,-0.7287,False,False,3.9030,9.3679
2016-08-16,46.5700,1.4080,1.4520,59.1360,60.9840,13.1820,14.8950,2.2607,-0.7577,False,False,3.7400,9.2471
2016-08-17,46.8100,1.4390,1.4790,60.4380,62.1180,14.1880,14.8555,2.2592,-0.2954,False,False,4.3632,10.0357
2016-08-18,48.2000,1.4760,1.5140,61.9920,63.5880,14.3240,14.8182,2.2422,-0.2204,False,False,4.3028,10.0983
2016-08-19,48.4800,1.4970,1.5020,62.8740,63.0840,14.4640,14.7838,2.2257,-0.1437,False,False,4.3182,10.1280
2016-08-22,46.8000,1.4700,1.4720,61.7400,61.8240,14.9680,14.7503,2.2075,0.0986,False,False,4.8180,10.5749
2016-08-23,47.5400,1.4160,1.4800,59.4720,62.1600,12.8280,14.7263,2.1932,-0.8655,False,False,3.4361,8.9796
2016-08-24,46.2900,1.3960,1.4730,58.6320,61.8660,13.4200,14.6817,2.1905,-0.5760,False,False,3.9704,9.5198
2016-08-25,46.9700,1.4140,1.5020,59.3880,63.0840,13.6500,14.6430,2.1817,-0.4551,False,False,4.0639,9.7080
2016-08-26,47.6400,1.4220,1.4870,59.7240,62.4540,12.9940,14.6004,2.1631,-0.7426,False,False,3.5349,9.1116
2016-08-29,46.9700,1.3950,1.4800,58.5900,62.1600,12.8100,14.5575,2.1563,-0.8104,False,False,3.5136,9.0293
2016-08-30,46.3200,1.3720,1.4640,57.6240,61.4880,12.5920,14.5117,2.1491,-0.8932,False,False,3.4500,8.8901
2016-08-31,44.6800,1.3360,1.3980,56.1120,58.7160,12.3000,14.4544,2.1307,-1.0111,False,False,3.3904,8.6385
2016-09-01,43.1700,1.3700,1.3770,57.5400,57.8340,14.4680,14.3878,2.1032,0.0381,False,False,4.8812,10.2950
2016-09-02,44.3900,1.3800,1.3900,57.9600,58.3800,13.7100,14.3333,2.0358,-0.3062,False,False,4.2645,9.6587
2016-09-05,44.3900,1.3800,1.3900,57.9600,58.3800,13.7100,14.2902,2.0073,-0.2891,False,False,4.2645,9.6587
2016-09-06,44.8500,1.3840,1.3950,58.1280,58.5900,13.4320,14.2489,1.9803,-0.4125,False,False,4.0369,9.4247
2016-09-07,45.4700,1.4150,1.4100,59.4300,59.2200,13.8900,14.2048,1.9537,-0.1611,False,False,4.2471,9.7367
2016-09-08,47.6300,1.4630,1.4550,61.4460,61.1100,13.7040,14.1679,1.9277,-0.2406,False,False,3.8953,9.5164
2016-09-09,45.8800,1.4240,1.4140,59.8080,59.3880,13.7880,14.1328,1.9071,-0.1808,False,False,4.1308,9.6316
2016-09-12,46.2800,1.4390,1.4170,60.4380,59.5140,13.8500,14.1046,1.8931,-0.1345,False,False,4.1123,9.6423
2016-09-13,44.9100,1.3940,1.4090,58.5480,59.1780,13.8480,14.0856,1.8869,-0.1259,False,False,4.3067,9.7647
2016-09-14,43.6200,1.3830,1.3720,58.0860,57.6240,14.3120,14.0665,1.8805,0.1306,False,False,4.7073,10.1164
2016-09-15,43.8500,1.4320,1.3940,60.1440,58.5480,15.7620,14.0696,1.8807,0.8999,False,False,5.5878,11.2090
2016-09-16,43.0400,1.5490,1.3930,65.0580,58.5060,19.8340,14.0785,1.8868,3.0504,True,True,8.1545,14.2266
2016-09-19,43.3400,1.5010,1.3940,63.0420,58.5480,18.2040,14.1150,1.9644,2.0816,True,False,7.1321,13.0233
2016-09-20,43.8500,1.4090,1.3960,59.1780,58.6320,15.1460,14.1375,1.9992,0.5045,False,False,5.2225,10.7722
2016-09-21,45.3300,1.4400,1.4270,60.4800,59.9340,14.9680,14.1165,1.9785,0.4304,False,False,4.9513,10.5854
2016-09-22,46.1000,1.4340,1.4370,60.2280,60.3540,14.1700,14.0945,1.9578,0.0385,False,False,4.3742,9.9597
2016-09-23,44.3600,1.4180,1.3990,59.5560,58.7580,14.9300,14.0481,1.9052,0.4629,False,False,5.0201,10.5706
2016-09-26,45.6000,1.4180,1.4270,59.5560,59.9340,14.0820,14.0127,1.8584,0.0373,False,False,4.3779,9.9178
2016-09-27,44.6500,1.4540,1.3980,61.0680,58.7160,15.6340,13.9682,1.8075,0.9216,False,False,5.3955,11.0423
2016-09-28,47.0700,1.5280,1.4760,64.1760,61.9920,16.3780,13.9364,1.7519,1.3936,False,False,5.6305,11.5738
2016-09-29,47.7200,1.5300,1.5020,64.2600,63.0840,16.1480,13.9171,1.7150,1.3008,False,False,5.4464,11.4241
2016-09-30,47.7200,1.4980,1.5230,62.9160,63.9660,15.5460,13.8871,1.6508,1.0049,False,False,5.1293,11.0612
2016-10-03,48.8000,1.5100,1.5450,63.4200,64.8900,15.1100,13.8635,1.6113,0.7736,False,False,4.7465,10.7024
2016-10-04,48.6700,1.5340,1.5470,64.4280,64.9740,15.9400,13.8466,1.5900,1.3166,False,False,5.2689,11.3210
2016-10-05,49.7500,1.5190,1.5700,63.7980,65.9400,14.7620,13.8308,1.5618,0.5962,False,False,4.4429,10.4313
2016-10-06,50.4400,1.4920,1.6000,62.6640,67.2000,13.7360,13.8147,1.5446,-0.0510,False,False,3.7834,9.7175
2016-10-07,49.7600,1.4730,1.5720,61.8660,66.0240,13.4920,13.7776,1.5053,-0.1897,False,False,3.6836,9.5226
2016-10-10,49.7600,1.4730,1.5720,61.8660,66.0240,13.4920,13.7420,1.4736,-0.1697,False,False,3.6836,9.5226
2016-10-11,50.7200,1.5010,1.5810,63.0420,66.4020,13.4420,13.7099,1.4469,-0.1852,False,False,3.5237,9.4112
2016-10-12,50.1400,1.4790,1.5600,62.1180,65.5200,13.1120,13.6930,1.4410,-0.4032,False,False,3.3715,9.1668
2016-10-13,50.4700,1.5200,1.5630,63.8400,65.6460,13.9720,13.6711,1.4347,0.2097,False,False,3.8427,9.7598
2016-10-14,50.3500,1.5410,1.5550,64.7220,65.3100,14.5680,13.6522,1.4193,0.6453,False,False,4.2020,10.1753
2016-10-17,49.9700,1.5390,1.5450,64.6380,64.8900,14.7520,13.6399,1.4065,0.7907,False,False,4.3503,10.3159
2016-10-18,50.3000,1.5420,1.5590,64.7640,65.4780,14.7020,13.6368,1.4037,0.7588,False,False,4.2986,10.2907
2016-10-19,51.5900,1.5520,1.5760,65.1840,66.1920,13.9300,13.6426,1.4071,0.2043,False,False,3.6711,9.6501
2016-10-20,50.3100,1.5380,1.5510,64.5960,65.1420,14.4680,13.6484,1.4071,0.5824,False,False,4.1399,10.0942
2016-10-21,50.6100,1.5740,1.5660,66.1080,65.7720,15.3860,13.6642,1.4083,1.2226,False,False,4.6757,10.7726
2016-10-24,50.1800,1.5390,1.5740,64.6380,66.1080,14.9480,13.6912,1.4177,0.8865,False,False,4.4963,10.5314
2016-10-25,49.4500,1.5410,1.5650,64.7220,65.7300,15.6080,13.7113,1.4225,1.3333,False,False,4.9865,11.0567
2016-10-26,48.7500,1.5330,1.5540,64.3860,65.2680,15.9300,13.7279,1.4358,1.5337,False,False,5.2651,11.3285
2016-10-27,49.7100,1.5320,1.5630,64.3440,65.6460,15.0680,13.7503,1.4541,0.9062,False,False,4.6181,10.6325
2016-10-28,48.7200,1.5240,1.5430,64.0080,64.8060,15.5540,13.7700,1.4598,1.2220,False,False,5.0211,11.0242
2016-10-31,46.8300,1.4980,1.4840,62.9160,62.3280,15.8900,13.7832,1.4705,1.4328,False,False,5.3918,11.2757
2016-11-02,45.3200,1.5800,1.4720,66.3600,61.8240,19.5280,13.8029,1.4866,3.8512,True,True,7.7834,14.0209
2016-11-03,44.6600,1.5450,1.4510,64.8900,60.9420,18.9140,13.8667,1.6031,3.1484,True,False,7.4732,13.5808
2016-11-04,44.0700,1.4990,1.4260,62.9580,59.8920,17.8660,13.9354,1.6835,2.3348,True,False,6.8834,12.8072
2016-11-07,44.8800,1.4800,1.4380,62.1600,60.3960,16.6920,13.9963,1.7249,1.5628,False,False,6.0786,11.9131
2016-11-08,44.9600,1.4870,1.4280,62.4540,59.9760,16.6680,14.0468,1.7366,1.5095,False,False,6.0308,11.8534
2016-11-09,45.2000,1.4780,1.4360,62.0760,60.3120,16.2880,14.0919,1.7513,1.2540,False,False,5.7824,11.5803
2016-11-10,44.6200,1.4450,1.4160,60.6900,59.4720,15.6640,14.1470,1.7414,0.8711,False,False,5.4559,11.1276
2016-11-11,43.3900,1.4040,1.3880,58.9680,58.2960,15.3540,14.1848,1.7370,0.6731,False,False,5.4017,10.9457
2016-11-14,43.2900,1.3850,1.3790,58.1700,57.9180,14.7960,14.2287,1.7160,0.3306,False,False,5.0635,10.5247
2016-11-15,45.8600,1.3970,1.4370,58.6740,60.3540,13.3740,14.2701,1.6838,-0.5322,False,False,3.9338,9.4130
2016-11-16,45.5600,1.3750,1.4210,57.7500,59.6820,12.8340,14.2865,1.6678,-0.8709,False,False,3.6227,9.0034
2016-11-17,45.3700,1.3930,1.4310,58.5060,60.1020,13.6680,14.2976,1.6548,-0.3804,False,False,4.1735,9.6584
2016-11-18,45.6900,1.3930,1.4490,58.5060,60.8580,13.6000,14.2962,1.6553,-0.4206,False,False,4.1210,9.6347
2016-11-21,47.4800,1.4550,1.5230,61.1100,63.9660,14.5820,14.3145,1.6383,0.1633,False,False,4.5881,10.3935
2016-11-22,48.0700,1.4580,1.5270,61.2360,64.1340,14.1320,14.3413,1.6227,-0.1290,False,False,4.2351,10.0181
2016-11-23,46.7200,1.4790,1.5100,62.1180,63.4200,15.8320,14.3694,1.5966,0.9161,False,False,5.4286,11.3334
2016-11-25,46.7200,1.4790,1.5100,62.1180,63.4200,15.8320,14.4126,1.5830,0.8967,False,False,5.4286,11.3334
2016-11-28,45.6600,1.4640,1.5010,61.4880,63.0420,16.3460,14.4615,1.5579,1.2096,False,False,5.8824,11.7899
2016-11-29,45.2900,1.4380,1.4630,60.3960,61.4460,15.4560,14.5129,1.5428,0.6113,False,False,5.3259,11.0621
2016-11-30,49.4100,1.5360,1.5560,64.5120,65.3520,15.3820,14.5458,1.5309,0.5462,False,False,4.8383,10.8681
2016-12-01,51.0800,1.6000,1.6360,67.2000,68.7120,16.6240,14.5778,1.5180,1.3480,False,False,5.4926,11.8474
2016-12-02,51.7000,1.6060,1.6500,67.4520,69.3000,16.3680,14.6137,1.5277,1.1483,False,False,5.2723,11.6420
2016-12-05,51.7200,1.6050,1.6280,67.4100,68.3760,16.0120,14.6526,1.5273,0.8901,False,False,5.0094,11.3095
2016-12-06,50.9500,1.5840,1.6040,66.5280,67.3680,15.8580,14.6880,1.5215,0.7690,False,False,4.9860,11.2027
2016-12-07,49.8500,1.5650,1.5880,65.7300,66.6960,16.2020,14.7178,1.5178,0.9778,False,False,5.3292,11.5176
2016-12-08,50.8400,1.5610,1.5960,65.5620,67.0320,15.2120,14.7418,1.5240,0.3085,False,False,4.5986,10.7228
2016-12-09,51.5100,1.5590,1.6090,65.4780,67.5780,14.6680,14.7552,1.5228,-0.0572,False,False,4.1957,10.3011
2016-12-12,52.7400,1.5980,1.6460,67.1160,69.1320,15.0480,14.7575,1.5225,0.1908,False,False,4.3107,10.5637
2016-12-13,52.9900,1.6040,1.6400,67.3680,68.8800,14.8820,14.7684,1.5210,0.0747,False,False,4.1598,10.3965
2016-12-14,51.0100,1.5900,1.6140,66.7800,67.7880,16.1060,14.7726,1.5208,0.8768,False,False,5.1465,11.4083
2016-12-15,50.9000,1.5990,1.6180,67.1580,67.9560,16.5240,14.8095,1.5124,1.1336,False,False,5.4227,11.7348
2016-12-16,51.9300,1.6230,1.6500,68.1660,69.3000,16.6140,14.8547,1.5021,1.1712,False,False,5.3843,11.7938
2016-12-19,52.1300,1.6220,1.6370,68.1240,68.7540,16.2040,14.9042,1.4858,0.8748,False,False,5.0800,11.4329
2016-12-20,52.2200,1.6580,1.6430,69.6360,69.0060,17.2060,14.9391,1.4791,1.5327,False,False,5.6798,12.1646
2016-12-21,51.4400,1.6600,1.6180,69.7200,67.9560,17.6920,14.9856,1.4837,1.8241,False,False,6.0398,12.5163
2016-12-22,51.9800,1.6600,1.6430,69.7200,69.0060,17.5020,15.0347,1.4993,1.6456,False,False,5.8946,12.4041
2016-12-23,52.0100,1.6740,1.6590,70.3080,69.6780,18.0880,15.0827,1.5083,1.9925,False,False,6.2751,12.8765
2016-12-27,52.8200,1.7110,1.6910,71.8620,71.0220,18.7620,15.1260,1.5377,2.3645,True,True,6.6212,13.3802
2016-12-28,54.0100,1.7390,1.6940,73.0380,71.1480,18.3980,15.1754,1.5817,2.0374,True,False,6.2247,12.9973
2016-12-29,53.8000,1.7290,1.7000,72.6180,71.4000,18.4120,15.2191,1.6155,1.9765,False,False,6.2782,13.0506
2016-12-30,53.7500,1.7220,1.7070,72.3240,71.6940,18.3640,15.2573,1.6495,1.8834,False,False,6.2719,13.0451
2017-01-03,52.3600,1.6820,1.6610,70.6440,69.7620,17.9900,15.3188,1.6610,1.6082,False,False,6.1663,12.7742
2017-01-04,53.2600,1.6970,1.6660,71.2740,69.9720,17.5800,15.3696,1.6720,1.3220,False,False,5.7913,12.3968
2017-01-05,53.7700,1.6950,1.6740,71.1900,70.3080,17.1260,15.4133,1.6778,1.0208,False,False,5.4566,12.0407
2017-01-06,53.9800,1.6800,1.6750,70.5600,70.3500,16.5100,15.4592,1.6675,0.6302,False,False,5.0566,11.5774
2017-01-09,51.9500,1.6150,1.6130,67.8300,67.7460,15.8520,15.5003,1.6471,0.2135,False,False,4.8462,11.1186
2017-01-10,50.8200,1.5770,1.5850,66.2340,66.5700,15.5260,15.5365,1.6184,-0.0065,False,False,4.7670,10.9141
2017-01-11,52.1900,1.6350,1.6310,68.6700,68.5020,16.4240,15.5724,1.5816,0.5385,False,False,5.1901,11.5645
2017-01-12,53.0100,1.6590,1.6510,69.6780,69.3420,16.5560,15.5941,1.5797,0.6089,False,False,5.1841,11.6366
2017-01-13,52.3600,1.6540,1.6340,69.4680,68.6280,16.8280,15.6257,1.5701,0.7657,False,False,5.4124,11.8468
2017-01-17,52.4500,1.6440,1.6290,69.0480,68.4180,16.3880,15.6604,1.5618,0.4659,False,False,5.1240,11.5033
2017-01-18,51.1200,1.5940,1.5940,66.9480,66.9480,15.8280,15.6932,1.5456,0.0872,False,False,4.9206,11.1288
2017-01-19,51.3900,1.5790,1.5880,66.3180,66.6960,15.0540,15.7148,1.5338,-0.4308,False,False,4.4017,10.5217
2017-01-20,52.3300,1.6060,1.6130,67.4520,67.7460,15.2200,15.7298,1.5206,-0.3352,False,False,4.4081,10.6218
2017-01-23,52.7700,1.6000,1.5960,67.2000,67.0320,14.3740,15.7457,1.5077,-0.9098,False,False,3.7966,9.9071
2017-01-24,52.3800,1.5940,1.6050,66.9480,67.4100,14.7220,15.7515,1.5013,-0.6857,False,False,4.0848,10.2308
2017-01-25,52.1400,1.5520,1.5830,65.1840,66.4860,13.4780,15.7612,1.4918,-1.5305,False,False,3.3294,9.2876
2017-01-26,53.2400,1.5700,1.6070,65.9400,67.4940,13.2180,15.7519,1.5033,-1.6856,False,False,3.0533,9.0601
2017-01-27,53.1800,1.5560,1.5790,65.3520,66.3180,12.4940,15.7237,1.5266,-2.1156,False,False,2.5694,8.4513
2017-01-30,52.6300,1.5280,1.5780,64.1760,66.2760,12.2460,15.6421,1.5007,-2.2631,False,False,2.5038,8.3299
2017-01-31,52.7500,1.5550,1.5940,65.3100,66.9480,13.1060,15.5759,1.5175,-1.6276,False,False,3.0348,8.9897
2017-02-01,53.9000,1.6050,1.6480,67.4100,69.2160,14.1120,15.5532,1.5388,-0.9366,False,False,3.5735,9.7689
2017-02-02,53.5500,1.5670,1.6380,65.8140,68.7960,13.2580,15.5437,1.5451,-1.4794,False,False,3.0943,9.1589
2017-02-03,53.8100,1.5610,1.6470,65.5620,69.1740,12.9560,15.5336,1.5570,-1.6555,False,False,2.8918,8.9431
2017-02-06,53.0100,1.5080,1.6200,63.3360,68.0400,11.8940,15.5117,1.5791,-2.2910,False,False,2.3219,8.1758
2017-02-07,52.1900,1.4830,1.5930,62.2860,66.9060,11.6360,15.4874,1.6173,-2.3814,False,False,2.2375,7.9895
2017-02-08,52.3700,1.5460,1.6070,64.9320,67.4940,13.4160,15.4429,1.6668,-1.2161,False,False,3.3070,9.2983
2017-02-09,52.9900,1.5640,1.6220,65.6880,68.1240,13.5100,15.4100,1.6772,-1.1328,False,False,3.2987,9.3482
2017-02-10,53.8400,1.5810,1.6450,66.4020,69.0900,13.4580,15.3807,1.6871,-1.1397,False,False,3.1841,9.2946
2017-02-13,52.9600,1.5560,1.6040,65.3520,67.3680,13.0640,15.3575,1.6990,-1.3499,False,False,2.9980,8.9699
2017-02-14,53.2100,1.5520,1.6120,65.1840,67.7040,12.8140,15.3348,1.7157,-1.4692,False,False,2.8261,8.7893
2017-02-15,53.1100,1.5650,1.6030,65.7300,67.3260,13.1520,15.3000,1.7347,-1.2383,False,False,3.0254,9.0134
2017-02-16,53.4100,1.5390,1.6000,64.6380,67.2000,12.0820,15.2822,1.7484,-1.8304,False,False,2.3306,8.1999
2017-02-17,53.4100,1.5250,1.6150,64.0500,67.8300,11.9000,15.2638,1.7730,-1.8972,False,False,2.2529,8.1193
2017-02-21,54.0200,1.5120,1.6320,63.5040,68.5440,11.1640,15.2461,1.7984,-2.2699,False,False,1.7525,7.5794
2017-02-22,53.6100,1.5340,1.6190,64.4280,67.9980,12.0080,15.2202,1.8397,-1.7461,False,False,2.2952,8.1885
2017-02-23,54.4800,1.5480,1.6440,65.0160,69.0480,11.8800,15.2043,1.8611,-1.7862,False,False,2.1360,8.0846
2017-02-24,53.9900,1.5450,1.6410,64.8900,68.9220,12.2440,15.1906,1.8809,-1.5666,False,False,2.4241,8.3905
2017-02-27,54.0400,1.5700,1.6420,65.9400,68.9640,12.9080,15.1714,1.9019,-1.1901,False,False,2.8168,8.8665
2017-02-28,54.0000,1.5490,1.6380,65.0580,68.7960,12.3040,15.1530,1.9157,-1.4872,False,False,2.4522,8.4226
2017-03-01,53.8200,1.4550,1.6070,61.1100,67.4940,9.4180,15.1258,1.9384,-2.9445,False,False,0.6834,6.2603
2017-03-02,52.6300,1.4380,1.5640,60.3960,65.6880,9.5300,15.0670,2.0283,-2.7299,False,False,0.8447,6.3273
2017-03-03,53.3300,1.4500,1.5790,60.9000,66.3180,9.3760,15.0182,2.1066,-2.6783,False,False,0.6753,6.1899
2017-03-06,53.1900,1.4960,1.5880,62.8320,66.6960,10.9300,14.9616,2.1875,-1.8430,False,False,1.6484,7.3544
2017-03-07,52.6800,1.4940,1.5930,62.7480,66.9060,11.4540,14.9121,2.2274,-1.5525,False,False,2.0523,7.8046
2017-03-08,49.8300,1.4820,1.5520,62.2440,65.1840,13.3940,14.8732,2.2567,-0.6555,False,False,3.5720,9.3771
2017-03-09,48.7500,1.4930,1.5300,62.7060,64.2600,14.4740,14.8486,2.2606,-0.1657,False,False,4.3412,10.1996
2017-03-10,48.0500,1.4560,1.4990,61.1520,62.9580,13.7040,14.8325,2.2580,-0.4998,False,False,3.9226,9.6180
2017-03-13,47.9500,1.4420,1.4930,60.5640,62.7060,13.3280,14.8173,2.2610,-0.6587,False,False,3.6998,9.3381
2017-03-14,47.2400,1.4520,1.4930,60.9840,62.7060,14.3180,14.7926,2.2649,-0.2095,False,False,4.4039,10.1290
2017-03-15,48.3400,1.4600,1.5130,61.3200,63.5460,13.7220,14.7751,2.2625,-0.4655,False,False,3.9178,9.6461
2017-03-16,48.3000,1.4570,1.4990,61.1940,62.9580,13.4820,14.7106,2.2081,-0.5564,False,False,3.7506,9.4307
2017-03-17,48.3400,1.4590,1.4940,61.2780,62.7480,13.4280,14.6502,2.1663,-0.5642,False,False,3.7015,9.3706
2017-03-20,47.7900,1.4920,1.5050,62.6640,63.2100,15.0560,14.6009,2.1429,0.2124,False,False,4.7866,10.6402
2017-03-21,47.0200,1.4850,1.4970,62.3700,62.8740,15.5180,14.5828,2.1320,0.4387,False,False,5.1664,11.0307
2017-03-22,47.2900,1.4840,1.4910,62.3280,62.6220,15.1360,14.5700,2.1229,0.2666,False,False,4.8828,10.7058
2017-03-23,47.0000,1.4830,1.4820,62.2860,62.2440,15.2720,14.5572,2.1159,0.3378,False,False,4.9904,10.8054
2017-03-24,47.3000,1.5120,1.5010,63.5040,63.0420,16.0500,14.5528,2.1141,0.7082,False,False,5.4506,11.3964
2017-03-27,47.0200,1.5190,1.4970,63.7980,62.8740,16.4700,14.5606,2.1182,0.9014,False,False,5.7376,11.7161
2017-03-28,48.3600,1.5460,1.5130,64.9320,63.5460,16.1100,14.5792,2.1276,0.7195,False,False,5.3475,11.3633
2017-03-29,49.4700,1.5750,1.5340,66.1500,64.4280,16.1060,14.6096,2.1297,0.7027,False,False,5.2171,11.3089
2017-03-30,50.3000,1.5850,1.5600,66.5700,65.5200,15.9200,14.6459,2.1270,0.5990,False,False,5.0315,11.1710
2017-03-31,50.5400,1.6000,1.5720,67.2000,66.0240,16.2680,14.6709,2.1286,0.7503,False,False,5.2283,11.4355
2017-04-03,50.2500,1.5930,1.5630,66.9060,65.6460,16.2360,14.7006,2.1320,0.7202,False,False,5.2352,11.4141
2017-04-04,50.9900,1.6330,1.5920,68.5860,66.8640,17.0220,14.7190,2.1380,1.0772,False,False,5.6529,11.9961
2017-04-05,51.1400,1.6170,1.5940,67.9140,66.9480,16.4520,14.7511,2.1507,0.7909,False,False,5.2919,11.5759
2017-04-06,51.6900,1.6860,1.5780,70.8120,66.2760,17.6100,14.7580,2.1551,1.3234,False,False,5.8678,12.2954
2017-04-07,52.2500,1.6490,1.6230,69.2580,68.1660,16.6440,14.7777,2.1729,0.8589,False,False,5.2959,11.6895
2017-04-10,53.0600,1.6700,1.6460,70.1400,69.1320,16.7440,14.7810,2.1755,0.9023,False,False,5.2787,11.7496
2017-04-11,53.3800,1.6650,1.6480,69.9300,69.2160,16.3120,14.7953,2.1841,0.6944,False,False,4.9741,11.4101
2017-04-12,53.1200,1.6480,1.6430,69.2160,69.0060,16.0260,14.8057,2.1891,0.5575,False,False,4.8323,11.2160
2017-04-13,53.1900,1.6490,1.6430,69.2580,69.0060,15.9840,14.7990,2.1845,0.5425,False,False,4.7963,11.1781
2017-04-17,52.6200,1.6360,1.6300,68.7120,68.4600,16.0080,14.7948,2.1818,0.5561,False,False,4.8717,11.2144
2017-04-18,52.4600,1.6530,1.6180,69.4260,67.9560,16.4760,14.7947,2.1817,0.7706,False,False,5.1521,11.5286
2017-04-19,50.4900,1.6010,1.5780,67.2420,66.2760,16.4300,14.8016,2.1860,0.7449,False,False,5.3458,11.5778
2017-04-20,50.2600,1.6150,1.5710,67.8300,65.9820,16.9540,14.8041,2.1878,0.9827,False,False,5.6812,11.9568
2017-04-21,49.6400,1.5990,1.5420,67.1580,64.7640,16.7200,14.8235,2.1990,0.8625,False,False,5.5760,11.7591
2017-04-24,48.9000,1.5770,1.5310,66.2340,64.3020,16.6900,14.8463,2.2079,0.8351,False,False,5.6496,11.7820
2017-04-25,49.2200,1.5700,1.5420,65.9400,64.7640,16.3280,14.8645,2.2163,0.6603,False,False,5.4059,11.5231
2017-04-26,49.2200,1.5270,1.5220,64.1340,63.9240,14.8440,14.8806,2.2216,-0.0165,False,False,4.4735,10.3874
2017-04-27,48.9600,1.5060,1.5080,63.2520,63.3360,14.3200,14.8666,2.2178,-0.2464,False,False,4.1700,9.9917
2017-04-28,49.3100,1.4840,1.5020,62.3280,63.0840,13.2700,14.8421,2.2115,-0.7109,False,False,3.4732,9.1770
2017-05-01,48.8300,1.4760,1.4860,61.9920,62.4120,13.3020,14.8049,2.2095,-0.6802,False,False,3.5331,9.1991
2017-05-02,47.6500,1.4690,1.4710,61.6980,61.7820,14.0760,14.7727,2.2100,-0.3152,False,False,4.1490,9.8358
2017-05-03,47.7900,1.4750,1.4670,61.9500,61.6140,14.0480,14.7379,2.1960,-0.3142,False,False,4.1020,9.7868
2017-05-04,45.5500,1.4280,1.4090,59.9760,59.1780,14.1600,14.6974,2.1747,-0.2471,False,False,4.3946,9.9189
2017-05-05,46.2300,1.4520,1.4450,60.9840,60.6900,14.6560,14.6603,2.1549,-0.0020,False,False,4.6624,10.3222
2017-05-08,46.4600,1.4620,1.4570,61.4040,61.1940,14.8740,14.6221,2.1241,0.1186,False,False,4.7828,10.4942
2017-05-09,45.8400,1.4340,1.4400,60.2280,60.4800,14.4720,14.5789,2.0785,-0.0514,False,False,4.6020,10.2158
2017-05-10,47.2800,1.4920,1.4730,62.6640,61.8660,15.1180,14.5353,2.0387,0.2858,False,False,4.8357,10.6334
2017-05-11,47.8100,1.5130,1.4900,63.5460,62.5800,15.4140,14.4987,1.9979,0.4581,False,False,4.9668,10.8454
2017-05-12,47.8300,1.5280,1.4890,64.1760,62.5380,15.8000,14.4659,1.9580,0.6813,False,False,5.1933,11.1177
2017-05-15,48.8600,1.5390,1.5040,64.6380,63.1680,15.2880,14.4416,1.9275,0.4391,False,False,4.7579,10.6862
2017-05-16,48.6400,1.5620,1.5140,65.6040,63.5880,16.2920,14.4161,1.9008,0.9869,False,False,5.4154,11.4669
2017-05-17,49.0400,1.5660,1.5280,65.7720,64.1760,16.2000,14.4069,1.8895,0.9490,False,False,5.3276,11.4037
2017-05-18,49.3600,1.5660,1.5360,65.7720,64.5120,15.9920,14.4034,1.8860,0.8423,False,False,5.1700,11.2456
2017-05-19,50.3200,1.6110,1.5740,67.6620,66.1080,16.8240,14.4050,1.8872,1.2818,False,False,5.6002,11.8667
2017-05-22,50.8100,1.6200,1.5930,68.0400,66.9060,16.8520,14.4194,1.9007,1.2799,False,False,5.5810,11.8968
2017-05-23,51.1200,1.6260,1.6050,68.2920,67.4100,16.8780,14.4242,1.9062,1.2873,False,False,5.5737,11.9218
2017-05-24,50.9900,1.6170,1.6060,67.9140,67.4520,16.7700,14.4277,1.9105,1.2260,False,False,5.5311,11.8617
2017-05-25,48.5700,1.5760,1.5490,66.1920,65.0580,17.2440,14.4271,1.9097,1.4751,False,False,6.0710,12.2776
2017-05-26,49.5800,1.6120,1.5670,67.7040,65.8140,17.4940,14.4366,1.9215,1.5911,False,False,6.1022,12.4070
2017-05-30,49.6300,1.6020,1.5460,67.2840,64.9320,16.8700,14.4551,1.9428,1.2430,False,False,5.6760,11.8817
2017-05-31,48.2900,1.5800,1.5070,66.3600,63.2940,17.0480,14.4753,1.9582,1.3138,False,False,5.9085,12.0262
2017-06-01,48.3200,1.5730,1.4910,66.0660,62.6220,16.5980,14.4956,1.9753,1.0644,False,False,5.6003,11.6451
2017-06-02,47.6800,1.5580,1.4800,65.4360,62.1600,16.6640,14.5203,1.9875,1.0786,False,False,5.7160,11.7261
2017-06-05,47.4000,1.5120,1.4490,63.5040,60.8580,15.2220,14.5419,2.0000,0.3400,False,False,4.8291,10.6145
2017-06-06,48.1300,1.5300,1.4590,64.2600,61.2780,15.1360,14.5613,1.9981,0.2876,False,False,4.6854,10.5059
2017-06-07,45.8000,1.4530,1.4160,61.0260,59.4720,14.7080,14.5826,1.9939,0.0629,False,False,4.6994,10.3095
2017-06-08,45.6800,1.4490,1.4120,60.8580,59.3040,14.6600,14.6072,1.9816,0.0267,False,False,4.6808,10.2747
2017-06-09,45.8200,1.4600,1.4230,61.3200,59.7660,14.9820,14.6340,1.9657,0.1770,False,False,4.8754,10.5281
2017-06-12,46.1000,1.4410,1.4130,60.5220,59.3460,14.0300,14.6548,1.9593,-0.3189,False,False,4.2398,9.7783
2017-06-13,46.4100,1.4580,1.4380,61.2360,60.3960,14.5460,14.6539,1.9596,-0.0551,False,False,4.5539,10.1997
2017-06-14,44.7900,1.3850,1.4020,58.1700,58.8840,13.6180,14.6682,1.9540,-0.5375,False,False,4.1725,9.5888
2017-06-15,44.4700,1.3890,1.4020,58.3380,58.8840,14.0500,14.6756,1.9488,-0.3210,False,False,4.4813,9.9350
2017-06-16,44.7300,1.4040,1.4180,58.9680,59.5560,14.4340,14.6996,1.9276,-0.1378,False,False,4.7050,10.2367
2017-06-19,44.2400,1.4040,1.4020,58.9680,58.8840,14.7000,14.7306,1.9003,-0.0161,False,False,4.9070,10.4283
2017-06-20,43.3400,1.3760,1.3890,57.7920,58.3380,14.6340,14.7449,1.8952,-0.0585,False,False,4.9796,10.4361
2017-06-21,42.4800,1.3680,1.3500,57.4560,56.7000,14.7240,14.7574,1.8907,-0.0177,False,False,5.0850,10.4645
2017-06-22,42.5300,1.3930,1.3580,58.5060,57.0360,15.4860,14.7715,1.8857,0.3789,False,False,5.5512,11.0345
2017-06-23,42.8600,1.3990,1.3710,58.7580,57.5820,15.5060,14.7984,1.8784,0.3767,False,False,5.5394,11.0563
2017-06-26,43.2400,1.4080,1.3770,59.1360,57.8340,15.4620,14.8283,1.8680,0.3392,False,False,5.4667,11.0030
2017-06-27,44.2500,1.4250,1.3960,59.8500,58.6320,15.1940,14.8540,1.8606,0.1828,False,False,5.1893,10.7627
2017-06-28,44.7400,1.4550,1.4250,61.1100,59.8500,15.9500,14.8885,1.8376,0.5776,False,False,5.6278,11.3506
2017-06-29,44.8800,1.4540,1.4400,61.0680,60.4800,15.9920,14.9335,1.8133,0.5837,False,False,5.6628,11.4158
2017-06-30,46.0200,1.4930,1.4730,62.7060,61.8660,16.4060,14.9872,1.7719,0.8007,False,False,5.8038,11.6994
2017-07-05,45.1100,1.4820,1.4680,62.2440,61.6560,16.9380,15.0360,1.7496,1.0871,False,False,6.2535,12.1657
2017-07-06,45.5200,1.5100,1.4670,63.4200,61.6140,17.2980,15.0922,1.7284,1.2762,False,False,6.4039,12.3765
2017-07-07,44.2500,1.4920,1.4430,62.6640,60.6060,17.7280,15.1484,1.7170,1.5024,False,False,6.8084,12.7451
2017-07-10,44.4000,1.5050,1.4480,63.2100,60.8160,18.0120,15.2020,1.7215,1.6324,False,False,6.9660,12.9499
2017-07-11,45.0600,1.5220,1.4730,63.9240,61.8660,18.1780,15.2654,1.7187,1.6947,False,False,7.0158,13.0808
2017-07-12,45.4800,1.5220,1.4690,63.9240,61.6980,17.7020,15.3627,1.6306,1.4347,False,False,6.6567,12.6785
2017-07-13,46.0600,1.5310,1.4890,64.3020,62.5380,17.6540,15.4535,1.5275,1.4406,False,False,6.5800,12.6473
2017-07-14,46.5300,1.5650,1.5140,65.7300,63.5880,18.4860,15.5455,1.4029,2.0960,True,True,7.0588,13.2787
2017-07-17,46.0200,1.5610,1.5000,65.5620,63.0000,18.6880,15.6294,1.3493,2.2668,True,False,7.2297,13.4332
2017-07-18,46.4000,1.5810,1.5110,66.4020,63.4620,19.0220,15.7098,1.3131,2.5224,True,False,7.3943,13.6688
2017-07-19,47.1000,1.6270,1.5540,68.3340,65.2680,20.2120,15.7724,1.3352,3.3251,True,False,8.0901,14.5931
2017-07-20,46.7300,1.6190,1.5470,67.9980,64.9740,20.2600,15.8361,1.4067,3.1448,True,False,8.1616,14.6448
2017-07-21,45.7800,1.5690,1.5160,65.8980,63.6720,19.3760,15.9090,1.4631,2.3697,True,False,7.7133,14.0087
2017-07-24,46.2100,1.5590,1.5180,65.4780,63.7560,18.6940,15.9762,1.4817,1.8342,False,False,7.2416,13.4771
2017-07-25,47.7700,1.6030,1.5670,67.3260,65.8140,19.0520,16.0248,1.4982,2.0205,True,True,7.3175,13.7279
2017-07-26,48.5800,1.6010,1.5950,67.2420,66.9900,18.5780,16.0840,1.5113,1.6502,False,False,6.9664,13.3916
2017-07-27,49.0500,1.6260,1.6050,68.2920,67.4100,18.9480,16.1406,1.5082,1.8613,False,False,7.1365,13.6399
2017-07-28,49.7200,1.6580,1.6400,69.6360,68.8800,19.6640,16.2020,1.5089,2.2944,True,True,7.5358,14.1993
2017-07-31,50.2100,1.6860,1.6630,70.8120,69.8460,20.2800,16.2532,1.5469,2.6032,True,False,7.8777,14.6662
2017-08-01,49.1900,1.6780,1.6390,70.4760,68.8380,20.7400,16.3061,1.6013,2.7689,True,False,8.2615,15.0289
2017-08-02,49.6000,1.6560,1.6480,69.5520,69.2160,19.8400,16.3683,1.6624,2.0884,True,False,7.6768,14.3661
2017-08-03,49.0300,1.6450,1.6360,69.0900,68.7120,19.9340,16.4191,1.6975,2.0706,True,False,7.7963,14.4561
2017-08-04,49.5700,1.6540,1.6430,69.4680,69.0060,19.7440,16.4622,1.7365,1.8899,False,False,7.6133,14.2835
2017-08-07,49.3700,1.6490,1.6300,69.2580,68.4600,19.6220,16.4986,1.7702,1.7644,False,False,7.5438,14.1739
2017-08-08,49.0700,1.6340,1.6190,68.6280,67.9980,19.3480,16.5376,1.7997,1.5616,False,False,7.4028,13.9727
2017-08-09,49.5900,1.6430,1.6460,69.0060,69.1320,19.4580,16.5737,1.8230,1.5822,False,False,7.4449,14.0854
2017-08-10,48.5400,1.6160,1.6210,67.8720,68.0820,19.4020,16.6130,1.8465,1.5105,False,False,7.5216,14.0766
2017-08-11,48.8100,1.6320,1.6330,68.5440,68.5860,19.7480,16.6478,1.8691,1.6587,False,False,7.7125,14.3363
2017-08-14,47.5900,1.5980,1.6040,67.1160,67.3680,19.6100,16.6868,1.8965,1.5413,False,False,7.7579,14.2737
2017-08-15,47.5700,1.6020,1.5980,67.2840,67.1160,19.6580,16.7156,1.9208,1.5318,False,False,7.7772,14.2903
2017-08-16,46.8000,1.5840,1.5680,66.5280,65.8560,19.5040,16.7512,1.9452,1.4152,False,False,7.7412,14.1634
2017-08-17,47.0700,1.6130,1.5730,67.7460,66.0660,20.1160,16.7722,1.9645,1.7021,False,False,8.0770,14.5911
2017-08-18,48.5900,1.6460,1.6160,69.1320,67.8720,20.1220,16.8108,1.9955,1.6593,False,False,7.9353,14.5727
2017-08-21,47.3900,1.6120,1.5640,67.7040,65.6880,19.6420,16.8484,2.0254,1.3793,False,False,7.7242,14.1844
2017-08-22,47.6500,1.6190,1.5830,67.9980,66.4860,19.8440,16.8854,2.0456,1.4464,False,False,7.8450,14.3651
2017-08-23,48.4500,1.6450,1.6210,69.0900,68.0820,20.3040,16.9278,2.0668,1.6335,False,False,8.0767,14.7359
2017-08-24,47.2400,1.7070,1.6340,71.6940,68.6280,23.4320,16.9758,2.0943,3.0827,True,True,10.1684,17.1649
2017-08-25,47.6500,1.7040,1.6280,71.5680,68.3760,22.8540,17.0583,2.1982,2.6366,True,False,9.7454,16.6835
2017-08-28,46.4000,1.7490,1.6370,73.4580,68.7540,25.4900,17.1291,2.2796,3.6677,True,False,11.5397,18.7491
2017-08-29,46.4600,1.8290,1.6820,76.8180,70.6440,28.3000,17.2298,2.4408,4.5354,True,False,13.3109,20.9169
2017-08-30,45.9600,1.9300,1.6850,81.0600,70.7700,31.6700,17.3559,2.7023,5.2970,True,False,15.4167,23.4084
2017-08-31,47.2600,2.1700,1.8090,91.1400,75.9780,38.8260,17.5220,3.0898,6.8949,True,False,19.7692,28.8344
2017-09-01,47.3200,2.0740,1.7770,87.1080,74.6340,35.6300,17.7679,3.8108,4.6873,True,False,17.7751,26.4191
2017-09-05,48.6300,1.9980,1.7730,83.9160,74.4660,32.1360,17.9824,4.2424,3.3362,True,False,15.4672,23.7459
2017-09-06,49.1300,2.0680,1.7800,86.8560,74.7600,33.6940,18.1745,4.4808,3.4636,True,False,16.3392,24.8362
2017-09-07,49.1000,2.0530,1.8120,86.2260,76.1040,33.7520,18.3898,4.7478,3.2356,True,False,16.4459,24.9888
2017-09-08,47.4400,2.0450,1.7920,85.8900,75.2640,34.9080,18.6174,4.9821,3.2698,True,False,17.3548,25.9365
2017-09-11,48.0600,1.9740,1.7500,82.9080,73.5000,31.7120,18.8574,5.2343,2.4558,True,False,15.2529,23.4260
2017-09-12,48.2100,1.9970,1.7510,83.8740,73.5420,32.2200,19.0534,5.3798,2.4474,True,False,15.5366,23.7787
2017-09-13,49.3000,1.8240,1.7070,76.6080,71.6940,25.6700,19.2553,5.5271,1.1606,False,False,11.3452,18.7949
2017-09-14,49.8600,1.8070,1.7140,75.8940,71.9880,24.7320,19.3832,5.5409,0.9653,False,False,10.7103,18.0815
2017-09-15,49.9000,1.8430,1.7950,77.4060,75.3900,26.8340,19.4952,5.5460,1.3233,False,False,12.1354,19.8627
2017-09-18,49.8800,1.8200,1.7750,76.4400,74.5500,25.9300,19.6280,5.5769,1.1300,False,False,11.5541,19.1468
2017-09-19,49.5400,1.7840,1.7730,74.9280,74.4660,25.2340,19.7554,5.5885,0.9803,False,False,11.1850,18.6764
2017-09-20,50.2900,1.7410,1.8100,73.1220,76.0200,23.7980,19.8678,5.5958,0.7024,False,False,10.2848,17.6843
2017-09-21,50.5800,1.7380,1.8200,72.9960,76.4400,23.5640,19.9609,5.5907,0.6445,False,False,10.1205,17.5175
2017-09-22,50.3300,1.7470,1.8150,73.3740,76.2300,23.9960,20.0472,5.5857,0.7069,False,False,10.4080,17.8392
2017-09-25,51.8500,1.8270,1.8580,76.7340,78.0360,25.3180,20.1439,5.5779,0.9276,False,False,11.0558,18.7683
2017-09-26,51.5900,1.7880,1.8460,75.0960,77.5320,24.3180,20.2442,5.5889,0.7289,False,False,10.4710,18.0366
2017-09-27,52.1400,1.7140,1.8490,71.9880,77.6580,21.7380,20.3344,5.5884,0.2512,False,False,8.8440,16.1286
2017-09-28,51.6200,1.6650,1.8260,69.9300,76.6920,20.5640,20.3983,5.5712,0.0297,False,False,8.1719,15.2632
2017-09-29,51.6700,1.6370,1.8080,68.7540,75.9360,19.4780,20.4398,5.5583,-0.1730,False,False,7.4748,14.4153
2017-10-02,50.5900,1.6180,1.7590,67.9560,73.8780,19.3400,20.4690,5.5463,-0.2036,False,False,7.4564,14.2701
2017-10-03,50.4400,1.6270,1.7520,68.3340,73.5840,19.6440,20.4964,5.5346,-0.1540,False,False,7.6474,14.4820
2017-10-04,50.0000,1.6550,1.7730,69.5100,74.4660,21.1620,20.5283,5.5212,0.1148,False,False,8.6705,15.6939
2017-10-05,50.7900,1.6930,1.7890,71.1060,75.1380,21.6600,20.5718,5.5106,0.1975,False,False,8.8805,16.0193
2017-10-06,49.3400,1.6320,1.7450,68.5440,73.2900,20.7860,20.6181,5.5020,0.0305,False,False,8.4884,15.4017
2017-10-09,49.5800,1.6280,1.7350,68.3760,72.8700,20.2940,20.6616,5.4877,-0.0670,False,False,8.1350,14.9875
2017-10-10,50.9300,1.6670,1.7660,70.0140,74.1720,20.4700,20.6977,5.4745,-0.0416,False,False,8.0964,15.0699
2017-10-11,51.3000,1.6840,1.7850,70.7280,74.9700,20.8420,20.7407,5.4573,0.0186,False,False,8.3022,15.3608
2017-10-12,50.6100,1.6570,1.7670,69.5940,74.2140,20.5240,20.7871,5.4401,-0.0484,False,False,8.1805,15.1473
2017-10-13,51.4300,1.6910,1.7950,71.0220,75.3900,21.0480,20.8460,5.4082,0.0373,False,False,8.4267,15.5285
2017-10-16,51.8600,1.6890,1.8130,70.9380,76.1460,20.8140,20.9117,5.3742,-0.0182,False,False,8.2574,15.3732
2017-10-17,51.8700,1.6970,1.8100,71.2740,76.0200,20.9860,20.9796,5.3339,0.0012,False,False,8.3528,15.4858
2017-10-18,52.0500,1.7170,1.8060,72.1140,75.8520,21.3100,21.0499,5.2916,0.0492,False,False,8.5109,15.6859
2017-10-19,51.2900,1.7060,1.7780,71.6520,74.6760,21.3700,21.1202,5.2524,0.0476,False,False,8.6059,15.7186
2017-10-20,51.6300,1.7450,1.8050,73.2900,75.8100,22.5000,21.2017,5.1984,0.2497,False,False,9.2878,16.5855
2017-10-23,51.9100,1.7380,1.7870,72.9960,75.0540,21.7720,21.2901,5.1519,0.0935,False,False,8.7699,15.9701
2017-10-24,52.3200,1.7850,1.8220,74.9700,76.5240,23.1680,21.3807,5.0875,0.3513,False,False,9.6174,17.0477
2017-10-25,51.9700,1.8000,1.8170,75.6000,76.3140,23.8680,21.4820,5.0310,0.4743,False,False,10.0812,17.5734
2017-10-26,52.4100,1.8170,1.8480,76.3140,77.6160,24.3380,21.5868,4.9811,0.5523,False,False,10.3600,17.9675
2017-10-27,53.9200,1.8300,1.8680,76.8600,78.4560,23.4720,21.6939,4.9353,0.3603,False,False,9.6484,17.2451
2017-10-30,54.1100,1.8230,1.8800,76.5660,78.9600,23.2540,21.7921,4.8814,0.2995,False,False,9.5133,17.1076
2017-10-31,54.3600,1.8400,1.8810,77.2800,79.0020,23.4940,21.8869,4.8258,0.3330,False,False,9.6207,17.2562
2017-11-01,54.3200,1.7940,1.8600,75.3480,78.1200,21.9520,21.9759,4.7806,-0.0050,False,False,8.6576,16.0798
2017-11-02,54.5500,1.8460,1.8670,77.5320,78.4140,23.2760,22.0475,4.7311,0.2597,False,False,9.4311,17.0313
2017-11-03,55.6300,1.8790,1.8860,78.9180,79.2120,23.3860,22.1343,4.6809,0.2674,False,False,9.3695,17.0556
2017-11-06,57.3400,1.9280,1.9370,80.9760,81.3540,23.7620,22.2254,4.6244,0.3323,False,False,9.4372,17.3096
2017-11-07,57.1900,1.9210,1.9190,80.6820,80.5980,23.4640,22.3122,4.5789,0.2516,False,False,9.2439,17.0510
2017-11-08,56.8200,1.9340,1.9130,81.2280,80.3460,24.1140,22.3952,4.5310,0.3793,False,False,9.6786,17.5396
2017-11-09,57.1600,1.8790,1.9380,78.9180,81.3960,22.5840,22.4808,4.4896,0.0230,False,False,8.7604,16.4846
2017-11-10,56.7500,1.8990,1.9340,79.7580,81.2280,23.4980,22.5436,4.4510,0.2144,False,False,9.3640,17.1743
2017-11-13,56.7700,1.8580,1.9290,78.0360,81.0180,22.2600,22.6124,4.4172,-0.0798,False,False,8.6075,16.2639
2017-11-14,55.6700,1.8130,1.8900,76.1460,79.3800,21.5540,22.6628,4.3869,-0.2528,False,False,8.2725,15.7456
2017-11-15,55.2800,1.7880,1.9030,75.0960,79.9260,21.4260,22.7022,4.3608,-0.2926,False,False,8.2835,15.7400
2017-11-16,55.1400,1.7720,1.9000,74.4240,79.8000,21.0760,22.7382,4.3366,-0.3833,False,False,8.0889,15.4933
2017-11-17,56.2100,1.7780,1.9260,74.6760,80.8920,20.5380,22.7757,4.3074,-0.5195,False,False,7.6549,15.0756
2017-11-20,56.2100,1.7780,1.9260,74.6760,80.8920,20.5380,22.8078,4.2798,-0.5303,False,False,7.6549,15.0756
2017-11-21,56.8400,1.8050,1.9290,75.8100,81.0180,20.7060,22.8306,4.2622,-0.4985,False,False,7.6643,15.1374
2017-11-22,57.8800,1.8030,1.9290,75.7260,81.0180,19.6100,22.8530,4.2456,-0.7639,False,False,6.8455,14.2338
2017-11-24,58.9400,1.8220,1.9480,76.5240,81.8160,19.3480,22.8595,4.2401,-0.8282,False,False,6.5639,13.9924
2017-11-27,58.1000,1.8250,1.9440,76.6500,81.6480,20.2160,22.8499,4.2471,-0.6202,False,False,7.2065,14.6964
2017-11-28,57.9600,1.7960,1.9430,75.4320,81.6060,19.5300,22.8494,4.2474,-0.7815,False,False,6.8145,14.2145
2017-11-29,57.2500,1.7700,1.9230,74.3400,80.7660,19.2320,22.8512,4.2460,-0.8524,False,False,6.7038,14.0108
2017-11-30,57.4000,1.7630,1.8920,74.0460,79.4640,18.4520,22.8571,4.2405,-1.0388,False,False,6.1474,13.3286
2017-12-01,58.3500,1.7740,1.9350,74.5080,81.2700,18.4120,22.8505,4.2470,-1.0451,False,False,6.0664,13.3397
2017-12-04,57.4800,1.7380,1.8950,72.9960,79.5900,17.7140,22.8486,4.2489,-1.2085,False,False,5.6985,12.7985
2017-12-05,57.6600,1.7520,1.9110,73.5840,80.2620,18.1500,22.8349,4.2634,-1.0989,False,False,5.9658,13.1464
2017-12-06,55.7900,1.7030,1.8550,71.5260,77.9100,17.8640,22.8181,4.2788,-1.1578,False,False,5.9664,12.9580
2017-12-07,56.5000,1.7350,1.8860,72.8700,79.2120,18.4840,22.7912,4.3022,-1.0012,False,False,6.2935,13.4304
2017-12-08,57.1500,1.7510,1.9240,73.5420,80.8080,18.8140,22.7662,4.3206,-0.9147,False,False,6.4705,13.7242
2017-12-11,57.8400,1.7620,1.9450,74.0040,81.6900,18.7260,22.7548,4.3297,-0.9305,False,False,6.3549,13.6555
2017-12-12,57.1200,1.7350,1.9290,72.8700,81.0180,18.4660,22.7414,4.3402,-0.9851,False,False,6.2769,13.4938
2017-12-13,56.5900,1.6880,1.9040,70.8960,79.9680,17.3300,22.7272,4.3521,-1.2401,False,False,5.6249,12.6501
2017-12-14,57.0000,1.7140,1.9060,71.9880,80.0520,17.6760,22.7017,4.3768,-1.1482,False,False,5.7732,12.8609
2017-12-15,57.2900,1.6890,1.8980,70.9380,79.7160,16.5740,22.6831,4.3945,-1.3902,False,False,5.0502,12.0087
2017-12-18,57.1700,1.7000,1.9200,71.4000,80.6400,17.3100,22.6511,4.4283,-1.2061,False,False,5.5566,12.6257
2017-12-19,57.4900,1.7250,1.9350,72.4500,81.2700,17.9000,22.6278,4.4508,-1.0623,False,False,5.8925,13.0657
2017-12-20,58.0900,1.7720,1.9400,74.4240,81.4800,18.6860,22.6073,4.4682,-0.8776,False,False,6.2816,13.5824
2017-12-21,58.3400,1.7790,1.9430,74.7180,81.6060,18.6740,22.5970,4.4761,-0.8764,False,False,6.2420,13.5564
2017-12-22,58.2500,1.7910,1.9590,75.2220,82.2780,19.3240,22.5861,4.4845,-0.7274,False,False,6.6795,14.0880
2017-12-26,59.5500,1.8220,2.0350,76.5240,85.4700,19.9560,22.5841,4.4859,-0.5859,False,False,7.0169,14.6554
2017-12-27,59.6700,1.8240,2.0240,76.6080,85.0080,19.7380,22.5823,4.4869,-0.6339,False,False,6.8444,14.4483
2017-12-28,59.8400,1.8310,2.0450,76.9020,85.8900,20.0580,22.5780,4.4894,-0.5613,False,False,7.0541,14.7306
2017-12-29,60.4600,1.8290,2.0680,76.8180,86.8560,19.7040,22.5827,4.4866,-0.6416,False,False,6.7939,14.4848
2018-01-02,60.3700,1.7920,2.0580,75.2640,86.4360,18.6180,22.5811,4.4876,-0.8831,False,False,6.1352,13.6791
2018-01-03,61.6100,1.8220,2.0900,76.5240,87.7800,18.6660,22.5624,4.5006,-0.8658,False,False,6.0391,13.6848
2018-01-04,61.9800,1.8320,2.0750,76.9440,87.1500,18.3660,22.5094,4.5180,-0.9171,False,False,5.7702,13.3777
2018-01-05,61.4900,1.8170,2.0600,76.3140,86.5200,18.2260,22.4596,4.5387,-0.9328,False,False,5.7306,13.2804
2018-01-08,61.7300,1.8230,2.0480,76.5660,86.0160,17.9860,22.3788,4.5486,-0.9657,False,False,5.5243,13.0409
2018-01-09,62.9200,1.8620,2.0660,78.2040,86.7720,18.1400,22.2642,4.5279,-0.9109,False,False,5.4700,13.0814
2018-01-10,63.6000,1.8630,2.0790,78.2460,87.3180,17.6700,22.1139,4.4368,-1.0016,False,False,5.1099,12.7118
2018-01-11,63.8100,1.8660,2.0700,78.3720,86.9400,17.4180,21.8788,4.0922,-1.0901,False,False,4.9072,12.4771
2018-01-12,64.2200,1.8860,2.0840,79.2120,87.5280,17.7640,21.6765,3.8504,-1.0161,False,False,5.0807,12.7281
2018-01-16,63.8200,1.8780,2.0620,78.8760,86.6040,17.6320,21.5168,3.7087,-1.0475,False,False,5.0173,12.6032
2018-01-17,63.9200,1.9030,2.0610,79.9260,86.5620,18.2180,21.3383,3.4989,-0.8918,False,False,5.3513,13.0107
2018-01-18,63.9600,1.9260,2.0600,80.8920,86.5200,18.8080,21.1657,3.2571,-0.7239,False,False,5.6970,13.4278
2018-01-19,63.3800,1.9140,2.0590,80.3880,86.4780,19.0380,20.9868,2.9224,-0.6669,False,False,5.9228,13.6538
2018-01-22,63.6600,1.9480,2.0470,81.8160,85.9740,19.5420,20.8460,2.6990,-0.4832,False,False,6.1566,13.9456
2018-01-23,64.4500,1.9700,2.0860,82.7400,87.6120,19.9140,20.7052,2.4179,-0.3272,False,False,6.3392,14.2575
2018-01-24,65.6900,1.9810,2.0980,83.2020,88.1160,19.1500,20.6412,2.3612,-0.6316,False,False,5.7138,13.6114
2018-01-25,65.6200,1.9660,2.0990,82.5720,88.1580,18.8140,20.5792,2.3259,-0.7589,False,False,5.5252,13.3805
2018-01-26,66.2700,1.9990,2.1270,83.9580,89.3340,19.4800,20.4901,2.2365,-0.4516,False,False,5.8828,13.8826
2018-01-29,65.7100,1.9950,2.0910,83.7900,87.8220,19.4240,20.4184,2.1632,-0.4597,False,False,5.8605,13.7829
2018-01-30,64.6400,1.9510,2.0650,81.9420,86.7300,18.8980,20.3538,2.1044,-0.6918,False,False,5.6561,13.4346
2018-01-31,64.8200,1.9650,2.0690,82.5300,86.8980,19.1660,20.2994,2.0778,-0.5455,False,False,5.7974,13.6212
2018-02-01,65.9200,1.9480,2.0910,81.8160,87.8220,17.8980,20.2505,2.0520,-1.1464,False,False,4.9123,12.6611
2018-02-02,65.5000,1.9300,2.0570,81.0600,86.3940,17.3380,20.1828,2.0278,-1.4029,False,False,4.5700,12.1899
2018-02-05,64.1800,1.8970,2.0220,79.6740,84.9240,17.2440,20.0941,1.9751,-1.4430,False,False,4.6447,12.1498
2018-02-06,63.4800,1.8600,1.9950,78.1200,83.7900,16.5300,20.0155,1.9460,-1.7912,False,False,4.2681,11.6220
2018-02-07,61.9100,1.8150,1.9370,76.2300,81.3540,16.0280,19.9576,1.9711,-1.9936,False,False,4.0884,11.2384
2018-02-08,61.3000,1.8010,1.9090,75.6420,80.1780,15.8540,19.9072,2.0125,-2.0140,False,False,4.0198,11.0861
2018-02-09,59.2000,1.7570,1.8580,73.7940,78.0360,16.0080,19.8670,2.0565,-1.8765,False,False,4.3306,11.2566
2018-02-12,59.4100,1.7320,1.8450,72.7440,77.4900,14.9160,19.8300,2.0953,-2.3452,False,False,3.6155,10.4036
2018-02-13,59.3300,1.7310,1.8400,72.7020,77.2800,14.8980,19.7774,2.1576,-2.2615,False,False,3.6067,10.3827
2018-02-14,60.7000,1.7580,1.8820,73.8360,79.0440,14.8720,19.7078,2.2122,-2.1860,False,False,3.4669,10.3544
2018-02-15,61.4800,1.7820,1.8910,74.8440,79.4220,14.8900,19.6324,2.2596,-2.0988,False,False,3.3757,10.3118
2018-02-16,61.8900,1.7910,1.9120,75.2220,80.3040,15.0260,19.5669,2.3101,-1.9657,False,False,3.4378,10.4351
2018-02-20,61.9100,1.7870,1.9250,75.0540,80.8500,15.0760,19.5084,2.3572,-1.8804,False,False,3.4921,10.5126
2018-02-21,61.7300,1.7880,1.9230,75.0960,80.7660,15.2560,19.4484,2.4001,-1.7467,False,False,3.6238,10.6553
2018-02-22,62.7200,1.8040,1.9440,75.7680,81.6480,15.0080,19.3864,2.4353,-1.7979,False,False,3.3656,10.4384
2018-02-23,63.5200,1.8540,1.9680,77.8680,82.6560,15.9440,19.3251,2.4749,-1.3661,False,False,3.8536,11.1050
2018-02-26,63.8100,1.8680,1.9850,78.4560,83.3700,16.2840,19.2684,2.4932,-1.1970,False,False,4.0483,11.3750
2018-02-27,62.9400,1.8440,1.9610,77.4480,82.3620,16.1460,19.2180,2.5072,-1.2253,False,False,4.0500,11.2907
2018-02-28,61.4300,1.7940,1.8870,75.3480,79.2540,15.2200,19.1642,2.5206,-1.5648,False,False,3.5731,10.5414
2018-03-01,60.9800,1.9270,1.8780,80.9340,78.8760,19.2680,19.0966,2.5437,0.0674,False,False,6.0527,13.4752
2018-03-02,61.1900,1.7670,1.8720,74.2140,78.6240,14.4940,19.0732,2.5323,-1.8083,False,False,3.1432,9.9947
2018-03-05,62.4900,1.7940,1.8840,75.3480,79.1280,14.1180,18.9843,2.5510,-1.9076,False,False,2.7413,9.6213
2018-03-06,62.5400,1.7930,1.8870,75.3060,79.2540,14.0820,18.8992,2.5840,-1.8643,False,False,2.7182,9.6000
2018-03-07,61.0900,1.7940,1.8700,75.3480,78.5400,15.3220,18.7983,2.5927,-1.3408,False,False,3.6513,10.5951
2018-03-08,60.1300,1.7520,1.8560,73.5840,77.9520,14.9100,18.7033,2.5616,-1.4808,False,False,3.5234,10.3571
2018-03-09,62.0200,1.7530,1.8720,73.6260,78.6240,13.2720,18.5986,2.5215,-2.1125,False,False,2.2813,9.0236
2018-03-12,61.3500,1.7510,1.8550,73.5420,77.9100,13.6480,18.4852,2.5291,-1.9126,False,False,2.5750,9.3109
2018-03-13,60.6900,1.7550,1.8650,73.7100,78.3300,14.5600,18.3785,2.5283,-1.5103,False,False,3.2455,10.0737
2018-03-14,60.8900,1.7860,1.8790,75.0120,78.9180,15.4240,18.2792,2.5007,-1.1418,False,False,3.7623,10.7208
2018-03-15,61.1600,1.7880,1.8880,75.0960,79.2960,15.3360,18.2067,2.4878,-1.1539,False,False,3.6866,10.6580
2018-03-16,62.2900,1.8140,1.9090,76.1880,80.1780,15.2280,18.1185,2.4469,-1.1813,False,False,3.4907,10.5265
2018-03-19,62.0100,1.7970,1.9080,75.4740,80.1360,15.0180,18.0278,2.4008,-1.2537,False,False,3.4061,10.4027
2018-03-20,63.3700,1.8310,1.9450,76.9020,81.6900,15.1280,17.9307,2.3430,-1.1962,False,False,3.3390,10.4567
2018-03-21,65.1000,1.8970,2.0140,79.6740,84.5880,16.2120,17.8380,2.2865,-0.7112,False,False,3.8661,11.2787
2018-03-22,64.2500,1.8890,1.9780,79.3380,83.0760,16.3340,17.7502,2.1937,-0.6456,False,False,3.9954,11.3391
2018-03-23,65.8000,1.9120,2.0160,80.3040,84.6720,15.9600,17.6808,2.1377,-0.8050,False,False,3.6106,11.0270
2018-03-26,65.4900,1.8930,2.0130,79.5060,84.5460,15.6960,17.5970,2.0542,-0.9254,False,False,3.4939,10.8609
2018-03-27,65.2100,1.8920,2.0100,79.4640,84.4200,15.9060,17.5241,2.0033,-0.8077,False,False,3.6570,11.0328
2018-03-28,64.3000,1.8990,2.0180,79.7580,84.7560,17.1240,17.4614,1.9641,-0.1718,False,False,4.5457,12.0368
2018-03-29,64.8700,1.9380,2.0220,81.3960,84.9240,17.7020,17.4136,1.9189,0.1503,False,False,4.8125,12.4037
2018-04-02,63.0500,1.8880,1.9830,79.2960,83.2860,17.5760,17.3761,1.8795,0.1064,False,False,4.9372,12.3821
2018-04-03,63.4100,1.8890,1.9970,79.3380,83.8740,17.4400,17.3432,1.8496,0.0524,False,False,4.8291,12.2916
2018-04-04,63.3500,1.8920,1.9850,79.4640,83.3700,17.4160,17.3087,1.8183,0.0590,False,False,4.7988,12.2406
2018-04-05,63.5300,1.8910,1.9810,79.4220,83.2020,17.1520,17.2722,1.7824,-0.0674,False,False,4.6041,12.0173
2018-04-06,62.0300,1.8550,1.9550,77.9100,82.1100,17.2800,17.2449,1.7651,0.0199,False,False,4.8589,12.1871
2018-04-09,63.4000,1.8870,1.9970,79.2540,83.8740,17.3940,17.2219,1.7510,0.0983,False,False,4.8031,12.2596
2018-04-10,65.4800,1.9600,2.0690,82.3200,86.8980,18.3660,17.1905,1.7221,0.6826,False,False,5.2151,12.9726
2018-04-11,66.8100,2.0020,2.0970,84.0840,88.0740,18.6040,17.1776,1.7088,0.8347,False,False,5.2105,13.0917
2018-04-12,67.0700,1.9910,2.0870,83.6220,87.6540,17.8960,17.1706,1.7017,0.4263,False,False,4.7245,12.5197
2018-04-13,67.3500,1.9970,2.1060,83.8740,88.4520,18.0500,17.1644,1.6980,0.5215,False,False,4.8134,12.6637
2018-04-16,66.2300,2.0150,2.0810,84.6300,87.4020,19.3240,17.1604,1.6955,1.2761,False,False,5.6988,13.6201
2018-04-17,66.5000,2.0130,2.0630,84.5460,86.6460,18.7460,17.1783,1.7097,0.9169,False,False,5.2724,13.1138
2018-04-18,68.4400,2.0470,2.1090,85.9740,88.5780,18.4020,17.1849,1.7146,0.7098,False,False,4.8619,12.8073
2018-04-19,68.3000,2.0530,2.1200,86.2260,89.0400,18.8640,17.1909,1.7179,0.9739,False,False,5.1839,13.1923
2018-04-20,68.2600,2.0670,2.1260,86.8140,89.2920,19.3800,17.1951,1.7215,1.2692,False,False,5.5123,13.5884
2018-04-23,67.6100,2.0640,2.1210,86.6880,89.0820,19.8760,17.2014,1.7284,1.5474,False,False,5.9001,14.0002
2018-04-24,67.6600,2.0700,2.1370,86.9400,89.7540,20.2180,17.2142,1.7438,1.7225,False,False,6.1312,14.2947
2018-04-25,68.0000,2.0620,2.1440,86.6040,90.0480,19.7520,17.2337,1.7673,1.4249,False,False,5.8136,13.9453
2018-04-26,68.1800,2.0860,2.1660,87.6120,90.9720,20.5520,17.2606,1.7869,1.8420,False,False,6.3119,14.5754
2018-04-27,68.1100,2.0810,2.1550,87.4020,90.5100,20.3280,17.2925,1.8195,1.6683,False,False,6.1653,14.3849
2018-04-30,68.5600,2.0840,2.1730,87.5280,91.2660,20.2140,17.3342,1.8454,1.5605,False,False,6.0649,14.3138
2018-05-01,67.2800,2.0530,2.1230,86.2260,89.1660,19.9260,17.3665,1.8699,1.3688,False,False,5.9855,14.0792
2018-05-02,67.9100,2.0310,2.1320,85.3020,89.5440,18.8060,17.3890,1.8883,0.7504,False,False,5.2348,13.2337
2018-05-03,68.4500,2.0480,2.1350,86.0160,89.6700,18.7840,17.3904,1.8892,0.7377,False,False,5.1441,13.1686
2018-05-04,69.7100,2.0680,2.1730,86.8560,91.2660,18.6160,17.3916,1.8901,0.6478,False,False,4.9279,13.0367
2018-05-07,70.7400,2.0750,2.1890,87.1500,91.9380,18.0060,17.3837,1.8835,0.3304,False,False,4.4358,12.5380
2018-05-08,68.8300,2.0810,2.1880,87.4020,91.8960,20.0700,17.3620,1.8649,1.4521,False,False,5.9681,14.2308
2018-05-09,71.1600,2.1320,2.2370,89.5440,93.9540,19.8540,17.3657,1.8699,1.3307,False,False,5.5803,13.9836
2018-05-10,71.3600,2.1480,2.2410,90.2160,94.1220,20.1580,17.3635,1.8668,1.4970,False,False,5.7401,14.1939
2018-05-11,70.6900,2.1360,2.2390,89.7120,94.0380,20.4640,17.3685,1.8737,1.6521,False,False,6.0233,14.4812
2018-05-14,71.0100,2.1560,2.2720,90.5520,95.4240,21.1660,17.3890,1.8972,1.9908,False,False,6.4643,15.0623
2018-05-15,71.3400,2.1590,2.2680,90.6780,95.2560,20.8640,17.4168,1.9337,1.7827,False,False,6.2235,14.7952
2018-05-16,71.4300,2.2080,2.2860,92.7360,96.0120,22.3980,17.4446,1.9648,2.5211,True,True,7.1677,15.9502
2018-05-17,71.4700,2.2060,2.2990,92.6520,96.5580,22.4840,17.4909,2.0308,2.4587,True,False,7.2404,16.0514
2018-05-18,71.2300,2.1780,2.2820,91.4760,95.8440,21.7020,17.5409,2.0966,1.9847,False,False,6.7727,15.4577
2018-05-21,72.2600,2.2050,2.2920,92.6100,96.2640,21.5680,17.5805,2.1407,1.8627,False,False,6.5537,15.2815
2018-05-22,72.0900,2.2030,2.2850,92.5260,95.9700,21.5840,17.6238,2.1811,1.8157,False,False,6.5750,15.2882
2018-05-23,71.8500,2.1990,2.2970,92.3580,96.4740,21.8800,17.6701,2.2201,1.8962,False,False,6.8150,15.5680
2018-05-24,70.7700,2.1780,2.2660,91.4760,95.1720,21.9380,17.7158,2.2636,1.8653,False,False,6.9520,15.6244
2018-05-25,67.9200,2.1090,2.2100,88.5780,92.8200,22.0720,17.7636,2.3064,1.8680,False,False,7.3566,15.8462
2018-05-29,66.8000,2.0790,2.1930,87.3180,92.1060,22.1140,17.8065,2.3498,1.8331,False,False,7.5197,15.9426
2018-05-30,68.2400,2.1220,2.2450,89.1240,94.2900,22.6060,17.8432,2.3907,1.9923,False,False,7.7009,16.3131
2018-05-31,66.9800,2.0930,2.2270,87.9060,93.5340,22.8020,17.8828,2.4392,2.0167,True,True,7.9760,16.5324
2018-06-01,65.8100,2.0830,2.1820,87.4860,91.6440,23.0620,17.9191,2.4873,2.0676,True,False,8.2189,16.6971
2018-06-04,64.7600,2.0610,2.1600,86.5620,90.7200,23.1880,17.9540,2.5368,2.0632,True,False,8.4110,16.8294
2018-06-05,65.5100,2.0430,2.1390,85.8060,89.8380,21.6400,17.9989,2.5926,1.4044,False,False,7.3218,15.5617
2018-06-06,64.7500,2.0220,2.1420,84.9240,89.9640,21.8540,18.0303,2.6193,1.4598,False,False,7.5743,15.8095
2018-06-07,65.9600,2.0610,2.1840,86.5620,91.7280,22.3240,18.0567,2.6456,1.6130,False,False,7.7570,16.1559
2018-06-08,65.7700,2.0500,2.1620,86.1000,90.8040,21.8980,18.0889,2.6795,1.4216,False,False,7.4847,15.7962
2018-06-11,66.1000,2.0440,2.1610,85.8480,90.7620,21.3860,18.1222,2.7079,1.2053,False,False,7.1242,15.3879
2018-06-12,66.3800,2.0220,2.1600,84.9240,90.7200,20.4760,18.1469,2.7273,0.8540,False,False,6.5327,14.6985
2018-06-13,66.6300,2.0580,2.1790,86.4360,91.5180,21.5000,18.1756,2.7380,1.2142,False,False,7.1482,15.4721
2018-06-14,66.9100,2.0350,2.1560,85.4700,90.5520,20.2540,18.2218,2.7586,0.7367,False,False,6.3090,14.4669
2018-06-15,65.0100,1.9590,2.0790,82.2780,87.3180,18.9480,18.2552,2.7648,0.2506,False,False,5.6581,13.4769
2018-06-18,65.9100,1.9910,2.1330,83.6220,89.5860,19.7000,18.2821,2.7596,0.5138,False,False,6.0832,14.1008
2018-06-19,65.0900,1.9860,2.1230,83.4120,89.1660,20.2400,18.3229,2.7531,0.6963,False,False,6.5134,14.5462
2018-06-20,65.9200,1.9670,2.1020,82.6140,88.2840,18.5840,18.3716,2.7478,0.0773,False,False,5.3470,13.1920
2018-06-21,65.6800,1.9640,2.0810,82.4880,87.4020,18.4460,18.4003,2.7364,0.0167,False,False,5.2573,13.0485
2018-06-22,69.0200,2.0110,2.1270,84.4620,89.3340,17.0660,18.4395,2.7114,-0.5066,False,False,4.0082,11.8420
2018-06-25,69.9100,1.9990,2.1070,83.9580,88.4940,15.5600,18.4636,2.6893,-1.0797,False,False,2.9246,10.5926
2018-06-26,75.2300,2.0160,2.1330,84.6720,89.5860,11.0800,18.4712,2.6801,-2.7578,False,False,-0.5334,6.8692
2018-06-27,77.4100,2.0660,2.1700,86.7720,91.1400,10.8180,18.4289,2.7651,-2.7525,False,False,-0.9507,6.5651
2018-06-28,73.4500,2.0700,2.1770,86.9400,91.4340,14.9880,18.3821,2.8563,-1.1883,False,False,2.1797,10.0266
2018-06-29,74.1300,2.1170,2.2030,88.9140,92.5260,15.9880,18.3812,2.8574,-0.8375,False,False,2.7289,10.7591
2018-07-02,73.8900,2.0800,2.1570,87.3600,90.5940,14.5480,18.3893,2.8496,-1.3480,False,False,1.8055,9.5942
2018-07-03,74.1900,2.0910,2.1640,87.8220,90.8880,14.6540,18.3842,2.8560,-1.3061,False,False,1.8374,9.6610
2018-07-05,73.0500,2.1070,2.1880,88.4940,91.8960,16.5780,18.3698,2.8714,-0.6240,False,False,3.2189,11.2523
2018-07-06,73.7800,2.0710,2.1750,86.9820,91.3500,14.6580,18.3731,2.8692,-1.2948,False,False,1.9264,9.7460
2018-07-09,73.9300,2.1120,2.1940,88.7040,92.1480,15.9220,18.3566,2.8862,-0.8435,False,False,2.7014,10.7034
2018-07-10,74.1100,2.1230,2.2200,89.1660,93.2400,16.4140,18.3644,2.8787,-0.6775,False,False,3.0234,11.1252
2018-07-11,70.4700,2.0370,2.1120,85.5540,88.7040,16.1340,18.3327,2.8843,-0.7623,False,False,3.1928,10.9611
2018-07-12,70.2800,2.0400,2.1180,85.6800,88.9560,16.4920,18.3509,2.8651,-0.6488,False,False,3.4496,11.2599
2018-07-13,71.0300,2.0660,2.1280,86.7720,89.3760,16.6100,18.3773,2.8368,-0.6230,False,False,3.4252,11.2960
2018-07-16,68.2200,1.9750,2.0570,82.9500,86.3940,15.8780,18.4054,2.8065,-0.9005,False,False,3.2724,10.8395
2018-07-17,68.0300,1.9860,2.0670,83.4120,86.8140,16.5160,18.4115,2.8003,-0.6769,False,False,3.7057,11.3533
2018-07-18,68.7800,2.0180,2.0930,84.7560,87.9060,17.0260,18.4294,2.7830,-0.5043,False,False,3.9500,11.7254
2018-07-19,69.4200,2.0200,2.0960,84.8400,88.0320,16.4840,18.4711,2.7330,-0.7271,False,False,3.5319,11.2748
2018-07-20,70.3100,2.0380,2.1060,85.5960,88.4520,16.2380,18.5026,2.6933,-0.8408,False,False,3.2673,11.0334
2018-07-23,67.9000,2.0730,2.1200,87.0660,89.0400,19.8240,18.5212,2.6717,0.4876,False,False,5.8219,13.9275
2018-07-24,70.7700,2.0770,2.1330,87.2340,89.5860,17.2480,18.5701,2.6548,-0.4980,False,False,3.8588,11.8007
2018-07-25,71.1300,2.1000,2.1540,88.2000,90.4680,17.8260,18.5914,2.6364,-0.2903,False,False,4.1938,12.2479
2018-07-26,71.5900,2.1390,2.1720,89.8380,91.2240,18.7100,18.6202,2.6135,0.0343,False,False,4.6908,12.8942
2018-07-27,68.6600,2.1430,2.1570,90.0060,90.5940,21.5420,18.6613,2.5855,1.1142,False,False,6.8126,15.2052
2018-07-30,71.1900,2.1320,2.1680,89.5440,91.0560,18.8580,18.7325,2.5755,0.0487,False,False,4.8332,13.0313
2018-07-31,69.8800,2.1070,2.1360,88.4940,89.7120,19.0200,18.7619,2.5616,0.1007,False,False,5.0662,13.1846
2018-08-01,68.8000,2.0670,2.0960,86.8140,88.0320,18.4200,18.7918,2.5488,-0.1459,False,False,4.7896,12.7370
2018-08-02,68.9500,2.0820,2.1270,87.4440,89.3340,19.1240,18.8191,2.5314,0.1204,False,False,5.2538,13.3315
2018-08-03,68.4900,2.0890,2.1300,87.7380,89.4600,19.8220,18.8572,2.5098,0.3844,False,False,5.7503,13.8947
2018-08-06,69.0100,2.0860,2.1390,87.6120,89.8380,19.3440,18.9007,2.4921,0.1779,False,False,5.4017,13.5236
2018-08-07,69.1700,2.1210,2.1620,89.0820,90.8040,20.4860,18.9254,2.4854,0.6279,False,False,6.1105,14.4055
2018-08-08,66.9200,2.0390,2.1110,85.6380,88.6620,19.7260,18.9563,2.4873,0.3094,False,False,5.8961,13.9345
2018-08-09,66.8100,2.0280,2.1120,85.1760,88.7040,19.5420,18.9802,2.4843,0.2261,False,False,5.8049,13.8175
2018-08-10,67.6100,2.0650,2.1420,86.7300,89.9640,20.1980,19.0036,2.4796,0.4817,False,False,6.1375,14.3026
2018-08-13,67.2500,2.0550,2.1420,86.3100,89.9640,20.2780,19.0345,2.4769,0.5021,False,False,6.2412,14.3998
2018-08-14,67.0400,2.0620,2.1260,86.6040,89.2920,20.4600,19.0692,2.4722,0.5626,False,False,6.3494,14.5002
2018-08-15,65.0700,2.0110,2.0870,84.4620,87.6540,20.4560,19.1045,2.4691,0.5474,False,False,6.5705,14.5829
2018-08-16,65.4400,2.0120,2.0940,84.5040,87.9480,20.2120,19.1386,2.4664,0.4352,False,False,6.3814,14.3901
2018-08-17,65.9300,2.0070,2.0990,84.2940,88.1580,19.6520,19.1591,2.4675,0.1998,False,False,5.9800,13.9498
2018-08-20,66.5000,2.0390,2.1120,85.6380,88.7040,20.1600,19.1707,2.4674,0.4010,False,False,6.2237,14.2965
2018-08-21,67.3200,2.0440,2.1230,85.8480,89.1660,19.6340,19.1959,2.4658,0.1777,False,False,5.8041,13.8646
2018-08-22,67.8500,2.0980,2.1690,88.1160,91.0980,21.2600,19.2135,2.4632,0.8308,False,False,6.7942,15.1315
2018-08-23,69.1300,2.0950,2.1770,87.9900,91.4340,20.0080,19.2350,2.4725,0.3126,False,False,5.8614,14.1162
2018-08-24,69.7100,2.1090,2.1990,88.5780,92.3580,20.1280,19.2490,2.4733,0.3554,False,False,5.8897,14.2127
2018-08-27,69.9700,2.1190,2.2180,88.9980,93.1560,20.4140,19.2682,2.4733,0.4633,False,False,6.0609,14.4539
2018-08-28,68.5400,2.0980,2.2140,88.1160,92.9880,21.2000,19.2854,2.4758,0.7733,False,False,6.7457,15.1636
2018-08-29,69.6800,2.1230,2.2460,89.1660,94.3320,21.2080,19.3056,2.4839,0.7659,False,False,6.6410,15.1515
2018-08-30,70.2500,2.1580,2.2460,90.6360,94.3320,21.6180,19.3204,2.4913,0.9223,False,False,6.7986,15.3840
2018-08-31,69.8400,2.1540,2.2400,90.4680,94.0800,21.8320,19.3360,2.5012,0.9979,False,False,6.9780,15.5630
2018-09-04,69.8200,2.1380,2.2440,89.7960,94.2480,21.4600,19.3591,2.5145,0.8355,False,False,6.7663,15.3108
2018-09-05,68.6900,2.0790,2.2370,87.3180,93.9540,20.8400,19.3692,2.5210,0.5834,False,False,6.5548,14.9652
2018-09-06,67.8100,2.0490,2.2130,86.0580,92.9460,20.5440,19.3749,2.5238,0.4632,False,False,6.4631,14.7683
2018-09-07,67.7300,2.0650,2.2180,86.7300,93.1560,21.1420,19.3785,2.5252,0.6983,False,False,6.8448,15.2244
2018-09-10,67.5500,2.0210,2.2220,84.8820,93.3240,20.1460,19.3920,2.5314,0.2978,False,False,6.2836,14.5405
2018-09-11,69.2900,2.0850,2.2590,87.5700,94.8780,20.7160,19.4069,2.5318,0.5170,False,False,6.4335,14.8839
2018-09-12,70.3700,2.1070,2.2610,88.4940,94.9620,20.2800,19.4284,2.5346,0.3360,False,False,6.0088,14.4579
2018-09-13,68.6000,2.0570,2.2270,86.3940,93.5340,20.1740,19.4469,2.5347,0.2869,False,False,6.1481,14.4620
2018-09-14,68.9800,2.0340,2.2100,85.4280,92.8200,18.9120,19.4710,2.5312,-0.2208,False,False,5.2963,13.4544
2018-09-17,68.8600,2.0390,2.2050,85.6380,92.6100,19.1020,19.4581,2.5311,-0.1407,False,False,5.4184,13.5876
2018-09-18,69.8700,2.0820,2.2340,87.4440,93.8280,19.7020,19.4498,2.5310,0.0997,False,False,5.6827,14.0060
2018-09-19,71.0800,2.0970,2.2410,88.0740,94.1220,19.0100,19.4447,2.5300,-0.1718,False,False,5.0947,13.3982
2018-09-20,70.7700,2.0790,2.2240,87.3180,93.4080,18.5780,19.4285,2.5281,-0.3364,False,False,4.8479,13.0641
2018-09-21,70.8000,2.0800,2.2220,87.3600,93.3240,18.5480,19.3998,2.5229,-0.3376,False,False,4.8210,13.0325
2018-09-24,73.2300,2.1260,2.2880,89.2920,96.0960,18.3300,19.3740,2.5196,-0.4144,False,False,4.4521,12.8300
2018-09-25,73.4000,2.1350,2.3020,89.6700,96.6840,18.6080,19.3288,2.5014,-0.2882,False,False,4.6220,13.0585
2018-09-26,72.2200,2.1290,2.3130,89.4180,97.1460,19.7740,19.2858,2.4800,0.1969,False,False,5.5276,14.0648
2018-09-27,72.1800,2.1440,2.3210,90.0480,97.4820,20.3460,19.2644,2.4673,0.4384,False,False,5.8938,14.5079
2018-09-28,73.1600,2.1580,2.3520,90.6360,98.7840,20.1920,19.2508,2.4580,0.3829,False,False,5.7146,14.3934
2018-10-01,75.3700,2.1950,2.4120,92.1900,101.3040,19.8580,19.2353,2.4476,0.2544,False,False,5.2976,14.1114
2018-10-02,75.1600,2.2040,2.3970,92.5680,100.6740,20.1100,19.2128,2.4324,0.3688,False,False,5.4499,14.2655
2018-10-03,76.4000,2.2190,2.4320,93.1980,102.1440,19.7800,19.1925,2.4172,0.2430,False,False,5.1332,14.0091
2018-10-04,74.4400,2.1890,2.3990,91.9380,100.7580,20.4380,19.1671,2.3987,0.5298,False,False,5.7625,14.5876
2018-10-05,74.2600,2.1700,2.3880,91.1400,100.2960,19.9320,19.1484,2.3822,0.3289,False,False,5.4637,14.2061
2018-10-08,74.2700,2.1750,2.3920,91.3500,100.4640,20.1180,19.1187,2.3554,0.4242,False,False,5.5821,14.3524
2018-10-09,74.9500,2.1570,2.4190,90.5940,101.5980,19.3120,19.0889,2.3254,0.0959,False,False,5.0499,13.7880
2018-10-10,73.1800,2.1000,2.3850,88.2000,100.1700,19.0100,19.0472,2.2871,-0.0163,False,False,5.0716,13.6510
2018-10-11,70.9700,2.0140,2.3260,84.5880,97.6920,17.9860,19.0008,2.2446,-0.4521,False,False,4.6758,12.9586
2018-10-12,71.4100,2.0240,2.3270,85.0080,97.7340,17.8400,18.9602,2.2295,-0.5025,False,False,4.5222,12.8084
2018-10-15,71.8400,2.0230,2.3260,84.9660,97.6920,17.3680,18.9156,2.2112,-0.6999,False,False,4.1702,12.4179
2018-10-16,71.9300,2.0590,2.3400,86.4780,98.2800,18.4820,18.8606,2.1873,-0.1731,False,False,4.8541,13.2571
2018-10-17,69.6300,2.0080,2.3180,84.3360,97.3560,19.0460,18.8226,2.1637,0.1032,False,False,5.5028,13.8423
2018-10-18,68.6300,1.9580,2.2990,82.2360,96.5580,18.3800,18.7966,2.1468,-0.1941,False,False,5.2183,13.4089
2018-10-19,69.1600,1.9910,2.3090,83.6220,96.9780,18.9140,18.7733,2.1398,0.0657,False,False,5.4775,13.7687
2018-10-22,69.2500,1.9850,2.3250,83.3700,97.6500,18.8800,18.7446,2.1202,0.0639,False,False,5.4768,13.7881
2018-10-23,66.4900,1.9130,2.2460,80.3460,94.3320,18.5180,18.7293,2.1143,-0.0999,False,False,5.5215,13.5656
2018-10-24,66.5600,1.8730,2.2370,78.6660,93.9540,17.2020,18.7245,2.1142,-0.7201,False,False,4.7021,12.5802
2018-10-25,67.2500,1.8810,2.2750,79.0020,95.5500,17.2680,18.6968,2.1176,-0.6747,False,False,4.7145,12.6795
2018-10-26,67.5800,1.9010,2.3040,79.8420,96.7680,17.9040,18.6638,2.1165,-0.3590,False,False,5.1059,13.1985
2018-10-29,67.0000,1.8950,2.2780,79.5900,95.6760,17.9520,18.6562,2.1180,-0.3325,False,False,5.1700,13.2095
2018-10-30,66.1800,1.8830,2.2630,79.0860,95.0460,18.2260,18.6507,2.1192,-0.2004,False,False,5.4300,13.4466
2018-10-31,65.3100,1.8330,2.2510,76.9860,94.5420,17.5280,18.6636,2.1130,-0.5374,False,False,5.1209,12.9994
2018-11-01,63.6700,1.7780,2.1970,74.6760,92.2740,16.8720,18.6855,2.0908,-0.8673,False,False,4.8680,12.5261
2018-11-02,63.1200,1.7630,2.1680,74.0460,91.0560,16.5960,18.7498,1.9394,-1.1106,False,False,4.7268,12.2904
2018-11-05,63.1200,1.7430,2.1890,73.2060,91.9380,16.3300,18.8140,1.7634,-1.4086,False,False,4.6113,12.1694
2018-11-06,62.1600,1.7550,2.1890,73.7100,91.9380,17.6260,18.8289,1.7365,-0.6927,False,False,5.5377,13.2082
2018-11-07,61.6900,1.7120,2.2410,71.9040,94.1220,17.6200,18.8471,1.7151,-0.7155,False,False,5.7161,13.4303
2018-11-08,60.7100,1.7140,2.1710,71.9880,91.1820,17.6760,18.8813,1.6588,-0.7266,False,False,5.7546,13.3432
2018-11-09,60.1900,1.6780,2.1570,70.4760,90.5940,16.9920,18.9148,1.6025,-1.1999,False,False,5.3954,12.8609
2018-11-12,59.8500,1.6820,2.1380,70.6440,89.7960,17.1780,18.9194,1.5964,-1.0909,False,False,5.5198,12.9683
2018-11-13,55.6300,1.5990,2.0630,67.1580,86.6460,18.0240,18.9474,1.5426,-0.5986,False,False,6.5241,13.7897
2018-11-14,56.1600,1.6190,2.0980,67.9980,88.1160,18.5440,18.9708,1.5122,-0.2822,False,False,6.8274,14.2234
2018-11-15,56.4500,1.6200,2.0800,68.0400,87.3600,18.0300,18.9945,1.4885,-0.6479,False,False,6.4363,13.7609
2018-11-16,56.4900,1.6480,2.0820,69.2160,87.4440,18.8020,19.0155,1.4610,-0.1462,False,False,6.8974,14.3191
2018-11-19,57.1600,1.6460,2.0890,69.1320,87.7380,18.1740,19.0412,1.4366,-0.6037,False,False,6.4315,13.8167
2018-11-20,53.3900,1.5670,1.9850,65.8140,83.3700,18.2760,19.0586,1.4164,-0.5525,False,False,6.8586,13.9554
2018-11-21,54.4100,1.5740,1.9740,66.1080,82.9080,17.2980,19.0852,1.3783,-1.2966,False,False,6.0907,13.1021
2018-11-26,51.4600,1.5130,1.8920,63.5460,79.4640,17.3920,19.0939,1.3645,-1.2473,False,False,6.4321,13.2188
2018-11-27,51.3100,1.5010,1.8900,63.0420,79.3800,17.1780,19.0980,1.3589,-1.4129,False,False,6.3227,13.0745
2018-11-28,50.0600,1.4640,1.8350,61.4880,77.0700,16.6220,19.1057,1.3459,-1.8453,False,False,6.0674,12.6268
2018-11-29,51.4600,1.5240,1.8370,64.0080,77.1540,16.9300,19.1100,1.3374,-1.6300,False,False,6.0394,12.7013
2018-11-30,50.7800,1.5110,1.8290,63.4620,76.8180,17.1340,19.0778,1.3545,-1.4350,False,False,6.2504,12.8961
2018-12-03,52.9800,1.5250,1.8920,64.0500,79.4640,16.2080,19.0765,1.3563,-2.1150,False,False,5.4861,12.1991
2018-12-04,53.2100,1.5180,1.8920,63.7560,79.4640,15.7820,19.0586,1.3832,-2.3688,False,False,5.1948,11.8671
2018-12-05,52.6400,1.5260,1.8910,64.0920,79.4220,16.5620,19.0260,1.4248,-1.7293,False,False,5.7491,12.4880
2018-12-06,51.5400,1.5250,1.8650,64.0500,78.3300,17.2700,18.9707,1.4228,-1.1954,False,False,6.2898,13.0314
2018-12-07,52.7600,1.5540,1.8830,65.2680,79.0860,17.1140,18.9530,1.4338,-1.2826,False,False,6.0449,12.8454
2018-12-10,51.0700,1.5030,1.8450,63.1260,77.4900,16.8440,18.9319,1.4467,-1.4432,False,False,6.0650,12.7092
2018-12-11,51.6500,1.4980,1.8490,62.9160,77.6580,16.1800,18.9144,1.4623,-1.8700,False,False,5.5851,12.1807
2018-12-12,51.0400,1.4840,1.8510,62.3280,77.7420,16.4260,18.8816,1.4899,-1.6482,False,False,5.8315,12.4317
2018-12-13,52.6900,1.5460,1.8890,64.9320,79.3380,17.0440,18.8439,1.5085,-1.1932,False,False,6.0263,12.8228
2018-12-14,51.2600,1.4990,1.8480,62.9580,77.6160,16.5840,18.8184,1.5192,-1.4707,False,False,5.8859,12.5112
2018-12-17,49.8000,1.4570,1.8060,61.1940,75.8520,16.2800,18.7750,1.5267,-1.6343,False,False,5.8416,12.3118
2018-12-18,46.1200,1.4000,1.7630,58.8000,74.0460,17.7620,18.7367,1.5454,-0.6307,False,False,7.2109,13.6391
2018-12-19,47.9600,1.4220,1.7990,59.7240,75.5580,17.0420,18.7169,1.5464,-1.0831,False,False,6.5693,13.0393
2018-12-20,45.6400,1.3840,1.7620,58.1280,74.0040,17.7800,18.6819,1.5482,-0.5825,False,False,7.2940,13.7015
2018-12-21,45.3800,1.3600,1.7340,57.1200,72.8280,16.9760,18.6541,1.5417,-1.0885,False,False,6.7931,13.0572
2018-12-26,46.0400,1.3970,1.7520,58.6740,73.5840,17.6040,18.6154,1.5396,-0.6569,False,False,7.1054,13.4972
2018-12-27,44.4800,1.3770,1.7060,57.8340,71.6520,17.9600,18.5837,1.5307,-0.4075,False,False,7.4642,13.7706
2018-12-28,45.1500,1.3680,1.6630,57.4560,69.8460,16.4360,18.5587,1.5223,-1.3944,False,False,6.3556,12.4551
2019-01-02,46.3100,1.3940,1.7050,58.5480,71.6100,16.5920,18.5230,1.5339,-1.2588,False,False,6.3576,12.5809
2019-01-03,46.9200,1.4050,1.7380,59.0100,72.9960,16.7520,18.4833,1.5372,-1.1263,False,False,6.4284,12.7399
2019-01-04,47.7600,1.4080,1.7780,59.1360,74.6760,16.5560,18.4513,1.5429,-1.2284,False,False,6.2646,12.6408
2019-01-07,48.2700,1.3950,1.8030,58.5900,75.7260,16.0320,18.3990,1.5265,-1.5507,False,False,5.9237,12.2914
2019-01-08,49.5800,1.4130,1.8220,59.3460,76.5240,15.4920,18.3548,1.5367,-1.8629,False,False,5.4365,11.8224
2019-01-09,52.1900,1.4780,1.8780,62.0760,78.8760,15.4860,18.3033,1.5541,-1.8129,False,False,5.1459,11.7191
2019-01-10,52.4200,1.4740,1.8950,61.9080,79.5900,15.3820,18.2486,1.5655,-1.8311,False,False,5.0836,11.6760
2019-01-11,51.4400,1.4530,1.8810,61.0260,79.0020,15.5780,18.1839,1.5624,-1.6679,False,False,5.3237,11.8779
2019-01-14,50.3100,1.4130,1.8510,59.3460,77.7420,15.1680,18.1214,1.5528,-1.9020,False,False,5.1898,11.6062
2019-01-15,51.8000,1.4490,1.8670,60.8580,78.4140,14.9100,18.0497,1.5385,-2.0408,False,False,4.8377,11.3103
2019-01-16,52.0800,1.4470,1.8890,60.7740,79.3380,14.8820,17.9728,1.5204,-2.0329,False,False,4.8237,11.3333
2019-01-17,51.8300,1.4560,1.8780,61.1520,78.8760,15.2300,17.8997,1.5091,-1.7691,False,False,5.0481,11.5744
2019-01-18,53.6000,1.4760,1.9080,61.9920,80.1360,14.4400,17.8374,1.5022,-2.2616,False,False,4.3628,10.9117
2019-01-21,51.8300,1.4560,1.8780,61.1520,78.8760,15.2300,17.7696,1.5162,-1.6750,False,False,5.0481,11.5744
2019-01-22,52.5900,1.4350,1.8980,60.2700,79.7160,14.1620,17.7039,1.4966,-2.3666,False,False,4.3316,10.7890
2019-01-23,52.4400,1.4170,1.8810,59.5140,79.0020,13.5700,17.6374,1.5194,-2.6770,False,False,3.9639,10.3222
2019-01-24,52.9400,1.4170,1.8800,59.5140,78.9600,13.0560,17.5580,1.5429,-2.9178,False,False,3.5759,9.8937
2019-01-25,53.5300,1.4210,1.8820,59.6820,79.0440,12.6060,17.4777,1.5865,-3.0706,False,False,3.2186,9.5115
2019-01-28,51.7900,1.3690,1.8370,57.4980,77.1540,12.2600,17.3936,1.6410,-3.1283,False,False,3.1863,9.3026
2019-01-29,53.0700,1.3850,1.8870,58.1700,79.2540,12.1280,17.3197,1.7189,-3.0203,False,False,3.0137,9.2348
2019-01-30,54.1800,1.4380,1.8920,60.3960,79.4640,12.5720,17.2422,1.7925,-2.6055,False,False,3.1185,9.4492
2019-01-31,53.8400,1.4100,1.8690,59.2200,78.4980,11.8060,17.1630,1.8390,-2.9131,False,False,2.6633,8.8578
2019-02-01,55.2900,1.4630,1.9110,61.4460,80.2620,12.4280,17.0830,1.9121,-2.4344,False,False,2.8999,9.2872
2019-02-04,54.5700,1.4680,1.9060,61.6560,80.0520,13.2180,17.0146,1.9666,-1.9305,False,False,3.4750,9.9184
2019-02-05,53.6900,1.4570,1.8960,61.1940,79.6320,13.6500,16.9554,1.9995,-1.6531,False,False,3.8496,10.2927
2019-02-06,53.9400,1.4850,1.9090,62.3700,80.1780,14.3660,16.9034,2.0238,-1.2538,False,False,4.2678,10.8244
2019-02-07,52.6800,1.4680,1.8980,61.6560,79.7160,14.9960,16.8563,2.0329,-0.9151,False,False,4.8180,11.3796
2019-02-08,52.7500,1.4920,1.9060,62.6640,80.0520,15.7100,16.8032,2.0184,-0.5416,False,False,5.2523,11.9129
2019-02-11,52.4300,1.4700,1.8910,61.7400,79.4220,15.2040,16.7517,1.9862,-0.7792,False,False,4.9669,11.5333
2019-02-12,53.1400,1.4780,1.9050,62.0760,80.0100,14.9140,16.6962,1.9588,-0.9098,False,False,4.7122,11.2935
2019-02-13,53.8400,1.5170,1.9370,63.7140,81.3540,15.7540,16.6413,1.9386,-0.4577,False,False,5.1749,11.9288
2019-02-14,54.4000,1.5580,1.9720,65.4360,82.8240,16.8320,16.5929,1.9055,0.1255,False,False,5.8084,12.7610
2019-02-15,55.5800,1.6290,2.0190,68.4180,84.7980,18.2980,16.5602,1.8755,0.9266,False,False,6.6038,13.8446
2019-02-18,55.5800,1.6290,2.0190,68.4180,84.7980,18.2980,16.5364,1.8394,0.9577,False,False,6.6038,13.8446
2019-02-19,56.1200,1.6200,1.9930,68.0400,83.7060,17.1420,16.5182,1.8137,0.3439,False,False,5.7719,12.8655
2019-02-20,56.9000,1.6510,2.0090,69.3420,84.3780,17.4540,16.4852,1.7745,0.5460,False,False,5.8718,13.0581
2019-02-21,56.9500,1.6690,2.0260,70.0980,85.0920,18.1460,16.4645,1.7522,0.9597,False,False,6.3149,13.6080
2019-02-22,57.0100,1.6720,2.0260,70.2240,85.0920,18.1700,16.4549,1.7405,0.9854,False,False,6.3201,13.6187
2019-02-25,55.3200,1.6120,1.9730,67.7040,82.8660,17.4380,16.4570,1.7424,0.5630,False,False,6.0315,13.0994
2019-02-26,55.4000,1.6550,1.9990,69.5100,83.9580,18.9260,16.4525,1.7394,1.4221,False,False,6.9665,14.2494
2019-02-27,56.9200,1.6950,2.0170,71.1900,84.7140,18.7780,16.4698,1.7561,1.3144,False,False,6.6799,14.0361
2019-02-28,57.2100,1.6790,2.0270,70.5180,85.1340,18.1800,16.4731,1.7601,0.9698,False,False,6.2972,13.6072
2019-03-01,55.7600,1.7760,1.9970,74.5920,83.8740,21.9260,16.4635,1.7484,3.1244,True,True,8.7065,16.3630
2019-03-04,56.6000,1.6670,2.0120,70.0140,84.5040,18.2440,16.5029,1.8292,0.9519,False,False,6.3986,13.6700
2019-03-05,56.5500,1.6850,2.0180,70.7700,84.7560,18.8820,16.4954,1.8207,1.3108,False,False,6.8017,14.1550
2019-03-06,56.2200,1.7170,2.0160,72.1140,84.6720,20.0800,16.4954,1.8207,1.9687,False,False,7.5675,15.0472
2019-03-07,56.6000,1.7320,2.0080,72.7440,84.3360,20.0080,16.5128,1.8472,1.8922,False,False,7.4486,14.9266
2019-03-08,55.7700,1.7360,1.9990,72.9120,83.9580,20.8240,16.5440,1.8819,2.2743,True,True,8.0480,15.5752
2019-03-11,56.7900,1.7620,1.9990,74.0040,83.9580,20.5320,16.5835,1.9333,2.0423,True,False,7.7146,15.2528
2019-03-12,56.8900,1.7540,1.9840,73.6680,83.3280,19.9980,16.6127,1.9725,1.7163,False,False,7.3473,14.8069
2019-03-13,58.2700,1.8030,1.9960,75.7260,83.8320,20.1580,16.6354,1.9994,1.7618,False,False,7.2546,14.8106
2019-03-14,58.5900,1.8310,1.9790,76.9020,83.1180,20.3840,16.6569,2.0266,1.8391,False,False,7.3049,14.8810
2019-03-15,58.5100,1.8330,1.9630,76.9860,82.4460,20.2960,16.6886,2.0620,1.7495,False,False,7.2308,14.7727
2019-03-18,59.0900,1.8650,1.9640,78.3300,82.4880,20.6260,16.7267,2.0963,1.8601,False,False,7.3410,14.9499
2019-03-19,59.1200,1.8770,1.9830,78.8340,83.2860,21.1980,16.7714,2.1357,2.0726,True,True,7.7195,15.4222
2019-03-20,60.1200,1.8920,2.0010,79.4640,84.0420,20.8700,16.8255,2.1849,1.8511,False,False,7.4055,15.1366
2019-03-21,59.9800,1.9140,1.9820,80.3880,83.2440,21.3600,16.8616,2.2243,2.0224,True,True,7.6813,15.4409
2019-03-22,58.8700,1.9030,1.9630,79.9260,82.4460,21.8960,16.9031,2.2725,2.1971,True,False,8.1350,15.8851
2019-03-25,58.7100,1.8930,1.9810,79.5060,83.2020,22.0280,16.9500,2.3307,2.1787,True,False,8.2769,16.0582
2019-03-26,59.8700,1.9150,1.9910,80.4300,83.6220,21.6240,17.0060,2.3907,1.9316,False,False,7.8757,15.6733
2019-03-27,59.3900,1.8470,1.9820,77.5740,83.2440,20.0740,17.0554,2.4392,1.2375,False,False,7.0011,14.5799
2019-03-28,59.2900,1.8240,1.9710,76.6080,82.7820,19.3760,17.0782,2.4576,0.9350,False,False,6.5748,14.0514
2019-03-29,60.1900,1.8310,1.9700,76.9020,82.7400,18.6580,17.0874,2.4647,0.6372,False,False,6.0024,13.4321
2019-04-01,61.5900,1.8380,1.9900,77.1960,83.5800,17.7340,17.0944,2.4682,0.2591,False,False,5.2729,12.6800
2019-04-02,62.5300,1.8650,2.0120,78.3300,84.5040,17.8580,17.0825,2.4626,0.3149,False,False,5.2478,12.7398
2019-04-03,62.4600,1.9700,2.0110,82.7400,84.4620,20.8540,17.0790,2.4612,1.5338,False,False,7.0542,14.9012
2019-04-04,62.1200,1.9540,2.0120,82.0680,84.5040,20.7600,17.1076,2.4898,1.4669,False,False,7.0526,14.8743
2019-04-05,63.1000,1.9920,2.0440,83.6640,85.8480,21.2920,17.1461,2.5190,1.6458,False,False,7.2871,15.2571
2019-04-08,64.3700,2.0080,2.0570,84.3360,86.3940,20.6520,17.1894,2.5562,1.3546,False,False,6.7335,14.7003
2019-04-09,64.0500,2.0190,2.0470,84.7980,85.9740,21.1400,17.2280,2.5818,1.5152,False,False,7.0550,15.0532
2019-04-10,64.6200,2.0740,2.0810,87.1080,87.4020,22.5860,17.2782,2.6133,2.0311,True,True,7.9056,16.1459
2019-04-11,63.6100,2.0500,2.0740,86.1000,87.1080,22.8260,17.3411,2.6715,2.0531,True,False,8.1914,16.4063
2019-04-12,63.8600,2.0470,2.0670,85.9740,86.8140,22.3940,17.4043,2.7325,1.8260,False,False,7.8788,16.0442
2019-04-15,63.4300,2.0350,2.0630,85.4700,86.6460,22.4320,17.4731,2.7790,1.7844,False,False,7.9599,16.1054
2019-04-16,64.0100,2.0580,2.0840,86.4360,87.5280,22.7900,17.5470,2.8211,1.8585,False,False,8.1288,16.3699
2019-04-17,63.7400,2.0660,2.0740,86.7720,87.1080,23.1440,17.6162,2.8720,1.9247,False,False,8.3621,16.6209
2019-04-18,64.0200,2.0920,2.0730,87.8640,87.0660,23.5780,17.6814,2.9296,2.0128,True,True,8.5770,16.8992
2019-04-22,65.6600,2.1460,2.1100,90.1320,88.6200,23.9680,17.7532,2.9933,2.0762,True,False,8.6345,17.1240
2019-04-23,66.2400,2.1470,2.1210,90.1740,89.0820,23.5700,17.8324,3.0617,1.8740,False,False,8.3289,16.8106
2019-04-24,65.9600,2.1380,2.0960,89.7960,88.0320,23.2480,17.9145,3.1149,1.7123,False,False,8.1266,16.5255
2019-04-25,65.2300,2.1180,2.1000,88.9560,88.2000,23.4740,17.9903,3.1604,1.7351,False,False,8.3838,16.7820
2019-04-26,63.2900,2.0770,2.0440,87.2340,85.8480,23.4820,18.0618,3.2105,1.6883,False,False,8.5716,16.8130
2019-04-29,63.3900,2.0740,2.0600,87.1080,86.5200,23.5220,18.1384,3.2563,1.6533,False,False,8.6137,16.8845
2019-04-30,63.8300,2.0520,2.0780,86.1840,87.2760,22.7180,18.2189,3.2986,1.3640,False,False,8.1009,16.3177
2019-05-01,63.5500,1.9990,2.0910,83.9580,87.8220,21.6960,18.2739,3.3317,1.0271,False,False,7.5584,15.6564
2019-05-02,61.7500,2.0050,2.0690,84.2100,86.8980,23.3560,18.3256,3.3483,1.5024,False,False,8.7873,16.9757
2019-05-03,61.9800,1.9710,2.0650,82.7820,86.7300,22.1180,18.3876,3.3889,1.1008,False,False,8.0004,16.0456
2019-05-06,62.3000,1.9490,2.0750,81.8580,87.1500,21.3220,18.4447,3.4080,0.8443,False,False,7.4942,15.4708
2019-05-07,61.4100,1.8840,2.0300,79.1280,85.2600,19.7620,18.4860,3.4200,0.3731,False,False,6.6017,14.2943
2019-05-08,62.1300,1.9180,2.0560,80.5560,86.3520,20.3580,18.5061,3.4222,0.5412,False,False,6.9023,14.7316
2019-05-09,61.5800,1.9180,2.0370,80.5560,85.5540,20.6420,18.5496,3.4205,0.6117,False,False,7.1180,14.9328
2019-05-10,61.6500,1.9370,2.0530,81.3540,86.2260,21.3280,18.5946,3.4211,0.7990,False,False,7.5523,15.4727
2019-05-13,60.9700,1.9050,2.0280,80.0100,85.1760,20.7620,18.6455,3.4273,0.6175,False,False,7.2656,15.0560
2019-05-14,61.8200,1.9210,2.0520,80.6820,86.1840,20.6960,18.6922,3.4272,0.5847,False,False,7.1447,14.9956
2019-05-15,62.0300,1.9620,2.0850,82.4040,87.5700,22.0960,18.7440,3.4218,0.9796,False,False,8.0214,16.0914
2019-05-16,62.9300,2.0100,2.1250,84.4200,89.2500,23.1000,18.8174,3.4221,1.2514,False,False,8.5683,16.8497
2019-05-17,62.7700,1.9800,2.0920,83.1600,87.8640,21.9580,18.9020,3.4328,0.8902,False,False,7.8386,15.9342
2019-05-20,63.1200,1.9570,2.0780,82.1940,87.2760,20.7680,18.9751,3.4271,0.5232,False,False,7.0410,14.9918
2019-05-21,63.0200,1.9590,2.0790,82.2780,87.3180,20.9380,19.0328,3.4131,0.5582,False,False,7.1606,15.1286
2019-05-22,61.4200,1.9180,2.0420,80.5560,85.7640,20.8720,19.0969,3.3940,0.5230,False,False,7.2913,15.1328
2019-05-23,57.6500,1.8480,1.9680,77.6160,82.6560,21.6460,19.1631,3.3697,0.7368,False,False,8.1847,15.8561
2019-05-24,58.4000,1.8750,1.9850,78.7500,83.3700,21.8900,19.2383,3.3488,0.7918,False,False,8.2505,16.0064
2019-05-27,58.4000,1.8750,1.9850,78.7500,83.3700,21.8900,19.3123,3.3329,0.7734,False,False,8.2505,16.0064
2019-05-28,58.9100,1.8800,1.9920,78.9600,83.6640,21.6180,19.3950,3.3033,0.6730,False,False,8.0229,15.7780
2019-05-29,58.8400,1.8680,1.9720,78.4560,82.8240,21.0720,19.4660,3.2816,0.4894,False,False,7.6642,15.3254
2019-05-30,56.4700,1.8010,1.9100,75.6420,80.2200,20.6980,19.5428,3.2371,0.3569,False,False,7.6770,15.1085
2019-05-31,53.4900,1.7270,1.8360,72.5340,77.1120,20.5700,19.6220,3.1767,0.2984,False,False,7.9066,15.0955
2019-06-03,53.2500,1.6230,1.8010,68.1660,75.6420,17.4080,19.7055,3.1008,-0.7409,False,False,5.9732,12.7276
2019-06-04,53.5000,1.6390,1.8220,68.8380,76.5240,17.9000,19.7588,3.0184,-0.6158,False,False,6.2737,13.1249
2019-06-05,51.5700,1.6290,1.7710,68.4180,74.3820,18.8360,19.8215,2.9190,-0.3376,False,False,7.0273,13.8398
2019-06-06,52.5900,1.6630,1.8030,69.8460,75.7260,19.2160,19.8960,2.8050,-0.2424,False,False,7.1645,14.1087
2019-06-07,53.9500,1.6770,1.8190,70.4340,76.3980,18.4720,19.9699,2.6966,-0.5555,False,False,6.5408,13.4772
2019-06-10,53.3300,1.6710,1.8030,70.1820,75.7260,18.7000,20.0439,2.5594,-0.5251,False,False,6.7401,13.6558
2019-06-11,53.3000,1.7140,1.8150,71.9880,76.2300,20.1020,20.1136,2.4334,-0.0048,False,False,7.6112,14.7088
2019-06-12,51.1300,1.6390,1.7640,68.8380,74.0880,19.4580,20.1901,2.3211,-0.3154,False,False,7.4540,14.3125
2019-06-13,52.3800,1.6920,1.7980,71.0640,75.5160,20.1680,20.2546,2.2167,-0.0391,False,False,7.7577,14.8004
2019-06-14,52.4700,1.7010,1.8210,71.4420,76.4820,20.6520,20.3191,2.1271,0.1565,False,False,8.0825,15.2163
2019-06-17,51.9400,1.6650,1.7920,69.9300,75.2640,19.7680,20.3820,2.0511,-0.2993,False,False,7.5733,14.5407
2019-06-18,53.8600,1.6940,1.8240,71.1480,76.6080,19.1080,20.4270,1.9916,-0.6623,False,False,6.9469,13.9618
2019-06-19,53.7400,1.7290,1.8230,72.6180,76.5660,20.1940,20.4704,1.9186,-0.1441,False,False,7.6150,14.7536
2019-06-20,56.8800,1.7740,1.8820,74.5080,79.0440,19.1400,20.5291,1.8263,-0.7606,False,False,6.6198,13.8475
2019-06-21,57.3500,1.8460,1.9120,77.5320,80.3040,21.1060,20.5667,1.7612,0.3062,False,False,7.7895,15.3121
2019-06-24,57.7300,1.8300,1.9000,76.8600,79.8000,20.1100,20.6142,1.7170,-0.2937,False,False,7.1079,14.5129
2019-06-25,57.6300,1.8650,1.9180,78.3300,80.5560,21.4420,20.6343,1.7002,0.4750,False,False,7.9603,15.5434
2019-06-26,59.1700,1.9330,1.9650,81.1860,82.5300,22.4640,20.6693,1.6841,1.0657,False,False,8.4335,16.2678
2019-06-27,59.1800,1.9090,1.9490,80.1780,81.8580,21.5580,20.7284,1.6523,0.5021,False,False,7.8548,15.5606
2019-06-28,58.2000,1.9130,1.9310,80.3460,81.1020,22.3980,20.7740,1.6176,1.0040,False,False,8.4729,16.2127
2019-07-01,58.9100,1.8930,1.9500,79.5060,81.9000,21.3940,20.8212,1.6022,0.3575,False,False,7.8003,15.4756
2019-07-02,56.0000,1.8910,1.8920,79.4220,79.4640,23.4360,20.8571,1.5784,1.6339,False,False,9.3548,17.0710
2019-07-03,57.0600,1.9190,1.9020,80.5980,79.8840,23.3000,20.9237,1.5591,1.5241,False,False,9.1299,16.8901
2019-07-08,57.3500,1.8930,1.8900,79.5060,79.3800,22.1140,20.9723,1.5642,0.7299,False,False,8.3481,15.9640
2019-07-09,57.5700,1.9270,1.9150,80.9340,80.4300,23.1960,21.0094,1.5513,1.4096,False,False,9.0158,16.8028
2019-07-10,60.2800,1.9910,1.9760,83.6220,82.9920,23.1320,21.0651,1.5387,1.3433,False,False,8.6854,16.6636
2019-07-11,59.9300,1.9820,1.9800,83.2440,83.1600,23.2860,21.0785,1.5513,1.4230,False,False,8.8404,16.8264
2019-07-12,59.9900,1.9610,1.9810,82.3620,83.2020,22.6520,21.1345,1.5389,0.9861,False,False,8.4529,16.3667
2019-07-15,59.3000,1.9080,1.9440,80.1360,81.6480,21.3400,21.1764,1.5283,0.1070,False,False,7.6949,15.3736
2019-07-16,57.4400,1.8930,1.9100,79.5060,80.2200,22.3040,21.1904,1.5240,0.7307,False,False,8.4902,16.1581
2019-07-17,56.5000,1.8550,1.8830,77.9100,79.0860,21.8020,21.2159,1.5232,0.3848,False,False,8.2780,15.8093
2019-07-18,55.0800,1.8250,1.8770,76.6500,78.8340,22.2980,21.2268,1.5238,0.7030,False,False,8.7831,16.3025
2019-07-19,55.4200,1.8320,1.8940,76.9440,79.5480,22.3920,21.2464,1.5261,0.7506,False,False,8.8225,16.3899
2019-07-22,55.8700,1.8160,1.8990,76.2720,79.7580,21.5640,21.2730,1.5250,0.1908,False,False,8.2664,15.7610
2019-07-23,56.5800,1.8460,1.9180,77.5320,80.5560,21.9600,21.2886,1.5207,0.4415,False,False,8.4339,16.0319
2019-07-24,55.9000,1.8440,1.9040,77.4480,79.9680,22.3880,21.3062,1.5192,0.7121,False,False,8.7667,16.3678
2019-07-25,55.8800,1.8660,1.9030,78.3720,79.9260,23.0100,21.3294,1.5196,1.1059,False,False,9.1409,16.8145
2019-07-26,56.0400,1.8660,1.9040,78.3720,79.9680,22.8640,21.3559,1.5279,0.9871,False,False,9.0306,16.6951
2019-07-29,56.8500,1.8580,1.9120,78.0360,80.3040,21.9420,21.3744,1.5359,0.3695,False,False,8.3687,15.9691
2019-07-30,58.0400,1.8870,1.9480,79.2540,81.8160,22.0680,21.3863,1.5361,0.4438,False,False,8.3354,16.0498
2019-07-31,58.5300,1.8770,1.9610,78.8340,82.3620,21.4800,21.3942,1.5378,0.0558,False,False,7.9340,15.6163
2019-08-01,53.6400,1.7730,1.8600,74.4660,78.1200,22.0440,21.3896,1.5369,0.4258,False,False,8.8182,16.2209
2019-08-02,55.6700,1.7840,1.8640,74.9280,78.2880,20.3780,21.3897,1.5370,-0.6583,False,False,7.5123,14.8115
2019-08-05,54.6300,1.7340,1.8320,72.8280,76.9440,19.5700,21.3759,1.5404,-1.1723,False,False,7.1215,14.2366
2019-08-06,53.6000,1.7010,1.8220,71.4420,76.5240,19.5360,21.3703,1.5460,-1.1864,False,False,7.2398,14.2918
2019-08-07,51.1400,1.6600,1.7730,69.7200,74.4660,20.1620,21.3721,1.5438,-0.7838,False,False,7.8938,14.8485
2019-08-08,52.6000,1.6670,1.7790,70.0140,74.7180,18.9820,21.3888,1.5224,-1.5810,False,False,6.9721,13.8585
2019-08-09,54.4100,1.6790,1.7960,70.5180,75.4320,17.7460,21.4026,1.4944,-2.4469,False,False,5.9857,12.8266
2019-08-12,54.9800,1.6780,1.8020,70.4760,75.6840,17.2320,21.4014,1.4974,-2.7844,False,False,5.6015,12.4140
2019-08-13,57.0500,1.7450,1.8580,73.2900,78.0360,17.8220,21.3612,1.5590,-2.2701,False,False,5.7523,12.7992
2019-08-14,55.1600,1.6840,1.8230,70.7280,76.5660,17.5140,21.3285,1.6014,-2.3819,False,False,5.7869,12.6678
2019-08-15,54.5100,1.6450,1.7930,69.0900,75.3060,16.6520,21.2865,1.6506,-2.8078,False,False,5.3075,12.0178
2019-08-16,54.8300,1.6590,1.8090,69.6780,75.9780,16.9480,21.2421,1.7195,-2.4973,False,False,5.4691,12.2495
2019-08-19,56.2400,1.6870,1.8220,70.8540,76.5240,16.5040,21.1955,1.7774,-2.6395,False,False,5.0114,11.8184
2019-08-20,56.1800,1.7030,1.8410,71.5260,77.3220,17.2780,21.1279,1.8379,-2.0948,False,False,5.5250,12.4461
2019-08-21,55.6500,1.7210,1.8570,72.2820,77.9940,18.5360,21.0663,1.8726,-1.3512,False,False,6.3956,13.4639
2019-08-22,55.3300,1.6940,1.8390,71.1480,77.2380,17.8480,21.0234,1.8858,-1.6838,False,False,5.9945,12.9433
2019-08-23,54.0800,1.6710,1.8120,70.1820,76.1040,18.0760,20.9725,1.9089,-1.5174,False,False,6.2684,13.1542
2019-08-26,53.5400,1.6490,1.7940,69.2580,75.3480,17.7480,20.9201,1.9229,-1.6497,False,False,6.1175,12.9170
2019-08-27,54.9900,1.6750,1.8110,70.3500,76.0620,17.2640,20.8602,1.9367,-1.8569,False,False,5.6380,12.4661
2019-08-28,55.7600,1.7210,1.8560,72.2820,77.9520,18.4120,20.7900,1.9513,-1.2187,False,False,6.3020,13.3592
2019-08-29,56.6700,1.7080,1.8660,71.7360,78.3720,17.2780,20.7283,1.9376,-1.7807,False,False,5.5016,12.4762
2019-08-30,55.0700,1.6430,1.8260,69.0060,76.6920,16.4980,20.6584,1.9473,-2.1365,False,False,5.1975,11.9562
2019-09-02,55.0700,1.6430,1.8260,69.0060,76.6920,16.4980,20.5834,1.9759,-2.0676,False,False,5.1975,11.9562
2019-09-03,53.9100,1.5010,1.7990,63.0420,75.5580,13.3040,20.5058,1.9977,-3.6051,False,False,3.4042,9.6934
2019-09-04,56.2200,1.6720,1.8840,70.2240,79.1280,16.9720,20.3928,2.1109,-1.6205,False,False,5.4255,12.3659
2019-09-05,56.3300,1.6750,1.8830,70.3500,79.0860,16.9320,20.3200,2.1146,-1.6022,False,False,5.3824,12.3216
2019-09-06,56.4500,1.7110,1.8930,71.8620,79.5060,17.9600,20.2557,2.1287,-1.0785,False,False,6.0016,13.0822
2019-09-09,57.8800,1.7260,1.9240,72.4920,80.8080,17.3840,20.2142,2.1366,-1.3246,False,False,5.4994,12.6143
2019-09-10,57.3700,1.7290,1.9280,72.6180,80.9760,18.0340,20.1478,2.1307,-0.9921,False,False,5.9769,13.1519
2019-09-11,55.6600,1.6990,1.9060,71.3580,80.0520,18.5960,20.1024,2.1318,-0.7067,False,False,6.5329,13.6707
2019-09-12,55.1300,1.6790,1.8940,70.5180,79.5480,18.3980,20.0722,2.1336,-0.7847,False,False,6.4710,13.5461
2019-09-13,54.7600,1.6860,1.8930,70.8120,79.5060,18.9500,20.0570,2.1406,-0.5172,False,False,6.8575,13.9809
2019-09-16,63.1000,1.8590,2.0690,78.0780,86.8980,17.9180,20.0414,2.1434,-0.9906,False,False,5.3152,12.9118
2019-09-17,59.2600,1.8000,2.0030,75.6000,84.1260,19.1820,20.0111,2.1540,-0.3849,False,False,6.5302,14.0225
2019-09-18,58.1900,1.7770,1.9910,74.6340,83.6220,19.4400,19.9872,2.1511,-0.2544,False,False,6.8256,14.2857
2019-09-19,58.1900,1.8180,2.0270,76.3560,85.1340,21.0920,19.9726,2.1503,0.5206,False,False,7.8924,15.5961
2019-09-20,57.9200,1.7890,2.0000,75.1380,84.0000,20.1720,19.9770,2.1522,0.0906,False,False,7.3256,14.8726
2019-09-23,58.6900,1.7810,1.9930,74.8020,83.7060,19.0800,19.9556,2.1405,-0.4090,False,False,6.5363,13.9782
2019-09-24,57.2200,1.7480,1.9590,73.4160,82.2780,19.1500,19.9109,2.1163,-0.3596,False,False,6.7348,14.0760
2019-09-25,56.3800,1.7260,1.9560,72.4920,82.1520,19.3320,19.8797,2.1065,-0.2600,False,False,6.9679,14.2894
2019-09-26,56.2400,1.7630,1.9560,74.0460,82.1520,20.5080,19.8638,2.1052,0.3060,False,False,7.6952,15.1515
2019-09-27,55.9500,1.7540,1.9480,73.6680,81.8160,20.4340,19.8590,2.1032,0.2734,False,False,7.6790,15.1033
2019-09-30,54.0900,1.7070,1.9030,71.6940,79.9260,20.3480,19.8541,2.1014,0.2350,False,False,7.8211,15.0947
2019-10-01,53.6000,1.6790,1.9050,70.5180,80.0100,20.0820,19.8397,2.0935,0.1157,False,False,7.7417,14.9638
2019-10-02,52.6700,1.6900,1.8730,70.9800,78.6660,20.8720,19.8196,2.0823,0.5054,False,False,8.2927,15.5274
2019-10-03,52.4100,1.6520,1.8840,69.3840,79.1280,20.2220,19.8083,2.0738,0.1995,False,False,7.9661,15.1250
2019-10-04,52.8400,1.6730,1.9020,70.2660,79.8840,20.6320,19.7928,2.0654,0.4063,False,False,8.1832,15.4334
2019-10-07,52.7600,1.6740,1.9140,70.3080,80.3880,20.9080,19.7879,2.0629,0.5430,False,False,8.3864,15.6812
2019-10-08,52.6400,1.6730,1.9060,70.2660,80.0520,20.8880,19.7902,2.0641,0.5319,False,False,8.3762,15.6531
2019-10-09,52.6300,1.7030,1.9240,71.5260,80.8080,21.9900,19.7938,2.0657,1.0632,False,False,9.0767,16.5081
2019-10-10,53.5700,1.7340,1.9360,72.8280,81.3120,22.0860,19.8447,2.0627,1.0866,False,False,9.0138,16.5142
2019-10-11,54.7600,1.7590,1.9660,73.8780,82.5720,22.0160,19.8912,2.0655,1.0287,False,False,8.8504,16.4337
2019-10-14,53.5700,1.7290,1.9200,72.6180,80.6400,21.7220,19.9265,2.0743,0.8656,False,False,8.7618,16.1983
2019-10-15,52.8100,1.7290,1.9320,72.6180,81.1440,22.6500,19.9544,2.0814,1.2951,False,False,9.4617,16.9904
2019-10-16,53.4200,1.7400,1.9580,73.0800,82.2360,22.7120,20.0008,2.0944,1.2945,False,False,9.4589,17.0553
2019-10-17,53.8900,1.7490,1.9690,73.4580,82.6980,22.6480,20.0454,2.1089,1.2341,False,False,9.3708,16.9945
2019-10-18,53.7500,1.7510,1.9610,73.5420,82.3620,22.7320,20.0736,2.1265,1.2501,False,False,9.4261,17.0435
2019-10-21,53.2800,1.7400,1.9640,73.0800,82.4880,22.9360,20.1100,2.1436,1.3184,False,False,9.6276,17.2522
2019-10-22,54.2100,1.7190,1.9560,72.1980,82.1520,21.3060,20.1408,2.1639,0.5385,False,False,8.4887,15.9494
2019-10-23,55.9000,1.7560,1.9780,73.7520,83.0760,20.9600,20.1480,2.1667,0.3747,False,False,8.0653,15.5883
2019-10-24,56.1100,1.7670,1.9980,74.2140,83.9160,21.3380,20.1613,2.1680,0.5428,False,False,8.3015,15.9045
2019-10-25,56.5200,1.7770,1.9830,74.6340,83.2860,20.9980,20.1861,2.1686,0.3744,False,False,8.0025,15.5642
2019-10-28,55.6000,1.7840,1.9660,74.9280,82.5720,21.8760,20.1950,2.1702,0.7746,False,False,8.6362,16.2405
2019-10-29,55.3400,1.7910,1.9580,75.2220,82.2360,22.2200,20.2254,2.1744,0.9173,False,False,8.8661,16.4899
2019-10-30,54.8500,1.7600,1.9190,73.9200,80.5980,21.2960,20.2378,2.1825,0.4849,False,False,8.3057,15.7475
2019-10-31,54.0200,1.7210,1.8890,72.2820,79.3380,20.6140,20.2510,2.1853,0.1661,False,False,7.9622,15.2469
2019-11-01,56.0400,1.7450,1.9300,73.2900,81.0600,19.8400,20.2418,2.1820,-0.1841,False,False,7.2708,14.6052
2019-11-04,56.3300,1.7870,1.9540,75.0540,82.0680,21.0620,20.2126,2.1696,0.3915,False,False,8.0095,15.5338
2019-11-05,57.0400,1.7960,1.9660,75.4320,82.5720,20.7720,20.2071,2.1668,0.2607,False,False,7.7506,15.2872
2019-11-06,56.1500,1.7320,1.9360,72.7440,81.3120,19.4500,20.1890,2.1552,-0.3429,False,False,7.0324,14.3325
2019-11-07,56.9100,1.7320,1.9240,72.7440,80.8080,18.5220,20.1674,2.1528,-0.7643,False,False,6.3325,13.5404
2019-11-08,57.0200,1.7300,1.9190,72.6600,80.5980,18.2860,20.1128,2.1314,-0.8571,False,False,6.1634,13.3416
2019-11-11,56.6100,1.7050,1.9130,71.6100,80.3460,17.9120,20.0571,2.1128,-1.0153,False,False,5.9900,13.0972
2019-11-12,56.6700,1.6990,1.9040,71.3580,79.9680,17.5580,20.0104,2.1133,-1.1605,False,False,5.7493,12.8055
2019-11-13,56.8800,1.7240,1.9260,72.4080,80.8920,18.3560,19.9478,2.1014,-0.7575,False,False,6.2418,13.4309
2019-11-14,56.5700,1.6980,1.9310,71.3160,81.1020,18.0080,19.8947,2.0806,-0.9068,False,False,6.0916,13.2312
2019-11-15,57.5400,1.7150,1.9600,72.0300,82.3200,17.9200,19.8361,2.0584,-0.9308,False,False,5.9493,13.1586
2019-11-18,56.8200,1.6780,1.9080,70.4760,80.1360,16.8760,19.7835,2.0462,-1.4209,False,False,5.3253,12.3114
2019-11-19,54.9300,1.6590,1.8650,69.6780,78.3300,17.6320,19.7339,2.0619,-1.0194,False,False,5.9815,12.9191
2019-11-20,56.7100,1.7160,1.9040,72.0720,79.9680,17.9940,19.6820,2.0554,-0.8213,False,False,6.0047,13.1150
2019-11-21,58.3600,1.7480,1.9460,73.4160,81.7320,17.8280,19.6397,2.0505,-0.8835,False,False,5.7376,12.9551
2019-11-22,57.6800,1.7330,1.9420,72.7860,81.5640,18.0320,19.5900,2.0396,-0.7639,False,False,5.9570,13.1634
2019-11-25,57.7900,1.7300,1.9500,72.6600,81.9000,17.9500,19.5416,2.0242,-0.7863,False,False,5.9076,13.1191
2019-11-26,58.2500,1.7390,1.9660,73.0380,82.5720,17.9660,19.5014,2.0195,-0.7603,False,False,5.8795,13.1338
2019-11-27,58.1200,1.7140,1.9490,71.9880,81.8580,17.1580,19.4570,2.0089,-1.1444,False,False,5.3791,12.5092
2019-11-29,58.1200,1.7140,1.9490,71.9880,81.8580,17.1580,19.3989,1.9988,-1.1211,False,False,5.3791,12.5092
2019-12-02,55.9700,1.6130,1.8910,67.7460,79.4220,15.6680,19.3339,1.9754,-1.8558,False,False,4.6965,11.4780
2019-12-03,56.1500,1.6020,1.8860,67.2840,79.2120,15.1100,19.2539,1.9765,-2.0966,False,False,4.3233,11.0397
2019-12-04,58.4600,1.6420,1.9260,68.9640,80.8920,14.4800,19.1780,2.0028,-2.3457,False,False,3.6713,10.4664
2019-12-05,58.4200,1.6600,1.9380,69.7200,81.3960,15.1920,19.0937,2.0388,-1.9138,False,False,4.1299,11.0237
2019-12-06,59.2000,1.6870,1.9540,70.8540,82.0680,15.3920,19.0238,2.0634,-1.7601,False,False,4.1626,11.1357
2019-12-09,58.9900,1.6980,1.9450,71.3160,81.6900,15.7840,18.9499,2.0730,-1.5272,False,False,4.4114,11.4108
2019-12-10,59.2200,1.7000,1.9670,71.4000,82.6140,15.9180,18.8989,2.0937,-1.4238,False,False,4.5024,11.5559
2019-12-11,58.7400,1.6750,1.9350,70.3500,81.2700,15.2500,18.8583,2.1155,-1.7056,False,False,4.1088,11.0202
2019-12-12,59.1800,1.6770,1.9560,70.4340,82.1520,15.1600,18.8107,2.1478,-1.6998,False,False,4.0307,10.9776
2019-12-13,60.1100,1.7020,1.9820,71.4840,83.2440,15.2940,18.7551,2.1766,-1.5902,False,False,4.0216,11.0591
2019-12-16,60.2100,1.7080,2.0100,71.7360,84.4200,15.7540,18.7141,2.2064,-1.3416,False,False,4.3408,11.4734
2019-12-17,60.8800,1.7270,2.0360,72.5340,85.5120,15.9800,18.6920,2.2259,-1.2184,False,False,4.4272,11.6498
2019-12-18,60.9300,1.7340,2.0260,72.8280,85.0920,15.9860,18.6781,2.2389,-1.2024,False,False,4.4020,11.6150
2019-12-19,61.3000,1.7510,2.0310,73.5420,85.3020,16.1620,18.6577,2.2549,-1.1068,False,False,4.4608,11.7178
2019-12-20,60.4300,1.7460,2.0190,73.3320,84.7980,16.7240,18.6427,2.2670,-0.8464,False,False,4.9076,12.1778
2019-12-23,60.5100,1.7520,2.0210,73.5840,84.8820,16.8400,18.6435,2.2663,-0.7958,False,False,4.9691,12.2593
2019-12-24,61.1700,1.7680,2.0340,74.2560,85.4280,16.8100,18.6423,2.2672,-0.8082,False,False,4.8760,12.2087
2019-12-26,61.7200,1.7910,2.0480,75.2220,86.0160,17.1000,18.6457,2.2642,-0.6827,False,False,4.9942,12.4041
2019-12-27,61.7600,1.7850,2.0460,74.9700,85.9320,16.8640,18.6437,2.2655,-0.7856,False,False,4.8422,12.2230
2019-12-30,61.6600,1.7660,2.0340,74.1720,85.4280,16.2640,18.6251,2.2731,-1.0387,False,False,4.4725,11.7617
2019-12-31,61.1400,1.7380,2.0220,72.9960,84.9240,15.8320,18.6075,2.2852,-1.2146,False,False,4.2687,11.4676
2020-01-02,61.1700,1.7440,2.0190,73.2480,84.7980,15.9280,18.5826,2.3030,-1.1527,False,False,4.3153,11.5233
2020-01-03,63.0000,1.7920,2.0540,75.2640,86.2680,15.9320,18.5624,2.3182,-1.1347,False,False,4.1076,11.4425
2020-01-06,63.2700,1.7830,2.0190,74.8860,84.7980,14.9200,18.5476,2.3307,-1.5565,False,False,3.3850,10.5665
2020-01-07,62.7000,1.7580,2.0240,73.8360,85.0080,14.8600,18.5088,2.3615,-1.5451,False,False,3.4479,10.6028
2020-01-08,59.6500,1.6980,1.9670,71.3160,82.6140,15.4320,18.4819,2.3889,-1.2767,False,False,4.1442,11.1587
2020-01-09,59.5600,1.6960,1.9460,71.2320,81.7320,15.1720,18.4700,2.4013,-1.3734,False,False,3.9580,10.9108
2020-01-10,59.0200,1.6980,1.9290,71.3160,81.0180,15.5300,18.4553,2.4174,-1.2101,False,False,4.2208,11.1708
2020-01-13,58.1700,1.6980,1.8940,71.3160,79.5480,15.8900,18.4800,2.3756,-1.0903,False,False,4.4950,11.4059
2020-01-14,58.3400,1.6950,1.9120,71.1900,80.3040,15.8880,18.4680,2.3859,-1.0814,False,False,4.5053,11.4463
2020-01-15,57.8600,1.6860,1.8820,70.8120,79.0440,15.6960,18.4564,2.3959,-1.1522,False,False,4.4015,11.2600
2020-01-16,58.5200,1.7030,1.8590,71.5260,78.0780,15.1900,18.4313,2.4128,-1.3434,False,False,3.9473,10.7458
2020-01-17,58.5500,1.6860,1.8600,70.8120,78.1200,14.6980,18.4069,2.4342,-1.5237,False,False,3.6495,10.3917
2020-01-21,58.2500,1.6770,1.8240,70.4340,76.6080,14.2420,18.3698,2.4648,-1.6747,False,False,3.3469,9.9754
2020-01-22,56.7600,1.6180,1.7940,67.9560,75.3480,13.6600,18.3214,2.5023,-1.8628,False,False,3.1656,9.6194
2020-01-23,55.5100,1.6030,1.7870,67.3260,75.0540,14.3920,18.2688,2.5496,-1.5206,False,False,3.7839,10.2605
2020-01-24,54.0900,1.5590,1.7290,65.4780,72.6180,13.7680,18.2182,2.5806,-1.7245,False,False,3.5077,9.7725
2020-01-27,53.0900,1.5170,1.6610,63.7140,69.7620,12.6400,18.1720,2.6223,-2.1096,False,False,2.8432,8.8419
2020-01-28,53.3300,1.5430,1.7080,64.8060,71.7360,13.7860,18.0994,2.6833,-1.6075,False,False,3.5922,9.7985
2020-01-29,53.2900,1.5710,1.6770,65.9820,70.4340,14.1760,18.0365,2.7171,-1.4208,False,False,3.7674,9.9795
2020-01-30,52.1900,1.5620,1.6440,65.6040,69.0480,14.5620,17.9597,2.7274,-1.2458,False,False,4.1002,10.2676
2020-01-31,51.5800,1.5340,1.6200,64.4280,68.0400,14.0520,17.8974,2.7402,-1.4033,False,False,3.8383,9.8868
2020-02-03,50.0600,1.5050,1.5700,63.2100,65.9400,14.0600,17.8415,2.7666,-1.3668,False,False,3.9737,9.8918
2020-02-04,49.5900,1.4800,1.5860,62.1600,66.6120,14.0540,17.7849,2.7912,-1.3367,False,False,4.0765,9.9929
2020-02-05,50.8700,1.5340,1.6480,64.4280,69.2160,15.1540,17.7263,2.8135,-0.9143,False,False,4.6683,10.8525
2020-02-06,50.9400,1.5310,1.6670,64.3020,70.0140,15.2660,17.6668,2.8106,-0.8542,False,False,4.7646,10.9892
2020-02-07,50.3400,1.5630,1.6410,65.6460,68.9220,16.3980,17.6094,2.8063,-0.4317,False,False,5.4822,11.7829
2020-02-10,49.5900,1.5620,1.6110,65.6040,67.6620,16.7000,17.5655,2.7940,-0.3098,False,False,5.7166,11.9821
2020-02-11,50.0000,1.5500,1.6270,65.1000,68.3340,16.1780,17.5279,2.7826,-0.4851,False,False,5.3735,11.6149
2020-02-12,51.1300,1.6200,1.6780,68.0400,70.4760,17.7220,17.4758,2.7634,0.0891,False,False,6.2319,12.7736
2020-02-13,51.4100,1.6160,1.6820,67.8720,70.6440,17.3860,17.4480,2.7481,-0.0226,False,False,5.9952,12.5143
2020-02-14,52.0300,1.6250,1.7000,68.2500,71.4000,17.2700,17.4119,2.7273,-0.0520,False,False,5.8673,12.4231
2020-02-18,52.1000,1.6500,1.6750,69.3000,70.3500,17.5500,17.3715,2.7021,0.0661,False,False,5.9720,12.5330
2020-02-19,53.3100,1.7050,1.7050,71.6100,71.6100,18.3000,17.3344,2.6763,0.3608,False,False,6.2974,13.0407
2020-02-20,53.7700,1.7050,1.6950,71.6100,71.1900,17.7000,17.2934,2.6326,0.1544,False,False,5.8452,12.5245
2020-02-21,53.3600,1.6900,1.6870,70.9800,70.8540,17.5780,17.2447,2.5836,0.1290,False,False,5.8187,12.4549
2020-02-24,51.3600,1.6500,1.6130,69.3000,67.7460,17.4220,17.1954,2.5339,0.0894,False,False,5.8797,12.3139
2020-02-25,49.7800,1.5830,1.5690,66.4860,65.8980,16.5100,17.1476,2.4882,-0.2562,False,False,5.4850,11.6832
2020-02-26,48.6700,1.5230,1.5060,63.9660,63.2520,15.0580,17.0794,2.4197,-0.8354,False,False,4.6535,10.5482
2020-02-27,47.1700,1.4700,1.4800,61.7400,62.1600,14.7100,16.9943,2.3538,-0.9705,False,False,4.6227,10.3753
2020-02-28,44.8300,1.4580,1.4850,61.2360,62.3700,16.7840,16.9061,2.2881,-0.0534,False,False,6.2403,12.1428
2020-03-02,46.7800,1.5230,1.5560,63.9660,65.3520,17.6480,16.8400,2.2032,0.3667,False,False,6.6055,12.7889
2020-03-03,47.2700,1.5100,1.5450,63.4200,64.8900,16.6400,16.7813,2.1083,-0.0670,False,False,5.9017,11.9723
2020-03-04,46.7800,1.5420,1.5530,64.7640,65.2260,18.1380,16.7294,2.0531,0.6861,False,False,6.8932,13.1316
2020-03-05,45.9000,1.5000,1.5020,63.0000,63.0840,17.1280,16.6981,2.0093,0.2140,False,False,6.3165,12.3299
2020-03-06,41.1400,1.3830,1.4050,58.0860,59.0100,17.2540,16.6513,1.9488,0.3093,False,False,6.9262,12.6183
2020-03-09,31.0500,1.1290,1.1820,47.4180,49.6440,17.1100,16.6097,1.8948,0.2640,False,False,7.9354,12.8752
2020-03-10,34.4700,1.1750,1.2720,49.3500,53.4240,16.2380,16.5567,1.8117,-0.1759,False,False,7.0712,12.1736
2020-03-11,33.1300,1.0920,1.2470,45.8640,52.3740,14.9040,16.4903,1.7095,-0.9279,False,False,6.4260,11.2765
2020-03-12,31.5600,0.8950,1.1500,37.5900,48.3000,9.6000,16.4192,1.6397,-4.1587,False,False,3.2832,7.3044
2020-03-13,31.7200,0.9290,1.1750,39.0180,49.3500,10.7420,16.2969,1.7306,-3.2098,False,False,3.9961,8.1930
2020-03-16,28.9600,0.6920,1.0420,29.0640,43.7640,5.0040,16.1958,1.7855,-6.2681,False,False,0.7018,3.9184
2020-03-17,26.9600,0.7120,1.0450,29.9040,43.8900,7.6060,16.0174,2.0700,-4.0635,False,False,2.5793,6.0219
2020-03-18,20.4800,0.6570,0.9960,27.5940,41.8320,11.8600,15.8711,2.1905,-1.8311,False,False,6.0332,9.6330
2020-03-19,25.0900,0.6670,1.0500,28.0140,44.1000,8.2860,15.7867,2.1972,-3.4137,False,False,3.2877,6.7340
2020-03-20,19.4800,0.6060,1.0210,25.4520,42.8820,11.7820,15.6730,2.3145,-1.6812,False,False,6.1939,9.7708
2020-03-23,23.3300,0.4490,1.0400,18.8580,43.6800,3.8020,15.6007,2.3332,-5.0568,False,False,0.8491,3.6655
2020-03-24,21.0300,0.4340,1.0870,18.2280,45.6540,6.3400,15.4440,2.6281,-3.4641,False,False,2.8270,5.9038
2020-03-25,20.7500,0.5420,1.0930,22.7640,45.9060,9.7280,15.3193,2.7861,-2.0068,False,False,4.9158,8.3941
2020-03-26,16.6000,0.5180,1.0690,21.7560,44.8980,12.8700,15.2234,2.8281,-0.8322,False,False,7.3939,11.0322
2020-03-27,15.4800,0.5500,1.0850,23.1000,45.5700,15.1100,15.1664,2.8232,-0.0200,False,False,8.9451,12.8220
2020-03-30,14.1000,0.5510,1.0430,23.1420,43.8060,15.9300,15.1351,2.8081,0.2831,False,False,9.5628,13.4231
2020-03-31,20.5100,0.5430,1.0200,22.8060,42.8400,8.9740,15.1246,2.8033,-2.1941,False,False,4.3473,7.6324
2020-04-01,20.2800,0.5030,0.9500,21.1260,39.9000,7.1040,15.0284,2.8635,-2.7674,False,False,3.1140,6.0761
2020-04-02,25.1800,0.5120,1.0050,21.5040,42.2100,3.2260,14.9074,2.9639,-3.9412,False,False,0.1432,2.9297
2020-04-03,28.3600,0.5330,1.1080,22.3860,46.5360,2.0760,14.7452,3.1906,-3.9708,False,False,-0.8234,2.0980
2020-04-06,26.2100,0.6370,1.0600,26.7540,44.5200,6.4660,14.5679,3.4369,-2.3574,False,False,2.0431,5.3340
2020-04-07,23.5400,0.5760,1.0240,24.1920,43.0080,6.9240,14.4403,3.5211,-2.1347,False,False,2.6561,5.8365
2020-04-08,24.9700,0.6350,1.0260,26.6700,43.0920,7.1740,14.3176,3.5878,-1.9911,False,False,2.5887,5.8659
2020-04-09,22.9000,0.5920,0.9930,24.8640,41.7060,7.5780,14.2067,3.6521,-1.8150,False,False,3.0826,6.2736
2020-04-13,22.3600,0.6140,1.0070,25.7880,42.2940,8.9300,14.1002,3.7037,-1.3959,False,False,4.0069,7.3535
2020-04-14,20.1500,0.6090,0.9620,25.5780,40.4040,10.3700,14.0254,3.7392,-0.9776,False,False,5.1190,8.4822
2020-04-15,19.9600,0.5970,0.9250,25.0740,38.8500,9.7060,13.9727,3.7569,-1.1357,False,False,4.6723,7.9007
2020-04-16,19.8200,0.6000,0.9530,25.2000,40.0260,10.3220,13.9196,3.7830,-0.9510,False,False,5.1224,8.4537
2020-04-17,18.3100,0.6230,0.9670,26.1660,40.6140,12.6720,13.8655,3.7992,-0.3142,False,False,6.7959,10.3589
2020-04-20,-36.9800,0.5730,0.9000,24.0660,37.8000,65.6240,13.8353,3.7978,13.6367,True,True,46.9963,54.3411
2020-04-21,8.9100,0.4710,0.7530,19.7820,31.6260,14.8200,14.3891,6.6238,0.0651,False,False,9.0923,12.2204
2020-04-22,13.6400,0.5850,0.7560,24.5700,31.7520,13.3240,14.3769,6.6220,-0.1590,False,False,7.4678,10.6330
2020-04-23,15.0600,0.5940,0.7350,24.9480,30.8700,11.8620,14.3555,6.6222,-0.3765,False,False,6.3264,9.3536
2020-04-24,15.9900,0.6170,0.6770,25.9140,28.4340,10.7640,14.3188,6.6268,-0.5364,False,False,5.4016,8.2659
2020-04-27,12.1700,0.5980,0.6020,25.1160,25.2840,13.0020,14.2685,6.6364,-0.1908,False,False,7.1790,10.0455
2020-04-28,12.4000,0.6220,0.6210,26.1240,26.0820,13.7100,14.2379,6.6358,-0.0796,False,False,7.6081,10.5938
2020-04-29,15.0400,0.6830,0.6900,28.6860,28.9800,13.7440,14.2127,6.6335,-0.0707,False,False,7.3642,10.5597
2020-04-30,19.2300,0.6720,0.7570,28.2240,31.7940,10.1840,14.1878,6.6310,-0.6038,False,False,4.7194,7.7607
2020-05-01,19.7200,0.6860,0.7920,28.8120,33.2640,10.5760,14.1214,6.6408,-0.5339,False,False,4.9522,8.1066
2020-05-04,20.4700,0.7690,0.8150,32.2980,34.2300,12.4720,14.0531,6.6453,-0.2379,False,False,6.0219,9.4665
2020-05-05,24.5600,0.8270,0.8870,34.7340,37.2540,11.0140,14.0045,6.6407,-0.4503,False,False,4.6643,8.2088
2020-05-06,23.8800,0.8070,0.8160,33.8940,34.2720,10.1400,13.9401,6.6413,-0.5722,False,False,4.0962,7.4158
2020-05-07,23.6800,0.8440,0.8300,35.4480,34.8600,11.5720,13.8628,6.6446,-0.3448,False,False,5.0158,8.5158
2020-05-08,24.7300,0.8770,0.8890,36.8340,37.3380,12.2720,13.8040,6.6412,-0.2307,False,False,5.3970,9.1026
2020-05-11,24.0200,0.8560,0.8670,35.9520,36.4140,12.0860,13.7596,6.6379,-0.2521,False,False,5.3492,8.9728
2020-05-12,25.7600,0.8200,0.8170,34.4400,34.3140,8.6380,13.7180,6.6366,-0.7655,False,False,2.9057,6.1309
2020-05-13,25.3700,0.7530,0.8250,31.6260,34.6500,7.2640,13.6370,6.6536,-0.9578,False,False,2.1585,5.2114
2020-05-14,27.4000,0.8350,0.8610,35.0700,36.1620,8.0340,13.5407,6.6823,-0.8241,False,False,2.3815,5.6634
2020-05-15,29.4400,0.8750,0.8820,36.7500,37.0440,7.4080,13.4642,6.7055,-0.9032,False,False,1.7338,5.0589
2020-05-18,31.8300,0.9540,0.9800,40.0680,41.1600,8.6020,13.3814,6.7337,-0.7098,False,False,2.2856,5.9849
2020-05-19,32.3000,0.9640,0.9310,40.4880,39.1020,7.7260,13.3055,6.7486,-0.8268,False,False,1.5842,5.1379
2020-05-20,33.5600,0.9740,0.9510,40.9080,39.9420,7.0260,13.2228,6.7708,-0.9152,False,False,1.0109,4.5625
2020-05-21,34.3000,0.9730,0.9510,40.8660,39.9420,6.2580,13.1283,6.7972,-1.0107,False,False,0.4354,3.9281
2020-05-22,33.4900,0.9590,0.9400,40.2780,39.4800,6.5220,13.0213,6.8287,-0.9518,False,False,0.6962,4.1703
2020-05-26,34.7000,0.9730,0.9500,40.8660,39.9000,5.8440,12.9172,6.8555,-1.0318,False,False,0.1229,3.5827
2020-05-27,32.8000,0.9170,0.9230,38.5140,38.7660,5.7980,12.8077,6.8888,-1.0175,False,False,0.3331,3.6678
2020-05-28,33.6700,0.9150,0.8820,38.4300,37.0440,4.2980,12.7034,6.9230,-1.2141,False,False,-0.7879,2.3544
2020-05-29,35.5700,0.9480,0.9550,39.8160,40.1100,4.3440,12.5878,6.9754,-1.1819,False,False,-0.9015,2.4238
2020-06-01,35.4900,0.9950,0.9560,41.7900,40.1520,5.7540,12.4778,7.0262,-0.9570,False,False,-0.0410,3.4511
2020-06-02,36.8800,1.0170,1.0250,42.7140,43.0500,5.9460,12.3900,7.0603,-0.9127,False,False,0.0037,3.6683
2020-06-03,37.3300,1.0070,1.0150,42.2940,42.6300,5.0760,12.2962,7.0891,-1.0185,False,False,-0.6091,2.9588
2020-06-04,37.4200,1.0460,1.0340,43.9320,43.4280,6.3440,12.1996,7.1275,-0.8215,False,False,0.1777,3.9257
2020-06-05,39.4900,1.1310,1.0990,47.5020,46.1580,7.5640,12.1296,7.1537,-0.6382,False,False,0.7253,4.7948
2020-06-08,38.1700,1.1220,1.0760,47.1240,45.1920,8.3100,12.0605,7.1674,-0.5233,False,False,1.3293,5.3999
2020-06-09,38.9800,1.1240,1.1070,47.2080,46.4940,7.9900,11.9953,7.1745,-0.5583,False,False,1.0768,5.1845
2020-06-10,39.5400,1.1250,1.1190,47.2500,46.9980,7.6260,11.9223,7.1815,-0.5982,False,False,0.7968,4.9012
2020-06-11,36.4300,1.0320,1.0410,43.3440,43.7220,7.0400,11.8509,7.1919,-0.6689,False,False,0.7634,4.5593
2020-06-12,36.2400,1.0560,1.1020,44.3520,46.2840,8.7560,11.7729,7.2055,-0.4187,False,False,1.9506,6.0206
2020-06-15,37.0700,1.0970,1.1280,46.0740,47.3760,9.4380,11.7140,7.2083,-0.3157,False,False,2.2858,6.5077
2020-06-16,38.2600,1.1410,1.1840,47.9220,49.7280,10.2640,11.6505,7.2029,-0.1925,False,False,2.7145,7.1597
2020-06-17,37.9100,1.1510,1.1870,48.3420,49.8540,10.9360,11.5949,7.1941,-0.0916,False,False,3.1783,7.6921
2020-06-18,38.7900,1.1980,1.2060,50.3160,50.6520,11.6380,11.5342,7.1763,0.0145,False,False,3.5029,8.1646
2020-06-19,39.7200,1.1980,1.2100,50.3160,50.8200,10.7640,11.4780,7.1554,-0.0998,False,False,2.8428,7.4465
2020-06-22,40.6000,1.2440,1.2250,52.2480,51.4500,11.3820,11.4178,7.1384,-0.0050,False,False,3.1087,7.8450
2020-06-23,40.4000,1.2550,1.2050,52.7100,50.6100,11.6100,11.3474,7.1070,0.0369,False,False,3.2345,7.9640
2020-06-24,37.9100,1.1500,1.1590,48.3000,48.6780,10.5160,11.2832,7.0782,-0.1084,False,False,2.8675,7.2957
2020-06-25,38.6600,1.1680,1.1690,49.0560,49.0980,10.4100,11.2082,7.0501,-0.1132,False,False,2.7086,7.1704
2020-06-26,38.5300,1.0940,1.1300,45.9480,47.4600,7.9220,11.1288,7.0184,-0.4569,False,False,1.1540,5.2623
2020-06-29,39.6700,1.1480,1.1710,48.2160,49.1820,8.8680,11.0135,6.9848,-0.3072,False,False,1.6311,5.9558
2020-06-30,39.2700,1.1600,1.1790,48.7200,49.5180,9.7160,10.9154,6.9522,-0.1725,False,False,2.2186,6.6373
2020-07-01,39.8800,1.1780,1.2000,49.4760,50.4000,9.9040,10.8280,6.9172,-0.1336,False,False,2.2810,6.7761
2020-07-02,40.5700,1.2070,1.2250,50.6940,51.4500,10.3760,10.7445,6.8824,-0.0535,False,False,2.5098,7.1240
2020-07-06,40.5100,1.2050,1.2510,50.6100,52.5420,10.7440,10.6764,6.8553,0.0099,False,False,2.7944,7.4829
2020-07-07,40.5900,1.2300,1.2410,51.6600,52.1220,11.2240,10.6284,6.8395,0.0871,False,False,3.0491,7.7861
2020-07-08,40.9100,1.2630,1.2420,53.0460,52.1640,11.8420,10.5897,6.8262,0.1835,False,False,3.3723,8.1993
2020-07-09,39.6400,1.2150,1.2210,51.0300,51.2820,11.4740,10.5348,6.7959,0.1382,False,False,3.3043,8.0034
2020-07-10,40.5600,1.2440,1.2380,52.2480,51.9960,11.6040,10.4662,6.7548,0.1684,False,False,3.2754,8.0530
2020-07-13,40.0600,1.2320,1.2160,51.7440,51.0720,11.4600,10.4102,6.7242,0.1561,False,False,3.2203,7.9304
2020-07-14,40.3000,1.2290,1.2150,51.6180,51.0300,11.1220,10.3360,6.6752,0.1177,False,False,2.9782,7.6572
2020-07-15,41.2000,1.2380,1.2430,51.9960,52.2060,10.8660,10.2693,6.6369,0.0899,False,False,2.7439,7.4680
2020-07-16,40.7400,1.2070,1.2310,50.6940,51.7020,10.2900,10.1983,6.5958,0.0139,False,False,2.4444,7.0636
2020-07-17,40.5500,1.1970,1.2240,50.2740,51.4080,10.1020,10.1225,6.5550,-0.0031,False,False,2.3464,6.9256
2020-07-20,40.8300,1.2040,1.2390,50.5680,52.0380,10.2280,10.0544,6.5229,0.0266,False,False,2.4100,7.0359
2020-07-21,41.7600,1.2600,1.2810,52.9200,53.8020,11.4540,10.0024,6.5027,0.2232,False,False,3.0897,7.9574
2020-07-22,41.8800,1.2590,1.2790,52.8780,53.7180,11.2780,10.0230,6.5043,0.1929,False,False,2.9613,7.8108
2020-07-23,40.9900,1.2230,1.2600,51.3660,52.9200,10.8940,10.0290,6.5052,0.1330,False,False,2.8290,7.5684
2020-07-24,41.2300,1.2450,1.2620,52.2900,53.0040,11.2980,10.0944,6.4839,0.1856,False,False,3.0384,7.8396
2020-07-27,41.4600,1.2390,1.2640,52.0380,53.0880,10.9280,10.1354,6.4797,0.1223,False,False,2.7849,7.5546
2020-07-28,40.8900,1.2270,1.2490,51.5340,52.4580,10.9520,10.1251,6.4777,0.1277,False,False,2.8561,7.5842
2020-07-29,41.1300,1.2030,1.2640,50.5260,53.0880,10.2500,10.1547,6.4753,0.0147,False,False,2.4293,7.1027
2020-07-30,39.8500,1.1830,1.2190,49.6860,51.1980,10.3400,10.1377,6.4730,0.0313,False,False,2.5872,7.1571
2020-07-31,40.1000,1.1470,1.2150,48.1740,51.0300,9.0260,10.2103,6.4381,-0.1840,False,False,1.7516,6.1701
2020-08-03,40.8300,1.1690,1.2380,49.0980,51.9960,9.2340,10.2402,6.4263,-0.1566,False,False,1.8116,6.3169
2020-08-04,41.6700,1.1790,1.2540,49.5180,52.6680,8.8980,10.2347,6.4270,-0.2080,False,False,1.5134,6.0363
2020-08-05,42.2500,1.1940,1.2620,50.1480,53.0040,8.8500,10.1905,6.4223,-0.2087,False,False,1.4115,5.9648
2020-08-06,41.9300,1.2050,1.2440,50.6100,52.2480,9.2260,10.1210,6.4026,-0.1398,False,False,1.6488,6.2103
2020-08-07,41.1600,1.1820,1.2140,49.6440,50.9880,8.9320,10.0465,6.3735,-0.1749,False,False,1.5288,5.9825
2020-08-10,41.9400,1.2070,1.2250,50.6940,51.4500,9.0060,10.0460,6.3735,-0.1632,False,False,1.4754,5.9869
2020-08-11,41.5300,1.1730,1.2250,49.2660,51.4500,8.4640,10.0672,6.3669,-0.2518,False,False,1.2137,5.6418
2020-08-12,42.6000,1.2230,1.2460,51.3660,52.3320,9.0880,10.1254,6.3279,-0.1639,False,False,1.4664,6.0439
2020-08-13,42.2600,1.2230,1.2250,51.3660,51.4500,9.1340,10.2033,6.2713,-0.1705,False,False,1.5026,6.0439
2020-08-14,42.0500,1.2340,1.2240,51.8280,51.4080,9.6380,10.2329,6.2598,-0.0950,False,False,1.8355,6.4265
2020-08-17,42.8900,1.2580,1.2180,52.8360,51.1560,9.3860,10.2631,6.2503,-0.1403,False,False,1.5414,6.1325
2020-08-18,42.8900,1.2700,1.2350,53.3400,51.8700,9.9600,10.2876,6.2425,-0.0525,False,False,1.9215,6.6029
2020-08-19,42.9100,1.2770,1.2290,53.6340,51.6180,10.0520,10.3141,6.2360,-0.0420,False,False,1.9611,6.6468
2020-08-20,42.6200,1.2920,1.2290,54.2640,51.6180,10.7620,10.3266,6.2343,0.0698,False,False,2.4320,7.1899
2020-08-21,42.3200,1.2710,1.2030,53.3820,50.5260,10.1100,10.3309,6.2345,-0.0354,False,False,2.0327,6.6661
2020-08-24,42.4400,1.3650,1.2360,57.3300,51.9120,13.0840,10.3354,6.2342,0.4409,False,False,3.8678,8.9050
2020-08-25,43.1700,1.3750,1.2410,57.7500,52.1220,12.7040,10.3661,6.2408,0.3746,False,False,3.5372,8.5679
2020-08-26,43.2100,1.3390,1.2230,56.2380,51.3660,11.4040,10.3665,6.2410,0.1662,False,False,2.7131,7.5671
2020-08-27,42.8800,1.2500,1.1930,52.5000,50.1060,8.8220,9.7640,2.1615,-0.4358,False,False,1.1521,5.6435
2020-08-28,42.9600,1.2840,1.2040,53.9280,50.5680,9.8480,9.6974,2.0961,0.0719,False,False,1.7784,6.4104
2020-08-31,42.6100,1.2390,1.1860,52.0380,49.8120,8.6860,9.6588,2.0606,-0.4721,False,False,1.0977,5.5518
2020-09-01,42.7600,1.2800,1.2140,53.7600,50.9880,10.0760,9.6235,2.0497,0.2208,False,False,1.9672,6.6302
2020-09-02,42.7600,1.2510,1.1690,52.5420,49.0980,8.6340,9.6158,2.0468,-0.4797,False,False,1.0075,5.4407
2020-09-03,41.3900,1.2550,1.1360,52.7100,47.7120,9.6540,9.5673,2.0175,0.0430,False,False,1.7625,6.2149
2020-09-04,39.6900,1.2210,1.1260,51.2820,47.2920,10.2620,9.5222,1.9691,0.3757,False,False,2.3698,6.8061
2020-09-08,36.8700,1.1550,1.0630,48.5100,44.6460,10.3520,9.4835,1.9194,0.4525,False,False,2.7287,6.9694
2020-09-09,38.0500,1.1690,1.0850,49.0980,45.5700,9.8720,9.4854,1.9202,0.2013,False,False,2.3040,6.5679
2020-09-10,37.2500,1.1390,1.0720,47.8380,45.0240,9.6500,9.4776,1.9171,0.0899,False,False,2.2674,6.4524
2020-09-11,37.3300,1.1550,1.0870,48.5100,45.6540,10.2280,9.4462,1.8908,0.4135,False,False,2.6334,6.9102
2020-09-14,37.2300,1.1630,1.0880,48.8460,45.6960,10.5660,9.4375,1.8853,0.5986,False,False,2.8538,7.1679
2020-09-15,38.2900,1.1920,1.0960,50.0640,46.0320,10.4300,9.4422,1.8876,0.5233,False,False,2.6246,6.9803
2020-09-16,40.1700,1.2510,1.1140,52.5420,46.7880,10.4540,9.4295,1.8771,0.5458,False,False,2.3854,6.8512
2020-09-17,40.9900,1.2810,1.1580,53.8020,48.6360,11.0900,9.4093,1.8560,0.9055,False,False,2.7323,7.3668
2020-09-18,41.0900,1.2880,1.1710,54.0960,49.1820,11.3680,9.3983,1.8430,1.0688,False,False,2.9110,7.5996
2020-09-21,39.2600,1.2420,1.1280,52.1640,47.3760,11.3080,9.4286,1.8527,1.0144,False,False,3.0683,7.6132
2020-09-22,39.5500,1.2260,1.1110,51.4920,46.6620,10.3320,9.4735,1.8486,0.4644,False,False,2.4021,6.8215
2020-09-23,39.9200,1.2320,1.1030,51.7440,46.3260,10.0180,9.4991,1.8445,0.2813,False,False,2.1395,6.5278
2020-09-24,40.1100,1.2330,1.1170,51.7860,46.9140,10.0520,9.5281,1.8318,0.2860,False,False,2.1598,6.5785
2020-09-25,40.0600,1.2560,1.1270,52.7520,47.3340,10.8860,9.5442,1.8300,0.7332,False,False,2.6890,7.2180
2020-09-28,40.4700,1.2910,1.1440,54.2220,48.0480,11.6940,9.5793,1.8251,1.1587,False,False,3.1459,7.8118
2020-09-29,39.0300,1.2360,1.1090,51.9120,46.5780,11.1040,9.6312,1.8181,0.8101,False,False,2.9416,7.4278
2020-09-30,40.0500,1.2480,1.1520,52.4160,48.3840,11.0220,9.6850,1.7889,0.7474,False,False,2.8246,7.4011
2020-10-01,38.5100,1.2170,1.1280,51.1140,47.3760,11.3580,9.7350,1.7625,0.9208,False,False,3.2146,7.7317
2020-10-02,36.9000,1.1870,1.0880,49.8540,45.6960,11.5680,9.7963,1.7215,1.0292,False,False,3.5061,7.9256
2020-10-05,39.1200,1.2630,1.1400,53.0460,47.8800,12.2040,9.8604,1.6783,1.3964,False,False,3.6528,8.3141
2020-10-06,40.5200,1.2850,1.1800,53.9700,49.5600,11.9800,9.9482,1.5895,1.2783,False,False,3.3854,8.1332
2020-10-07,39.8200,1.2530,1.1680,52.6260,49.0560,11.6160,10.0331,1.4887,1.0633,False,False,3.2503,7.9078
2020-10-08,41.0400,1.2830,1.1970,53.8860,50.2740,11.6420,10.0982,1.4270,1.0819,False,False,3.1377,7.8898
2020-10-09,40.4400,1.2520,1.1940,52.5840,50.1480,11.3320,10.1615,1.3664,0.8566,False,False,3.0384,7.7225
2020-10-12,39.2200,1.2270,1.1630,51.5340,48.8460,11.4180,10.2310,1.2610,0.9413,False,False,3.2140,7.8144
2020-10-13,40.0300,1.2290,1.1740,51.6180,49.3080,10.8180,10.2874,1.1978,0.4430,False,False,2.7516,7.3303
2020-10-14,40.8600,1.2480,1.2000,52.4160,50.4000,10.8840,10.3235,1.1637,0.4816,False,False,2.7171,7.3739
2020-10-15,40.8400,1.2320,1.1960,51.7440,50.2320,10.4000,10.3521,1.1453,0.0418,False,False,2.4214,7.0142
2020-10-16,40.7000,1.2150,1.1830,51.0300,49.6860,9.8820,10.3789,1.1176,-0.4446,False,False,2.1050,6.6129
2020-10-19,40.6900,1.2010,1.1600,50.4420,48.7200,9.1780,10.4040,1.0803,-1.1349,False,False,1.6358,6.0299
2020-10-20,41.3700,1.2250,1.1770,51.4500,49.4340,9.4080,10.4277,1.0283,-0.9916,False,False,1.7042,6.1778
2020-10-21,39.8800,1.1790,1.1410,49.5180,47.9220,9.1060,10.4350,1.0188,-1.3045,False,False,1.6783,6.0033
2020-10-22,40.4600,1.1880,1.1590,49.8960,48.6780,9.0300,10.4313,1.0230,-1.3698,False,False,1.5806,5.9452
2020-10-23,39.7300,1.1680,1.1520,49.0560,48.3840,9.1020,10.4176,1.0333,-1.2731,False,False,1.7222,6.0539
2020-10-26,38.3900,1.1410,1.1270,47.9220,47.3340,9.3360,10.3972,1.0410,-1.0194,False,False,2.0178,6.2857
2020-10-27,39.3400,1.1680,1.1590,49.0560,48.6780,9.5900,10.3716,1.0384,-0.7527,False,False,2.0902,6.4716
2020-10-28,37.2700,1.1110,1.1190,46.6620,46.9980,9.5040,10.3586,1.0408,-0.8211,False,False,2.2754,6.5030
2020-10-29,35.9400,1.0800,1.0930,45.3600,45.9060,9.6020,10.3377,1.0389,-0.7082,False,False,2.4858,6.6325
2020-10-30,35.6400,1.0780,1.0890,45.2760,45.7380,9.7900,10.3154,1.0329,-0.5087,False,False,2.6367,6.7874
2020-11-02,36.6000,1.0850,1.1130,45.5700,46.7460,9.3620,10.3073,1.0341,-0.9141,False,False,2.2815,6.4543
2020-11-03,37.4400,1.1250,1.1320,47.2500,47.5440,9.9080,10.2957,1.0388,-0.3732,False,False,2.5188,6.8189
2020-11-04,38.9700,1.1350,1.1670,47.6700,49.0140,9.1480,10.3178,1.0088,-1.1596,False,False,1.8991,6.2210
2020-11-05,38.5600,1.1450,1.1620,48.0900,48.8040,9.7680,10.3209,1.0047,-0.5503,False,False,2.3242,6.6957
2020-11-06,36.9700,1.1210,1.1450,47.0820,48.0900,10.4480,10.3214,1.0044,0.1260,False,False,2.9430,7.3031
2020-11-09,40.0500,1.1860,1.2130,49.8120,50.9460,10.1400,10.3275,1.0035,-0.1868,False,False,2.4236,6.9710
2020-11-10,41.1800,1.2250,1.2490,51.4500,52.4580,10.6060,10.3249,1.0037,0.2801,False,False,2.6036,7.3032
2020-11-11,41.2300,1.2120,1.2420,50.9040,52.1640,10.0940,10.3233,1.0031,-0.2286,False,False,2.2739,6.9055
2020-11-12,40.9000,1.1830,1.2230,49.6860,51.3660,9.3460,10.3108,0.9989,-0.9659,False,False,1.8364,6.3394
2020-11-13,39.9300,1.1580,1.2010,48.6360,50.4420,9.3080,10.2830,0.9906,-0.9843,False,False,1.9177,6.3448
2020-11-16,41.1400,1.1840,1.2230,49.7280,51.3660,9.1340,10.2590,0.9877,-1.1390,False,False,1.6720,6.1604
2020-11-17,41.2400,1.1900,1.2390,49.9800,52.0380,9.4260,10.2315,0.9842,-0.8185,False,False,1.8653,6.4134
2020-11-18,41.6400,1.1800,1.2620,49.5600,53.0040,9.0680,10.2089,0.9791,-1.1653,False,False,1.6368,6.1889
2020-11-19,41.5700,1.1910,1.2780,50.0220,53.6760,9.6700,10.1861,0.9815,-0.5259,False,False,2.0425,6.6838
2020-11-20,41.9900,1.2020,1.2880,50.4840,54.0960,9.6980,10.1728,0.9803,-0.4844,False,False,2.0151,6.6913
2020-11-23,42.9100,1.2250,1.3060,51.4500,54.8520,9.6740,10.1662,0.9814,-0.5015,False,False,1.8960,6.6333
2020-11-24,44.7100,1.2810,1.3710,53.8020,57.5820,10.3520,10.1615,0.9828,0.1938,False,False,2.1602,7.1419
2020-11-25,45.5800,1.3110,1.4010,55.0620,58.8420,10.7420,10.1629,0.9830,0.5892,False,False,2.3224,7.4278
2020-11-30,45.2000,1.2710,1.3660,53.3820,57.3720,9.5120,10.1550,0.9754,-0.6592,False,False,1.5698,6.4664
2020-12-01,44.5400,1.2540,1.3370,52.6680,56.1540,9.2900,10.1353,0.9703,-0.8712,False,False,1.4780,6.2817
2020-12-02,45.2300,1.2760,1.3580,53.5920,57.0360,9.5100,10.1175,0.9710,-0.6257,False,False,1.5472,6.4348
2020-12-03,45.6500,1.2880,1.3840,54.0960,58.1280,9.7900,10.0976,0.9649,-0.3188,False,False,1.7047,6.6775
2020-12-04,46.2300,1.2870,1.3970,54.0540,58.6740,9.3640,10.0850,0.9614,-0.7500,False,False,1.3865,6.3507
2020-12-07,45.7200,1.2820,1.3960,53.8440,58.6320,9.7200,10.0674,0.9599,-0.3619,False,False,1.6770,6.6598
2020-12-08,45.6400,1.2940,1.4050,54.3480,59.0100,10.2620,10.0615,0.9604,0.2088,False,False,2.0335,7.0890
2020-12-09,45.4800,1.3120,1.3980,55.1040,58.7160,10.8280,10.0606,0.9601,0.7993,False,False,2.3832,7.4906
2020-12-10,46.7600,1.3440,1.4330,56.4480,60.1860,10.9340,10.0806,0.9571,0.8916,False,False,2.3219,7.5438
2020-12-11,46.5900,1.3380,1.4310,56.1960,60.1020,10.9080,10.0995,0.9570,0.8448,False,False,2.3284,7.5370
2020-12-14,47.0200,1.3510,1.4510,56.7420,60.9420,11.1220,10.1218,0.9522,1.0504,False,False,2.4322,7.7110
2020-12-15,47.5800,1.3550,1.4610,56.9100,61.3620,10.8140,10.1471,0.9482,0.7033,False,False,2.1816,7.4612
2020-12-16,47.8600,1.3850,1.4780,58.1700,62.0760,11.6120,10.1647,0.9457,1.5304,False,False,2.6527,8.0621
2020-12-17,48.3400,1.4210,1.4910,59.6820,62.6220,12.3220,10.1945,0.9486,2.2428,True,True,3.0316,8.5642
2020-12-18,49.0400,1.4300,1.5130,60.0600,63.5460,12.1820,10.2314,0.9659,2.0194,True,False,2.8853,8.4603
2020-12-21,47.7900,1.3870,1.4680,58.2540,61.6560,11.5980,10.2727,0.9690,1.3678,False,False,2.6341,8.0261
2020-12-22,47.0200,1.3720,1.4600,57.6240,61.3200,11.8360,10.3006,0.9706,1.5820,False,False,2.8795,8.2553
2020-12-23,47.9400,1.4150,1.4950,59.4300,62.7900,12.6100,10.3306,0.9758,2.3359,True,True,3.2748,8.8290
2020-12-24,48.1800,1.4130,1.4940,59.3460,62.7480,12.3000,10.3636,1.0018,1.9330,False,False,3.0495,8.5760
2020-12-28,47.5000,1.3960,1.4800,58.6320,62.1600,12.3080,10.3960,1.0166,1.8807,False,False,3.1303,8.6096
2020-12-29,47.8500,1.4170,1.4840,59.5140,62.3280,12.6020,10.4221,1.0351,2.1061,True,True,3.2609,8.7962
2020-12-30,48.2400,1.4380,1.4750,60.3960,61.9500,12.6740,10.4504,1.0592,2.0994,True,False,3.2247,8.7749
2020-12-31,48.3500,1.4380,1.4730,60.3960,61.8660,12.5360,10.4716,1.0841,1.9042,False,False,3.1207,8.6567
2021-01-04,47.4700,1.4020,1.4590,58.8840,61.2780,12.2120,10.4986,1.1047,1.5510,False,False,3.0333,8.4732
2021-01-05,49.7800,1.4850,1.5210,62.3700,63.8820,13.0940,10.4889,1.0857,2.3995,True,True,3.3346,9.0624
2021-01-06,50.4500,1.5030,1.5240,63.1260,64.0080,12.9700,10.4932,1.0952,2.2614,True,False,3.1626,8.9095
2021-01-07,50.6300,1.5120,1.5370,63.5040,64.5540,13.2240,10.5106,1.1217,2.4190,True,False,3.3145,9.1163
2021-01-08,52.1400,1.5760,1.5820,66.1920,66.4440,14.1360,10.5596,1.1428,3.1296,True,False,3.7221,9.7580
2021-01-11,52.1500,1.5490,1.5700,65.0580,65.9400,13.2020,10.6072,1.2001,2.1622,True,False,3.1350,9.0441
2021-01-12,53.0800,1.5830,1.5940,66.4860,66.9480,13.5600,10.6574,1.2130,2.3929,True,False,3.2560,9.2802
2021-01-13,52.8100,1.5750,1.5940,66.1500,66.9480,13.6060,10.6961,1.2489,2.3300,True,False,3.3255,9.3431
2021-01-14,53.4700,1.5960,1.6150,67.0320,67.8300,13.8280,10.7513,1.2663,2.4296,True,False,3.4005,9.5009
2021-01-15,52.2500,1.5610,1.5850,65.5620,66.5700,13.6480,10.7977,1.3012,2.1904,True,False,3.4185,9.4047
2021-01-19,52.8700,1.5800,1.5940,66.3600,66.9480,13.6860,10.8353,1.3337,2.1373,True,False,3.3642,9.3941
2021-01-20,53.1600,1.5780,1.5910,66.2760,66.8220,13.2980,10.8724,1.3657,1.7761,False,False,3.0801,9.0727
2021-01-21,53.0000,1.5880,1.5940,66.6960,66.9480,13.7800,10.9104,1.3849,2.0720,True,True,3.4004,9.4474
2021-01-22,52.2800,1.5780,1.5690,66.2760,65.8980,13.8700,10.9563,1.4106,2.0656,True,False,3.5135,9.5074
2021-01-25,52.7800,1.5980,1.5900,67.1160,66.7800,14.2240,10.9968,1.4410,2.2395,True,False,3.6925,9.7779
2021-01-26,52.6100,1.6110,1.5940,67.6620,66.9480,14.8140,11.0374,1.4794,2.5528,True,False,4.0813,10.2348
2021-01-27,52.8100,1.6070,1.6050,67.4940,67.4100,14.6560,11.0862,1.5299,2.3334,True,False,3.9785,10.1360
2021-01-28,52.2600,1.6180,1.5990,67.9560,67.1580,15.4300,11.1328,1.5734,2.7312,True,False,4.5156,10.7336
2021-01-29,52.1600,1.5940,1.5990,66.9480,67.1580,14.8580,11.1811,1.6366,2.2467,True,False,4.1879,10.3328
2021-02-01,53.5500,1.6280,1.6490,68.3760,69.2580,15.1200,11.2198,1.6813,2.3198,True,False,4.2346,10.5365
2021-02-02,54.7700,1.6570,1.6820,69.5940,70.6440,15.1740,11.2622,1.7303,2.2608,True,False,4.1472,10.5521
2021-02-03,55.6700,1.6850,1.6940,70.7700,71.1480,15.2260,11.3160,1.7752,2.2026,True,False,4.0641,10.5309
2021-02-04,56.1900,1.6820,1.7070,70.6440,71.6940,14.8040,11.3739,1.8164,1.8885,False,False,3.7576,10.2135
2021-02-05,56.8000,1.6720,1.7160,70.2240,72.0720,14.0400,11.4267,1.8460,1.4157,False,False,3.2236,9.6266
2021-02-08,57.9500,1.6990,1.7530,71.3580,73.6260,14.1640,11.4617,1.8652,1.4488,False,False,3.1974,9.7137
2021-02-09,58.3400,1.6880,1.7570,70.8960,73.7940,13.5220,11.4892,1.8865,1.0776,False,False,2.7602,9.2220
2021-02-10,58.6900,1.6610,1.7570,69.7620,73.7940,12.4160,11.5160,1.8980,0.4742,False,False,2.0424,8.3871
2021-02-11,58.2200,1.6670,1.7410,70.0140,73.1220,12.8300,11.5315,1.8996,0.6836,False,False,2.3300,8.6832
2021-02-12,59.5000,1.7120,1.7780,71.9040,74.6760,13.3280,11.5479,1.9044,0.9348,False,False,2.5081,9.0252
2021-02-16,60.0700,1.7950,1.8190,75.3900,76.3980,15.6560,11.5674,1.9135,2.1367,True,True,3.9026,10.7765
2021-02-17,61.0900,1.8310,1.8460,76.9020,77.5320,16.0220,11.6058,1.9599,2.2533,True,False,4.0208,11.0185
2021-02-18,60.4000,1.7960,1.8250,75.4320,76.6500,15.4380,11.6507,2.0135,1.8809,False,False,3.7333,10.6034
2021-02-19,59.1200,1.8070,1.8180,75.8940,76.3560,16.9280,11.6932,2.0523,2.5507,True,True,4.8110,11.7934
2021-02-22,61.6700,1.8620,1.8660,78.2040,78.3720,16.5900,11.7519,2.1243,2.2775,True,False,4.3137,11.4309
2021-02-23,61.6600,1.8950,1.8840,79.5900,79.1280,17.7760,11.8103,2.1835,2.7322,True,False,5.0647,12.3464
2021-02-24,63.2100,1.9190,1.9210,80.5980,80.6820,17.4160,11.8810,2.2707,2.4375,True,False,4.6862,12.0410
2021-02-25,63.4300,1.9120,1.9030,80.3040,79.9260,16.7480,11.9543,2.3407,2.0480,True,False,4.2135,11.4753
2021-02-26,61.5500,1.8970,1.8510,79.6740,77.7420,17.4800,12.0194,2.3911,2.2838,True,False,4.8349,12.0345
2021-03-01,60.5400,1.8690,1.8230,78.4980,76.5660,17.3140,12.0981,2.4522,2.1271,True,False,4.8330,11.9320
2021-03-02,59.7000,1.8800,1.8110,78.9600,76.0620,18.2940,12.1807,2.5008,2.4445,True,False,5.5260,12.6896
2021-03-03,61.3300,1.9200,1.8370,80.6400,77.1540,18.1480,12.2820,2.5610,2.2905,True,False,5.2403,12.4926
2021-03-04,63.8100,1.9790,1.9010,83.1180,79.8420,18.2160,12.3791,2.6153,2.2318,True,False,5.0311,12.4838
2021-03-05,66.0800,2.0500,1.9510,86.1000,81.9420,18.6340,12.4803,2.6626,2.3112,True,False,5.0351,12.7030
2021-03-08,65.0300,2.0230,1.9060,84.9660,80.0520,18.2980,12.5870,2.7141,2.1042,True,False,4.9017,12.4254
2021-03-09,64.0200,2.0020,1.8950,84.0840,79.5900,18.5660,12.6892,2.7538,2.1341,True,False,5.1960,12.6925
2021-03-10,64.4500,2.0490,1.9150,86.0580,80.4300,19.7320,12.7917,2.7985,2.4800,True,False,5.8710,13.5519
2021-03-11,66.0200,2.1190,1.9590,88.9980,82.2780,20.7380,12.9044,2.8706,2.7289,True,False,6.3236,14.2514
2021-03-12,65.5900,2.2110,1.9580,92.8620,82.2360,23.7300,13.0292,2.9628,3.6117,True,False,8.1833,16.4496
2021-03-15,65.3600,2.1660,1.9440,90.9720,81.6480,22.5040,13.1862,3.1457,2.9621,True,False,7.4540,15.5451
2021-03-16,64.8200,2.1270,1.9310,89.3340,81.1020,21.7700,13.3275,3.2729,2.5795,True,False,7.0700,15.0324
2021-03-17,64.5500,2.0770,1.9010,87.2340,79.8420,20.2200,13.4654,3.3630,2.0085,True,False,6.1188,13.8453
2021-03-18,59.9500,1.9410,1.7660,81.5220,74.1720,19.1220,13.5799,3.4151,1.6228,False,False,5.8895,13.1071
2021-03-19,61.4300,1.8900,1.8220,79.3800,76.5240,16.9980,13.6908,3.4313,0.9638,False,False,4.5033,11.6032
2021-03-22,61.4800,1.9080,1.8230,80.1360,76.5660,17.4660,13.7711,3.4232,1.0794,False,False,4.7785,11.9380
2021-03-23,57.7500,1.8500,1.7370,77.7000,72.9540,18.3680,13.8491,3.4265,1.3188,False,False,5.7172,12.7088
2021-03-24,61.1200,1.9610,1.8180,82.3620,76.3560,19.2400,13.9405,3.4361,1.5423,False,False,5.8882,13.2381
2021-03-25,58.4700,1.8980,1.7460,79.7160,73.3320,19.1180,14.0364,3.4621,1.4678,False,False,6.0745,13.1998
2021-03-26,60.9300,1.9250,1.8020,80.8500,75.6840,18.1980,14.1367,3.4771,1.1680,False,False,5.2589,12.4550
2021-03-29,61.4900,1.9610,1.8080,82.3620,75.9360,18.7300,14.2350,3.4654,1.2971,False,False,5.5039,12.7966
2021-03-30,60.5500,1.9400,1.7870,81.4800,75.0540,18.7880,14.3397,3.4572,1.2867,False,False,5.6403,12.8712
2021-03-31,59.1900,1.9380,1.7710,81.3960,74.3820,19.8680,14.4470,3.4438,1.5741,False,False,6.4654,13.7446
2021-04-01,61.4100,1.9970,1.8240,83.8740,76.6080,20.0420,14.5630,3.4486,1.5888,False,False,6.3371,13.8038
2021-04-05,58.7300,1.9400,1.7740,81.4800,74.5080,20.4260,14.6850,3.4461,1.6659,False,False,6.8779,14.2071
2021-04-06,59.3400,1.9530,1.7970,82.0260,75.4740,20.5020,14.8045,3.4566,1.6483,False,False,6.8772,14.2720
2021-04-07,59.7700,1.9300,1.8050,81.0600,75.8100,19.5400,14.9245,3.4648,1.3321,False,False,6.2501,13.5589
2021-04-08,59.6100,1.9470,1.8130,81.7740,76.1460,20.2880,15.0341,3.4530,1.5215,False,False,6.7405,14.1419
2021-04-09,59.2900,1.9560,1.8100,82.1520,76.0200,20.8180,15.1445,3.4604,1.6396,False,False,7.1019,14.5487
2021-04-12,59.7000,1.9600,1.8140,82.3200,76.1880,20.5760,15.2565,3.4791,1.5290,False,False,6.9015,14.3428
2021-04-13,60.2000,1.9700,1.8170,82.7400,76.3140,20.3980,15.3794,3.4694,1.4465,False,False,6.7235,14.1697
2021-04-14,63.1500,2.0180,1.8810,84.7560,79.0020,19.6880,15.5028,3.4481,1.2138,False,False,5.9746,13.5490
2021-04-15,63.4200,2.0400,1.8970,85.6800,79.6740,20.2580,15.6159,3.4164,1.3588,False,False,6.3084,13.9835
2021-04-16,63.1600,2.0290,1.8940,85.2180,79.5480,20.1680,15.7322,3.3942,1.3069,False,False,6.2884,13.9372
2021-04-19,63.3300,2.0290,1.8960,85.2180,79.6320,20.0260,15.8523,3.3577,1.2430,False,False,6.1810,13.8230
2021-04-20,62.6100,2.0000,1.8780,84.0000,78.8760,19.6820,15.9668,3.3222,1.1183,False,False,6.0485,13.5940
2021-04-21,61.3400,1.9460,1.8480,81.7320,77.6160,19.0200,16.0715,3.2890,0.8965,False,False,5.7851,13.1563
2021-04-22,61.4500,1.9530,1.8640,82.0260,78.2880,19.3300,16.1625,3.2558,0.9729,False,False,5.9877,13.4211
2021-04-23,62.1800,1.9670,1.8740,82.6140,78.7080,19.1320,16.2558,3.2248,0.8919,False,False,5.7767,13.2319
2021-04-26,62.0200,1.9460,1.8780,81.7320,78.8760,18.7600,16.3472,3.1883,0.7568,False,False,5.5867,12.9951
2021-04-27,63.0300,1.9950,1.9130,83.7900,80.3460,19.6120,16.4320,3.1495,1.0097,False,False,6.0148,13.6150
2021-04-28,63.8100,2.0360,1.9340,85.5120,81.2280,20.2740,16.5298,3.1099,1.2040,False,False,6.3352,14.0764
2021-04-29,65.0000,2.0810,1.9580,87.4020,82.2360,20.6800,16.6260,3.0902,1.3119,False,False,6.4448,14.3185
2021-04-30,63.5000,2.0550,1.9190,86.3100,80.5980,20.9060,16.7189,3.0851,1.3572,False,False,6.7310,14.5152
2021-05-03,64.4600,2.0930,1.9520,87.9060,81.9840,21.4720,16.8158,3.0780,1.5127,False,False,6.9911,14.9280
2021-05-04,65.7200,2.1470,2.0020,90.1740,84.0840,22.4240,16.9255,3.0660,1.7933,False,False,7.4720,15.6428
2021-05-05,65.6300,2.1320,1.9990,89.5440,83.9580,22.0520,17.0432,3.0716,1.6307,False,False,7.2565,15.3748
2021-05-06,64.7300,2.1070,1.9970,88.4940,83.8740,22.2240,17.1481,3.0797,1.6482,False,False,7.4950,15.5909
2021-05-07,64.9600,2.1210,2.0130,89.0820,84.5460,22.6100,17.2584,3.0818,1.7366,False,False,7.7245,15.8973
2021-05-10,64.9200,2.1180,2.0200,88.9560,84.8400,22.6640,17.3728,3.0871,1.7140,False,False,7.7778,15.9641
2021-05-11,65.3100,2.1370,2.0530,89.7540,86.2260,23.2680,17.4846,3.0945,1.8689,False,False,8.1491,16.4669
2021-05-12,65.9600,2.1720,2.0800,91.2240,87.3600,23.9760,17.6023,3.1107,2.0490,True,True,8.5298,16.9959
2021-05-13,63.8200,2.0980,2.0060,88.1160,84.2520,23.0080,17.7294,3.1347,1.6839,False,False,8.1253,16.2857
2021-05-14,65.3200,2.1510,2.0450,90.3420,85.8900,23.5380,17.8494,3.1278,1.8187,False,False,8.2927,16.6334
2021-05-17,66.2400,2.1750,2.0670,91.3500,86.8140,23.5980,17.9654,3.1430,1.7921,False,False,8.2323,16.6493
2021-05-18,65.4900,2.1750,2.0620,91.3500,86.6040,24.2780,18.0835,3.1527,1.9648,False,False,8.7461,17.2046
2021-05-19,63.2800,2.0970,2.0130,88.0740,84.5460,23.6180,18.2064,3.1762,1.7038,False,False,8.5897,16.8078
2021-05-20,61.9500,2.0210,1.9600,84.8820,82.3200,22.0780,18.3117,3.1966,1.1782,False,False,7.7605,15.6673
2021-05-21,63.6100,2.0560,1.9970,86.3520,83.8740,21.9160,18.4103,3.1743,1.1044,False,False,7.4838,15.4923
2021-05-24,66.1300,2.0930,2.0440,87.9060,85.8480,21.0900,18.5032,3.1532,0.8204,False,False,6.6963,14.7783
2021-05-25,66.2700,2.0840,2.0280,87.5280,85.1760,20.4740,18.5863,3.1215,0.6047,False,False,6.2713,14.2657
2021-05-26,66.4100,2.1190,2.0480,88.9980,86.0160,21.5940,18.6602,3.0865,0.9505,False,False,6.9637,15.1239
2021-05-27,66.8700,2.1220,2.0590,89.1240,86.4780,21.3720,18.7485,3.0553,0.8587,False,False,6.7822,14.9504
2021-05-28,66.3100,2.1100,2.0400,88.6200,85.6800,21.3300,18.8339,3.0199,0.8266,False,False,6.8040,14.9179
2021-06-01,67.8000,2.1450,2.0820,90.0900,87.4440,21.4080,18.9231,2.9733,0.8357,False,False,6.7080,14.9513
2021-06-02,68.7900,2.1530,2.1090,90.4260,88.5780,21.0200,19.0079,2.9339,0.6858,False,False,6.3785,14.6537
2021-06-03,68.8100,2.1610,2.1060,90.7620,88.4520,21.1820,19.0873,2.8902,0.7248,False,False,6.4663,14.7581
2021-06-04,69.5700,2.1640,2.1160,90.8880,88.8720,20.6460,19.1646,2.8519,0.5194,False,False,6.0479,14.3222
2021-06-07,69.2100,2.1550,2.1160,90.5100,88.8720,20.7540,19.2294,2.8183,0.5409,False,False,6.1684,14.4395
2021-06-08,70.1100,2.1860,2.1410,91.8120,89.9220,21.0720,19.2972,2.7806,0.6383,False,False,6.2722,14.6535
2021-06-09,69.9000,2.1570,2.1260,90.5940,89.2920,20.2600,19.3599,2.7562,0.3266,False,False,5.7861,14.0416
2021-06-10,70.3400,2.1690,2.1440,91.0980,90.0480,20.4080,19.4199,2.7161,0.3638,False,False,5.8445,14.1602
2021-06-11,71.0000,2.1430,2.1200,90.0060,89.0400,18.6840,19.4786,2.6794,-0.2966,False,False,4.6574,12.7657
2021-06-14,70.9400,2.1380,2.1150,89.7960,88.8300,18.5340,19.5176,2.6417,-0.3724,False,False,4.5662,12.6475
2021-06-15,72.0600,2.1350,2.1160,89.6700,88.8720,17.3440,19.5544,2.6045,-0.8487,False,False,3.6807,11.6708
2021-06-16,72.0300,2.1050,2.0950,88.4100,87.9900,16.2400,19.5826,2.5663,-1.3025,False,False,2.9788,10.8087
2021-06-17,71.0600,2.0960,2.0660,88.0320,86.7720,16.5520,19.6071,2.5235,-1.2106,False,False,3.2555,11.0426
2021-06-18,71.6400,2.1290,2.0880,89.4180,87.6960,17.2040,19.6336,2.4783,-0.9803,False,False,3.6030,11.5222
2021-06-21,73.6400,2.1570,2.1240,90.5940,89.2080,16.4920,19.6745,2.4064,-1.3225,False,False,2.9414,10.9105
2021-06-22,73.1500,2.1900,2.1540,91.9800,90.4680,18.3260,19.7198,2.3057,-0.6045,False,False,4.1807,12.3857
2021-06-23,73.1100,2.2410,2.1570,94.1220,90.5940,19.8360,19.7809,2.1924,0.0251,False,False,5.0992,13.4873
2021-06-24,73.3100,2.2330,2.1640,93.7860,90.8880,19.5100,19.8532,2.0829,-0.1648,False,False,4.8873,13.2541
2021-06-25,74.2100,2.2170,2.1450,93.1140,90.0900,17.8960,19.8960,2.0353,-0.9827,False,False,3.7396,11.9292
2021-06-28,72.9800,2.1750,2.1180,91.3500,88.9560,17.5720,19.9168,2.0049,-1.1695,False,False,3.6791,11.7405
2021-06-29,73.1400,2.2110,2.1320,92.8620,89.5440,18.6160,19.9405,1.9640,-0.6744,False,False,4.3101,12.5216
2021-06-30,73.5200,2.2090,2.1260,92.7780,89.2920,18.0960,19.9593,1.9431,-0.9589,False,False,3.9266,12.0853
2021-07-01,75.3300,2.2320,2.1470,93.7440,90.1740,17.2240,19.9760,1.9203,-1.4331,False,False,3.1669,11.3289
2021-07-02,75.3700,2.2760,2.1790,95.5920,91.5180,18.8640,19.9699,1.9282,-0.5735,False,False,4.2119,12.6128
2021-07-06,73.6200,2.2090,2.1200,92.7780,89.0400,17.9120,19.9860,1.9128,-1.0842,False,False,3.7881,11.9216
2021-07-07,72.2200,2.1760,2.0870,91.3920,87.6540,17.9260,19.9989,1.8947,-1.0940,False,False,3.9442,11.9748
2021-07-08,72.9800,2.2340,2.1280,93.8280,89.3760,19.3640,20.0039,1.8887,-0.3388,False,False,4.7753,13.0644
2021-07-09,74.5600,2.2610,2.1520,94.9620,90.3840,18.8760,20.0266,1.8684,-0.6158,False,False,4.2880,12.6198
2021-07-12,74.2100,2.2650,2.1500,95.1300,90.3000,19.3100,20.0331,1.8634,-0.3881,False,False,4.5985,12.9641
2021-07-13,75.2400,2.3020,2.1800,96.6840,91.5600,19.7360,20.0460,1.8543,-0.1672,False,False,4.7574,13.2583
2021-07-14,73.0600,2.2880,2.1360,96.0960,89.7120,20.9080,20.0629,1.8444,0.4582,False,False,5.7061,14.1941
2021-07-15,71.6700,2.2440,2.1030,94.2480,88.3260,20.6040,20.0882,1.8403,0.2803,False,False,5.6699,14.0173
2021-07-16,71.7600,2.2430,2.1020,94.2060,88.2840,20.4720,20.1138,1.8312,0.1956,False,False,5.5746,13.9090
2021-07-19,66.4500,2.1120,1.9840,88.7040,83.3280,20.4620,20.1350,1.8242,0.1793,False,False,6.1439,14.0894
2021-07-20,67.3200,2.1390,2.0150,89.8380,84.6300,20.7820,20.1431,1.8240,0.3503,False,False,6.2661,14.3282
2021-07-21,70.2600,2.2150,2.0840,93.0300,87.5280,20.9360,20.1436,1.8242,0.4344,False,False,6.0477,14.3476
2021-07-22,72.1500,2.2640,2.1270,95.0880,89.3340,21.0200,20.1125,1.7862,0.5080,False,False,5.8954,14.3446
2021-07-23,72.2400,2.2920,2.1330,96.2640,89.5860,21.7980,20.0960,1.7709,0.9611,False,False,6.3609,14.9150
2021-07-26,72.1500,2.3190,2.1560,97.3980,90.5520,22.9660,20.0964,1.7712,1.6202,False,False,7.1239,15.8432
2021-07-27,71.6800,2.3160,2.1460,97.2720,90.1320,23.2120,20.1269,1.7965,1.7173,False,False,7.3234,16.0384
2021-07-28,72.3700,2.3050,2.1510,96.8100,90.3420,22.2840,20.1723,1.8221,1.1590,False,False,6.6701,15.3111
2021-07-29,73.6200,2.3520,2.1900,98.7840,91.9800,22.8960,20.2310,1.8039,1.4773,False,False,6.9255,15.7453
2021-07-30,73.9300,2.3590,2.1910,99.0780,92.0220,22.7960,20.2914,1.8012,1.3905,False,False,6.8195,15.6426
2021-08-02,71.3100,2.2830,2.1420,95.8860,89.9640,22.6020,20.3406,1.8085,1.2505,False,False,7.0063,15.6265
2021-08-03,70.6400,2.2920,2.1230,96.2640,89.1660,23.2580,20.3779,1.8200,1.5824,False,False,7.4639,16.1086
2021-08-04,68.1900,2.2580,2.0690,94.8360,86.8980,24.0000,20.4239,1.8398,1.9437,False,False,8.1754,16.7309
2021-08-05,69.1000,2.3120,2.1010,97.1040,88.2420,25.0500,20.4884,1.8622,2.4496,True,True,8.7316,17.4944
2021-08-06,68.2600,2.2650,2.0760,95.1300,87.1920,24.2240,20.5586,1.9130,1.9160,False,False,8.3137,16.9080
2021-08-09,66.5600,2.2600,2.0440,94.9200,85.8480,25.3360,20.6190,1.9418,2.4292,True,True,9.1772,17.7882
2021-08-10,68.3300,2.2840,2.0830,95.9280,87.4860,24.7840,20.6798,2.0019,2.0501,True,False,8.6535,17.3271
2021-08-11,69.3000,2.3240,2.1080,97.6080,88.5360,25.2840,20.7325,2.0464,2.2242,True,False,8.8557,17.6644
2021-08-12,69.1200,2.2890,2.0980,96.1380,88.1160,24.3440,20.7864,2.1009,1.6933,False,False,8.2986,16.9738
2021-08-13,68.3600,2.2630,2.0630,95.0460,86.6460,23.8860,20.8291,2.1335,1.4328,False,False,8.0681,16.6100
2021-08-16,67.4400,2.2190,2.0500,93.1980,86.1000,23.3920,20.8774,2.1529,1.1680,False,False,7.8870,16.3118
2021-08-17,66.5000,2.1800,2.0370,91.5600,85.5540,23.0580,20.9119,2.1679,0.9899,False,False,7.8050,16.1311
2021-08-18,65.3600,2.1200,1.9990,89.0400,83.9580,21.9860,20.9368,2.1796,0.4814,False,False,7.2587,15.3570
2021-08-19,63.6900,2.0820,1.9690,87.4440,82.6980,22.1720,20.9525,2.1820,0.5589,False,False,7.5661,15.5738
2021-08-20,62.2500,2.0080,1.8970,84.3360,79.6740,20.5320,20.9722,2.1849,-0.2015,False,False,6.6542,14.3095
2021-08-23,65.6500,2.1130,1.9960,88.7460,83.8320,21.4580,20.9816,2.1812,0.2184,False,False,6.8906,14.9348
2021-08-24,67.5000,2.1740,2.0660,91.3080,86.7720,22.2960,20.9949,2.1804,0.5967,False,False,7.2537,15.5699
2021-08-25,68.5400,2.2910,2.1130,96.2220,88.7460,25.1900,21.0185,2.1828,1.9111,False,False,8.9276,17.6971
2021-08-26,67.4200,2.2610,2.0790,94.9620,87.3180,24.9940,21.0759,2.2235,1.7622,False,False,8.9122,17.5649
2021-08-27,68.8400,2.2850,2.1070,95.9700,88.4940,24.6380,21.1349,2.2559,1.5528,False,False,8.5373,17.2465
2021-08-30,69.2800,2.3200,2.1400,97.4400,89.8800,25.6400,21.1974,2.2742,1.9535,False,False,9.1396,18.0304
2021-08-31,68.4300,2.2930,2.1400,96.3060,89.8800,25.7340,21.2675,2.3125,1.9315,False,False,9.3277,18.1916
2021-09-01,68.6300,2.2980,2.1200,96.5160,89.0400,25.3940,21.3408,2.3480,1.7262,False,False,9.0508,17.8576
2021-09-02,70.0700,2.3470,2.1590,98.5740,90.6780,25.8720,21.4145,2.3699,1.8809,False,False,9.1963,18.1744
2021-09-03,69.3400,2.3390,2.1570,98.2380,90.5940,26.3500,21.4841,2.4075,2.0211,True,True,9.5920,18.5921
2021-09-07,68.4900,2.2800,2.1220,95.7600,89.1240,25.0580,21.5516,2.4573,1.4269,False,False,8.8751,17.6378
2021-09-08,69.3600,2.2920,2.1340,96.2640,89.6280,24.6920,21.6002,2.4828,1.2453,False,False,8.5458,17.3189
2021-09-09,68.2600,2.2690,2.1110,95.2980,88.6620,24.8260,21.6423,2.5027,1.2721,False,False,8.7484,17.4591
2021-09-10,69.8200,2.3070,2.1400,96.8940,89.8800,24.7360,21.6796,2.5247,1.2106,False,False,8.5135,17.3201
2021-09-13,70.5400,2.2990,2.1600,96.5580,90.7200,24.0720,21.7053,2.5439,0.9304,False,False,8.0455,16.8300
2021-09-14,70.5300,2.3070,2.1610,96.8940,90.7620,24.3200,21.7277,2.5557,1.0143,False,False,8.1979,17.0131
2021-09-15,72.5900,2.3180,2.2070,97.3560,92.6940,23.2120,21.7510,2.5696,0.5686,False,False,7.3105,16.1433
2021-09-16,72.6900,2.2990,2.2140,96.5580,92.9880,22.6780,21.7577,2.5726,0.3577,False,False,6.9892,15.7713
2021-09-17,72.0900,2.2900,2.2080,96.1800,92.7360,22.9420,21.7578,2.5727,0.4603,False,False,7.2280,16.0072
2021-09-20,70.4100,2.2300,2.1720,93.6600,91.2240,22.4380,21.7542,2.5708,0.2660,False,False,7.1105,15.7082
2021-09-21,70.5100,2.2180,2.1840,93.1560,91.7280,22.1700,21.7371,2.5611,0.1690,False,False,6.9594,15.5445
2021-09-22,72.3700,2.2190,2.2100,93.1980,92.8200,20.7020,21.7278,2.5579,-0.4010,False,False,5.8448,14.3703
2021-09-23,73.4300,2.2620,2.2480,95.0040,94.4160,21.3780,21.6963,2.5529,-0.1247,False,False,6.1660,14.8681
2021-09-24,74.1800,2.2630,2.2700,95.0460,95.3400,20.9640,21.6716,2.5451,-0.2780,False,False,5.8475,14.5615
2021-09-27,75.5400,2.2790,2.2970,95.7180,96.4740,20.4300,21.6348,2.5311,-0.4760,False,False,5.3730,14.1181
2021-09-28,75.4400,2.2540,2.2830,94.6680,95.8860,19.6340,21.5994,2.5254,-0.7783,False,False,4.8815,13.5090
2021-09-29,75.0600,2.2820,2.3120,95.8440,97.1040,21.2040,21.5722,2.5332,-0.1454,False,False,5.9433,14.7786
2021-09-30,75.2200,2.3090,2.3440,96.9780,98.4480,22.2480,21.5643,2.5333,0.2699,False,False,6.6121,15.6202
2021-10-01,76.0100,2.3460,2.3810,98.5320,100.0020,23.0120,21.5772,2.5338,0.5663,False,False,7.0258,16.2077
2021-10-04,77.6800,2.4120,2.4390,101.3040,102.4380,24.0020,21.6054,2.5354,0.9452,False,False,7.4827,16.9317
2021-10-05,79.1700,2.4260,2.5030,101.8920,105.1260,23.8000,21.6322,2.5479,0.8509,False,False,7.2649,16.8374
2021-10-06,77.6600,2.3780,2.4400,99.8760,102.4800,23.0840,21.6591,2.5578,0.5571,False,False,6.9371,16.2763
2021-10-07,78.4600,2.4130,2.4720,101.3460,103.8240,23.7120,21.6786,2.5619,0.7937,False,False,7.2571,16.7480
2021-10-08,79.5500,2.4400,2.4830,102.4800,104.2860,23.5320,21.7042,2.5706,0.7110,False,False,7.0033,16.5354
2021-10-11,80.6400,2.4770,2.5290,104.0340,106.2180,24.1220,21.7321,2.5766,0.9275,False,False,7.2849,16.9949
2021-10-12,80.7500,2.4640,2.5270,103.4880,106.1340,23.6200,21.7648,2.5880,0.7168,False,False,6.9625,16.6146
2021-10-13,80.6700,2.4860,2.5420,104.4120,106.7640,24.5260,21.7978,2.5925,1.0523,False,False,7.5500,17.3261
2021-10-14,81.4300,2.5080,2.5880,105.3360,108.6960,25.0260,21.8398,2.6058,1.2228,False,False,7.8287,17.7571
2021-10-15,82.3900,2.5740,2.5880,108.1080,108.6960,25.9140,21.8837,2.6257,1.5349,False,False,8.2127,18.2909
2021-10-18,82.6200,2.5750,2.5570,108.1500,107.3940,25.2780,21.9465,2.6536,1.2555,False,False,7.7304,17.7035
2021-10-19,83.1900,2.5570,2.5670,107.3940,107.8140,24.3440,22.0006,2.6713,0.8773,False,False,7.1027,17.0019
2021-10-20,84.4000,2.5890,2.5980,108.7380,109.1160,24.4640,22.0635,2.6590,0.9028,False,False,7.0522,17.0594
2021-10-21,82.6400,2.5440,2.5580,106.8480,107.4360,24.4040,22.1294,2.6442,0.8602,False,False,7.2050,17.0754
2021-10-22,84.5300,2.5710,2.5580,107.9820,107.4360,23.2700,22.2078,2.6055,0.4077,False,False,6.2317,16.0510
2021-10-25,84.6400,2.5910,2.5720,108.8220,108.0240,23.9160,22.2860,2.5297,0.6444,False,False,6.6316,16.5510
2021-10-26,85.6400,2.5910,2.5730,108.8220,108.0660,22.9300,22.3678,2.4611,0.2284,False,False,5.8871,15.7345
2021-10-27,82.6600,2.5080,2.5050,105.3360,105.2100,22.6340,22.4314,2.4000,0.0844,False,False,6.0286,15.6207
2021-10-28,82.7800,2.5180,2.5100,105.7560,105.4200,22.8640,22.4996,2.3160,0.1573,False,False,6.1585,15.7899
2021-10-29,83.5000,2.5370,2.4870,106.5540,104.4540,22.3540,22.5501,2.2736,-0.0862,False,False,5.6926,15.2662
2021-11-01,84.0800,2.4940,2.5110,104.7480,105.4620,20.9060,22.5780,2.2555,-0.7413,False,False,4.7843,14.2405
2021-11-02,83.9100,2.5960,2.5100,109.0320,105.4200,23.9180,22.5936,2.2390,0.5915,False,False,6.6158,16.4245
2021-11-03,80.8200,2.4870,2.4310,104.4540,102.1020,22.8500,22.6605,2.1870,0.0867,False,False,6.2880,15.7300
2021-11-04,78.8800,2.4420,2.4150,102.5640,101.4300,23.3060,22.7191,2.1195,0.2769,False,False,6.8287,16.2179
2021-11-05,81.2500,2.4580,2.4550,103.2360,103.1100,21.9440,22.7712,2.0752,-0.3986,False,False,5.7281,15.1110
2021-11-08,81.9600,2.4370,2.4780,102.3540,104.0760,20.9680,22.8140,2.0173,-0.9151,False,False,5.0808,14.4074
2021-11-09,84.1200,2.4800,2.5170,104.1600,105.7140,20.5580,22.8556,1.9386,-1.1852,False,False,4.5819,14.0057
2021-11-10,81.2300,2.4000,2.4550,100.8000,103.1100,20.3400,22.8744,1.9078,-1.3285,False,False,4.7688,13.9583
2021-11-11,81.4700,2.4160,2.4450,101.4720,102.6900,20.4080,22.9014,1.8538,-1.3450,False,False,4.7515,13.9473
2021-11-12,80.8700,2.4150,2.4110,101.4300,101.2620,20.5040,22.9290,1.7972,-1.3493,False,False,4.8306,13.9681
2021-11-15,80.8500,2.4240,2.4080,101.8080,101.1360,20.7340,22.9416,1.7759,-1.2431,False,False,4.9655,14.1259
2021-11-16,80.7600,2.4380,2.4340,102.3960,102.2280,21.5800,22.9623,1.7389,-0.7949,False,False,5.5416,14.8322
2021-11-17,78.3200,2.3630,2.3720,99.2460,99.6240,21.0520,22.9875,1.7018,-1.1373,False,False,5.4728,14.5122
2021-11-18,78.9200,2.3780,2.3870,99.8760,100.2540,21.0820,23.0021,1.6794,-1.1434,False,False,5.4293,14.5182
2021-11-19,76.1100,2.2880,2.2900,96.0960,96.1800,20.0140,23.0040,1.6770,-1.7829,False,False,5.0203,13.7324
2021-11-22,76.7400,2.3300,2.3230,97.8600,97.5660,21.0220,22.9975,1.6875,-1.1706,False,False,5.5968,14.4997
2021-11-23,78.3200,2.4140,2.3940,101.3880,100.5480,22.7880,23.0036,1.6793,-0.1284,False,False,6.5606,15.8360
2021-11-24,78.3200,2.3850,2.3730,100.1700,99.6660,21.6820,23.0294,1.6578,-0.8128,False,False,5.8529,14.9691
2021-11-29,69.8800,2.1300,2.1430,89.4600,90.0060,19.7620,23.0394,1.6469,-1.9901,False,False,5.5261,13.7423
2021-11-30,66.1400,2.0280,2.0620,85.1760,86.6040,19.5120,23.0264,1.6680,-2.1069,False,False,5.7857,13.7016
2021-12-01,65.4400,1.9920,2.0700,83.6640,86.9400,19.3160,23.0096,1.6954,-2.1786,False,False,5.7934,13.6643
2021-12-02,66.6000,2.0700,2.1110,86.9400,88.6620,20.9140,22.9821,1.7346,-1.1922,False,False,6.6585,14.8250
2021-12-03,66.3900,2.0370,2.0960,85.5540,88.0320,19.9900,22.9593,1.7481,-1.6985,False,False,6.1051,14.1325
2021-12-06,69.6200,2.1360,2.1780,89.7120,91.4760,20.6800,22.9235,1.7754,-1.2637,False,False,6.1907,14.5495
2021-12-07,71.9400,2.1930,2.2310,92.1060,93.7020,20.6980,22.9056,1.7897,-1.2335,False,False,5.9532,14.4853
2021-12-08,72.4300,2.2350,2.2720,93.8700,95.4240,21.9580,22.8812,1.8046,-0.5116,False,False,6.7193,15.4764
2021-12-09,70.8700,2.1930,2.2350,92.1060,93.8700,21.8240,22.8719,1.8072,-0.5799,False,False,6.8030,15.4272
2021-12-10,71.7100,2.2250,2.2580,93.4500,94.8360,22.2020,22.8633,1.8103,-0.3653,False,False,6.9480,15.6842
2021-12-13,71.1900,2.2060,2.2380,92.6520,93.9960,21.9100,22.8515,1.8111,-0.5199,False,False,6.8114,15.4640
2021-12-14,70.5700,2.1840,2.2110,91.7280,92.8620,21.5360,22.8283,1.8097,-0.7141,False,False,6.6264,15.1722
2021-12-15,70.8900,2.2250,2.2380,93.4500,93.9960,22.7420,22.7893,1.7992,-0.0263,False,False,7.3571,16.0960
2021-12-16,72.3400,2.2330,2.2570,93.7860,94.7940,21.7820,22.7728,1.7927,-0.5527,False,False,6.5962,15.3092
2021-12-17,70.9300,2.2080,2.2200,92.7360,93.2400,21.9740,22.7333,1.7749,-0.4278,False,False,6.8522,15.4782
2021-12-20,68.6900,2.1490,2.1880,90.2580,91.8960,22.1140,22.7021,1.7632,-0.3335,False,False,7.2163,15.7179
2021-12-21,71.1000,2.2070,2.2630,92.6940,95.0460,22.3780,22.6669,1.7428,-0.1657,False,False,7.1586,15.8948
2021-12-22,72.8200,2.2220,2.3110,93.3240,97.0620,21.7500,22.6450,1.7340,-0.5162,False,False,6.6160,15.4148
2021-12-23,73.8900,2.2570,2.3310,94.7940,97.9020,21.9400,22.6213,1.7315,-0.3935,False,False,6.6061,15.5011
2021-12-27,75.4900,2.2830,2.3580,95.8860,99.0360,21.4460,22.6052,1.7310,-0.6697,False,False,6.1185,15.0601
2021-12-28,76.0100,2.2930,2.3710,96.3060,99.5820,21.3880,22.5872,1.7345,-0.6914,False,False,6.0303,15.0048
2021-12-29,76.5800,2.3170,2.3760,97.3140,99.7920,21.5600,22.5806,1.7379,-0.5872,False,False,6.0557,15.0828
2021-12-30,76.8300,2.3220,2.3790,97.5240,99.9180,21.4920,22.5738,1.7407,-0.6215,False,False,5.9825,15.0164
2021-12-31,75.3300,2.2740,2.3270,95.5080,97.7340,20.9200,22.5845,1.7311,-0.9615,False,False,5.7626,14.5948
2022-01-03,75.9900,2.3020,2.3610,96.6840,99.1620,21.5200,22.5785,1.7359,-0.6098,False,False,6.0917,15.0685
2022-01-04,77.0000,2.3140,2.4190,97.1880,101.5980,21.6580,22.5699,1.7392,-0.5243,False,False,6.1397,15.2516
2022-01-05,77.8300,2.3120,2.4350,97.1040,102.2700,20.9960,22.5306,1.7194,-0.8925,False,False,5.6474,14.7374
2022-01-06,79.4700,2.3460,2.4870,98.5320,104.4540,21.0360,22.4862,1.7068,-0.8497,False,False,5.5265,14.7605
2022-01-07,79.0000,2.3460,2.4960,98.5320,104.8320,21.6320,22.4462,1.6980,-0.4795,False,False,5.9758,15.2716
2022-01-10,78.1100,2.3230,2.5030,97.5660,105.1260,21.9760,22.4016,1.6660,-0.2555,False,False,6.3349,15.6407
2022-01-11,81.1700,2.4010,2.5810,100.8420,108.4020,22.1920,22.3599,1.6286,-0.1031,False,False,6.1539,15.7217
2022-01-12,82.5100,2.4390,2.6120,102.4380,109.7040,22.3500,22.3243,1.5966,0.0161,False,False,6.1061,15.7922
2022-01-13,81.9700,2.4170,2.6110,101.5140,109.6620,22.2600,22.2852,1.5517,-0.0162,False,False,6.1338,15.7835
2022-01-14,83.8200,2.4730,2.6530,103.8660,111.4260,22.5660,22.2397,1.4906,0.2189,False,False,6.1188,15.9414
2022-01-18,85.4200,2.5000,2.7030,105.0000,113.5260,22.4220,22.2120,1.4609,0.1437,False,False,5.8894,15.8297
2022-01-19,86.8400,2.4970,2.6850,104.8740,112.7700,20.6660,22.1868,1.4373,-1.0581,False,False,4.5779,14.3487
2022-01-20,86.2900,2.4760,2.6460,103.9920,111.1320,20.0820,22.1406,1.4184,-1.4513,False,False,4.2308,13.8577
2022-01-21,85.1600,2.4860,2.6890,104.4120,112.9380,22.0940,22.0889,1.4076,0.0036,False,False,5.7035,15.5751
2022-01-24,84.4800,2.4650,2.6510,103.5300,111.3420,21.6540,22.0669,1.3919,-0.2967,False,False,5.4651,15.2054
2022-01-25,86.6100,2.4980,2.6690,104.9160,112.0980,20.7000,22.0373,1.3718,-0.9748,False,False,4.6004,14.3447
2022-01-26,88.3300,2.5680,2.7410,107.8560,115.1220,21.9480,22.0094,1.3732,-0.0447,False,False,5.2338,15.2960
2022-01-27,87.6100,2.6100,2.8280,109.6200,118.7760,25.0620,22.0013,1.3714,2.2319,True,True,7.3965,17.9096
2022-01-28,87.6700,2.6050,2.7830,109.4100,116.8860,24.2320,22.0248,1.4051,1.5708,False,False,6.7947,17.1542
2022-01-31,89.1600,2.6070,2.7620,109.4940,116.0040,22.5040,22.0448,1.4234,0.3226,False,False,5.4828,15.6756
2022-02-01,88.2200,2.6340,2.7450,110.6280,115.2900,23.9620,22.0485,1.4242,1.3436,False,False,6.4676,16.7716
2022-02-02,88.1600,2.6550,2.7620,111.5100,116.0040,24.8480,22.0847,1.4309,1.9311,False,False,7.0442,17.4733
2022-02-03,90.1700,2.7010,2.8270,113.4420,118.7340,25.0360,22.1232,1.4579,1.9980,False,False,6.9819,17.6059
2022-02-04,92.2700,2.7260,2.8610,114.4920,120.1620,24.1120,22.1685,1.4841,1.3095,False,False,6.1735,16.8239
2022-02-07,91.2500,2.7550,2.8570,115.7100,119.9940,25.8880,22.2094,1.4864,2.4748,True,True,7.3887,18.2014
2022-02-08,89.3200,2.6940,2.8720,113.1480,120.6240,26.3200,22.2789,1.5104,2.6756,True,False,7.9786,18.7751
2022-02-09,89.5700,2.7250,2.9070,114.4500,122.0940,27.4280,22.3357,1.5642,3.2556,True,False,8.6782,19.6630
2022-02-10,89.8300,2.7220,2.8920,114.3240,121.4640,26.8740,22.3933,1.6527,2.7112,True,False,8.2739,19.1851
2022-02-11,93.1000,2.8120,3.0050,118.1040,126.2100,27.7060,22.4362,1.7171,3.0691,True,False,8.5036,19.8041
2022-02-14,95.5200,2.8240,3.0220,118.6080,126.9240,25.8600,22.4774,1.7966,1.8828,False,False,7.0566,18.2659
2022-02-15,92.0700,2.7290,2.9220,114.6180,122.7240,25.2500,22.5002,1.8262,1.5057,False,False,7.0154,17.8702
2022-02-16,93.8300,2.6550,2.8330,111.5100,118.9860,20.1720,22.5243,1.8479,-1.2730,False,False,3.5088,13.7214
2022-02-17,91.7800,2.7130,2.8260,113.9460,118.6920,23.7480,22.4850,1.8598,0.6791,False,False,5.9575,16.4981
2022-02-18,91.2600,2.7430,2.8020,115.2060,117.6840,24.7720,22.4874,1.8613,1.2274,False,False,6.6021,17.2120
2022-02-22,92.1100,2.7400,2.8020,115.0800,117.6840,23.8380,22.4946,1.8689,0.7188,False,False,5.9099,16.4460
2022-02-23,92.1400,2.7780,2.8410,116.6760,119.3220,25.4180,22.4970,1.8705,1.5616,False,False,6.9352,17.7113
2022-02-24,92.7700,2.8250,2.9060,118.6500,122.0520,27.0140,22.5069,1.8835,2.3929,True,True,7.9317,19.0095
2022-02-25,91.6800,2.7820,2.8720,116.8440,120.6240,26.4240,22.5290,1.9242,2.0242,True,False,7.6752,18.5904
2022-02-28,96.1300,2.8260,3.0110,118.6920,126.4620,25.1520,22.5347,1.9349,1.3527,False,False,6.5142,17.6521
2022-03-01,103.6600,3.1720,3.2970,133.2240,138.4740,31.3140,22.5333,1.9329,4.5427,True,True,9.6448,22.2214
2022-03-02,110.7400,3.2460,3.6480,136.3320,153.2160,31.2200,22.6107,2.1332,4.0359,True,False,9.2281,22.5543
2022-03-03,107.6900,3.1830,3.6370,133.6860,152.7540,32.3520,22.6858,2.3087,4.1868,True,False,10.3569,23.6679
2022-03-04,115.7700,3.4140,3.9080,143.3880,164.1360,34.5340,22.7741,2.5155,4.6750,True,False,10.9828,25.2607
2022-03-07,119.2600,3.4800,4.1020,146.1600,172.2840,35.6080,22.8993,2.8011,4.5371,True,False,11.4937,26.3019
2022-03-08,123.6400,3.5950,4.5730,150.9900,192.0660,41.0420,23.0292,3.1003,5.8099,True,False,15.0643,31.3151
2022-03-09,108.8100,3.2210,3.6780,135.2820,154.4760,32.8700,23.2304,3.6300,2.6556,True,False,10.5803,24.0554
2022-03-10,105.9300,3.0390,3.4520,127.6380,144.9840,27.4900,23.3442,3.7673,1.1005,False,False,7.3240,19.7392
2022-03-11,109.3100,3.1990,3.5780,134.3580,150.2760,30.3540,23.3956,3.7918,1.8351,False,False,8.7831,21.8529
2022-03-14,103.2200,3.0560,3.3820,128.3520,142.0440,29.6960,23.4844,3.8595,1.6094,False,False,8.9207,21.3904
2022-03-15,96.4200,2.8510,3.0960,119.7420,130.0320,26.7520,23.5821,3.9040,0.8120,False,False,7.6077,19.0578
2022-03-16,94.8500,2.8620,3.2340,120.2040,135.8280,30.5620,23.6136,3.9180,1.7735,False,False,10.4269,22.4374
2022-03-17,102.9700,3.0980,3.5950,130.1160,150.9900,34.1040,23.6993,3.9841,2.6115,True,True,12.0516,25.3074
2022-03-18,104.6900,3.1330,3.7390,131.5860,157.0380,35.3800,23.8193,4.1304,2.7989,True,False,12.8529,26.5207
2022-03-21,112.1400,3.2690,3.9530,137.2980,166.0260,34.7340,23.9686,4.2993,2.5040,True,False,11.7600,25.9552
2022-03-22,111.0300,3.2080,4.0000,134.7360,168.0000,34.7940,24.1215,4.4326,2.4077,True,False,12.0668,26.2784
2022-03-23,114.8900,3.3250,4.2620,139.6500,179.0040,37.8780,24.2797,4.5549,2.9854,True,False,13.8691,28.9546
2022-03-24,114.2000,3.2500,4.3270,136.5000,181.7340,37.3780,24.4746,4.7531,2.7148,True,False,13.8125,28.8889
2022-03-25,116.2000,3.3180,4.2400,139.3560,178.0800,36.0640,24.6631,4.9216,2.3165,True,False,12.5314,27.4305
2022-03-28,107.5500,3.0410,3.8960,127.7220,163.6320,32.1420,24.8360,5.0443,1.4484,False,False,10.7966,24.4023
2022-03-29,104.2500,3.0370,3.8460,127.5540,161.5320,34.6300,24.9628,5.0828,1.9020,False,False,12.6959,26.3887
2022-03-30,107.8100,3.1200,3.8750,131.0400,162.7500,33.8000,25.1078,5.1696,1.6814,False,False,11.7069,25.4969
2022-03-31,100.5300,3.1070,3.6180,130.4940,151.9560,37.1180,25.2494,5.2308,2.2690,True,True,14.2865,27.8231
2022-04-01,99.3200,3.0710,3.4080,128.9820,143.1360,34.3800,25.4276,5.3574,1.6710,False,False,12.3902,25.2793
2022-04-04,103.2900,3.2020,3.8460,134.4840,161.5320,40.2100,25.5872,5.4075,2.7042,True,True,16.1927,30.5119
2022-04-05,101.9800,3.1250,3.7840,131.2500,158.9280,38.4960,25.8004,5.5982,2.2678,True,False,15.2371,29.2136
2022-04-06,96.3900,3.0590,3.7060,128.4780,155.6520,41.1460,25.9749,5.7445,2.6410,True,False,17.5298,31.4744
2022-04-07,96.0500,3.0320,3.5720,127.3440,150.0240,38.8540,26.1912,5.9418,2.1311,True,False,15.9259,29.4113
2022-04-08,98.3500,3.1060,3.6110,130.4520,151.6620,39.1720,26.4033,6.0484,2.1111,True,False,15.8421,29.5183
2022-04-11,94.2200,2.9980,3.4830,125.9160,146.2860,38.4860,26.6218,6.1497,1.9292,False,False,15.8018,29.0486
2022-04-12,100.5200,3.1510,3.6620,132.3420,153.8040,38.9760,26.8348,6.2245,1.9505,False,False,15.4952,29.3098
2022-04-13,104.2600,3.2790,3.8940,137.7180,163.5480,42.0680,27.0355,6.3208,2.3783,True,True,17.2579,31.9042
2022-04-14,106.8400,3.3150,3.9980,139.2300,167.9160,41.9520,27.2808,6.4693,2.2678,True,False,17.0068,31.8863
2022-04-18,108.2400,3.3030,4.0180,138.7260,168.7560,40.4960,27.5171,6.6109,1.9633,False,False,15.9582,30.7512
2022-04-19,102.5400,3.0380,4.0740,127.5960,171.1080,39.5600,27.7371,6.7090,1.7623,False,False,16.3977,30.8924
2022-04-20,102.5600,3.0850,4.1780,129.5700,175.4760,42.3120,27.9327,6.7937,2.1166,True,True,18.2642,33.2211
2022-04-21,103.8900,3.1110,4.0850,130.6620,171.5700,40.4080,28.1603,6.9271,1.7681,False,False,16.7204,31.3915
2022-04-22,102.8600,3.0670,4.1010,128.8140,172.2420,40.4300,28.3626,7.0154,1.7201,False,False,16.9268,31.5744
2022-04-25,99.6000,3.2310,4.2720,135.7020,179.4240,50.6760,28.5684,7.0943,3.1162,True,True,23.9388,39.8846
2022-04-26,102.6200,3.3470,4.5450,140.5740,190.8900,54.7260,28.8922,7.4233,3.4801,True,False,26.4740,43.3857
2022-04-27,101.9600,3.4340,4.7890,144.2280,201.1380,61.2380,29.2476,7.8724,4.0636,True,False,30.9959,48.9668
2022-04-28,105.4700,3.4630,5.1960,145.4460,218.2320,64.2380,29.6860,8.5167,4.0570,True,False,33.1065,52.1082
2022-04-29,104.5900,3.4330,4.6240,144.1860,194.2080,56.2700,30.1556,9.2151,2.8339,True,False,27.2609,44.5461
2022-05-02,105.1800,3.4940,5.1610,146.7480,216.7620,64.9060,30.5351,9.5725,3.5906,True,False,33.4788,52.5035
2022-05-03,102.5300,3.5250,4.9830,148.0500,209.2860,65.9320,31.0076,10.1880,3.4280,True,False,34.1313,52.9356
2022-05-04,107.8400,3.6970,5.0090,155.2740,210.3780,65.8020,31.4985,10.7775,3.1829,True,False,33.2849,52.3453
2022-05-05,108.1700,3.6980,4.9630,155.3160,208.4460,64.8560,31.9859,11.3127,2.9056,True,False,32.5696,51.4733
2022-05-06,109.7200,3.8500,4.7680,161.7000,200.2560,64.8320,32.4682,11.7692,2.7499,True,False,31.9054,50.6303
2022-05-09,103.0800,3.6480,4.8580,153.2160,204.0360,67.0760,32.9509,12.1883,2.7998,True,False,34.4700,53.2788
2022-05-10,99.7400,3.5580,5.1980,149.4360,218.3160,72.6560,33.4566,12.6411,3.1009,True,False,39.0497,58.8062
2022-05-11,105.5000,3.7000,5.3390,155.4000,224.2380,72.8460,34.0251,13.2271,2.9349,True,False,38.5670,58.7832
2022-05-12,106.1500,3.8320,5.3270,160.9440,223.7340,75.7240,34.6021,13.7645,2.9875,True,False,40.1679,60.7435
2022-05-13,110.5200,3.9880,5.3390,167.4960,224.2380,75.8900,35.2044,14.3522,2.8348,True,False,39.6153,60.4226
2022-05-16,114.0700,4.0600,5.1020,170.5200,214.2840,71.0380,35.8069,14.8989,2.3647,True,False,35.6561,55.7424
2022-05-17,112.3100,4.0030,5.0400,168.1260,211.6800,70.3340,36.3630,15.2650,2.2254,True,False,35.3764,55.2208
2022-05-18,109.6700,3.7840,4.3970,158.9280,184.6740,57.8400,36.9107,15.5863,1.3428,False,False,26.9388,44.3550
2022-05-19,112.2100,3.8920,4.0190,163.4640,168.7980,53.0320,37.3130,15.6539,1.0042,False,False,22.8666,39.3438
2022-05-20,112.6300,3.9180,4.0040,164.5560,168.1680,53.1300,37.6581,15.6543,0.9883,False,False,22.8287,39.3177
2022-05-23,110.3200,3.8570,3.9640,161.9940,166.4880,53.1720,38.0018,15.6506,0.9693,False,False,23.1280,39.4677
2022-05-24,112.5500,3.8490,3.9810,161.6580,167.2020,50.9560,38.3443,15.6416,0.8063,False,False,21.4885,37.6840
2022-05-25,112.8800,3.8980,4.0640,163.7160,170.6880,53.1600,38.6632,15.6029,0.9291,False,False,22.9340,39.5134
2022-05-26,116.1900,3.9270,4.0310,164.9340,169.3020,50.2000,39.0031,15.5817,0.7186,False,False,20.5756,36.9073
2022-05-27,114.9600,4.1020,4.0220,172.2840,168.9240,56.2040,39.3117,15.5253,1.0881,False,False,24.3498,41.3352
2022-05-31,114.3800,4.1100,3.9940,172.6200,167.7480,56.6160,39.7066,15.4979,1.0911,False,False,24.6281,41.6016
2022-06-01,115.2600,4.2820,4.2380,179.8440,177.9960,63.9680,40.1125,15.4570,1.5433,False,False,29.4153,47.6180
2022-06-02,116.8800,4.4420,4.3420,186.5640,182.3640,68.2840,40.5778,15.5376,1.7832,False,False,31.9722,50.8968
2022-06-03,118.9700,4.5090,4.4220,189.3780,185.7240,69.1900,41.0959,15.6748,1.7923,False,False,32.3598,51.5880
2022-06-06,118.4100,4.4400,4.4590,186.4800,187.2780,68.3360,41.6347,15.7974,1.6902,False,False,32.0120,51.1591
2022-06-07,119.5500,4.3070,4.4010,180.8940,184.8420,62.6600,42.1501,15.9030,1.2897,False,False,28.3078,46.7521
2022-06-08,121.9400,4.3840,4.3950,184.1280,184.5900,62.3420,42.5679,15.9424,1.2403,False,False,27.7340,46.2400
2022-06-09,121.5200,4.3040,4.4980,180.7680,188.9160,61.9640,42.9913,15.9559,1.1891,False,False,27.7886,46.3602
2022-06-10,120.7300,4.2050,4.4450,176.6100,186.6900,59.2400,43.4298,15.9291,0.9925,False,False,26.1654,44.3077
2022-06-13,120.9200,4.0680,4.3490,170.8560,182.6580,53.8700,43.8217,15.8792,0.6328,False,False,22.7123,40.0978
2022-06-14,118.9200,4.0520,4.4510,170.1840,186.9420,56.8500,44.1442,15.7850,0.8049,False,False,25.0245,42.8062
2022-06-15,115.3200,3.9450,4.5790,165.6900,192.3180,59.2460,44.4977,15.7091,0.9388,False,False,27.2889,45.3574
2022-06-16,117.5600,3.9660,4.6230,166.5720,194.1660,58.2100,44.8881,15.6341,0.8521,False,False,26.4125,44.5129
2022-06-17,109.5600,3.8880,4.4400,163.2960,186.4800,61.4640,45.2472,15.5646,1.0419,False,False,29.2206,47.1209
2022-06-21,110.4900,3.8880,4.4400,163.2960,186.4800,60.5340,45.6377,15.5256,0.9595,False,False,28.5184,46.3490
2022-06-22,106.2200,3.8550,4.4120,161.9100,185.3040,63.4880,46.0055,15.4820,1.1292,False,False,30.8939,48.8515
2022-06-23,105.7500,3.8360,4.3440,161.1120,182.4480,62.4740,46.4124,15.4549,1.0393,False,False,30.2156,47.9446
2022-06-24,109.0700,3.9660,4.3660,166.5720,183.3720,63.1020,46.7987,15.4170,1.0575,False,False,30.1240,48.1055
2022-06-27,111.4400,3.9270,4.2610,164.9340,178.9620,58.1700,47.2125,15.3491,0.7139,False,False,26.5769,43.9410
2022-06-28,113.6600,3.9600,4.1900,166.3200,175.9800,55.8800,47.5782,15.2130,0.5457,False,False,24.7097,41.8094
2022-06-29,111.6500,3.8130,4.0270,160.1460,169.1340,51.4920,47.9750,14.9565,0.2351,False,False,22.0462,38.3235
2022-06-30,107.7600,3.6790,3.9180,154.5180,164.5560,50.1040,48.2833,14.7383,0.1235,False,False,21.5874,37.3858
2022-07-01,110.3000,3.8120,4.0260,160.1040,169.0920,52.8000,48.5647,14.5270,0.2915,False,False,23.0381,39.4104
2022-07-05,101.5500,3.4920,3.6430,146.6640,153.0060,47.2280,48.8865,14.2946,-0.1160,False,False,20.2469,35.0741
2022-07-06,100.3100,3.3930,3.5030,142.5060,147.1260,43.7360,49.1289,14.0780,-0.3831,False,False,18.0498,32.2259
2022-07-07,104.6200,3.5970,3.7530,151.0740,157.6260,48.6380,49.3147,13.8940,-0.0487,False,False,20.8480,36.1212
2022-07-08,106.7800,3.6450,3.7640,153.0900,158.0880,47.9760,49.5615,13.6808,-0.1159,False,False,20.1391,35.4440
2022-07-11,106.0900,3.6430,3.8470,153.0060,161.5740,49.7720,49.8151,13.4354,-0.0032,False,False,21.4979,37.0919
2022-07-12,97.6900,3.4680,3.7330,145.6560,156.7860,51.6760,50.0202,13.2915,0.1246,False,False,23.7030,39.0037
2022-07-13,98.4400,3.4390,3.7670,144.4380,158.2140,50.5900,50.2475,13.1421,0.0261,False,False,23.0065,38.2535
2022-07-14,97.7900,3.3940,3.7530,142.5480,157.6260,49.7840,50.4501,13.0045,-0.0512,False,False,22.5943,37.6977
2022-07-15,99.5900,3.4190,3.7890,143.5980,159.1380,49.1880,50.6196,12.8949,-0.1110,False,False,22.0333,37.1915
2022-07-18,104.4800,3.4720,3.7130,145.8240,155.9460,44.7180,50.7704,12.7975,-0.4729,False,False,18.4337,33.1798
2022-07-19,106.1200,3.5180,3.6720,147.7560,154.2240,43.7920,50.8113,12.7722,-0.5496,False,False,17.5378,32.1950
2022-07-20,104.4500,3.4660,3.6420,145.5720,152.9640,43.5860,50.9326,12.6525,-0.5806,False,False,17.6101,32.1295
2022-07-21,98.4400,3.2290,3.6170,135.6180,151.9140,42.6100,51.1115,12.4317,-0.6839,False,False,17.9035,32.0039
2022-07-22,97.7100,3.3460,3.5270,140.5320,148.1340,45.3560,51.2477,12.2696,-0.4802,False,False,19.4753,33.7589
2022-07-25,99.8300,3.4460,3.5300,144.7320,148.2600,46.0780,51.4217,12.0722,-0.4426,False,False,19.5861,34.0557
2022-07-26,97.7400,3.4250,3.5930,143.8500,150.9060,48.4620,51.6364,11.8003,-0.2690,False,False,21.4728,36.2137
2022-07-27,100.0300,3.5210,3.7430,147.8820,157.2060,50.9600,51.8353,11.5924,-0.0755,False,False,22.9317,38.2644
2022-07-28,99.1100,3.5600,3.6930,149.5200,155.1060,52.2720,52.0226,11.4396,0.0218,False,False,23.7565,39.1422
2022-07-29,101.3100,3.3910,3.6070,142.4220,151.4940,44.1360,52.2103,11.3028,-0.7144,False,False,18.3532,32.7533
2022-08-01,96.5900,3.3730,3.5100,141.6660,147.4200,46.9940,52.3147,11.1836,-0.4758,False,False,20.5959,35.0044
2022-08-02,97.1400,3.2500,3.4420,136.5000,144.5640,42.0480,52.4503,11.0435,-0.9419,False,False,17.4003,31.1543
2022-08-03,93.2500,3.1980,3.4500,134.3160,144.9000,44.5940,52.4966,10.9908,-0.7190,False,False,19.5477,33.4422
2022-08-04,91.2900,3.0490,3.3230,128.0580,139.5660,40.6040,52.5768,10.9063,-1.0978,False,False,17.1907,30.3583
2022-08-05,91.7700,3.1320,3.2050,131.5440,134.6100,40.7960,52.6272,10.8401,-1.0914,False,False,16.9838,30.0472
2022-08-08,93.5200,3.1660,3.1760,132.9720,133.3920,39.5920,52.7234,10.6953,-1.2278,False,False,15.9292,28.8904
2022-08-09,93.1800,3.2600,3.3350,136.9200,140.0700,44.7900,52.7785,10.6144,-0.7526,False,False,19.4346,33.2046
2022-08-10,94.6800,3.1360,3.4030,131.7120,142.9260,40.7700,52.9006,10.4574,-1.1600,False,False,16.9329,30.3737
2022-08-11,97.0200,3.1440,3.4840,132.0480,146.3280,39.7880,52.9412,10.4031,-1.2644,False,False,16.1511,29.6814
2022-08-12,94.8600,3.1170,3.5120,130.9140,147.5040,41.5840,53.0013,10.3109,-1.1073,False,False,17.6223,31.3062
2022-08-15,92.2400,3.0330,3.4550,127.3860,145.1100,41.0540,53.0166,10.2929,-1.1622,False,False,17.5907,31.0213
2022-08-16,89.2300,2.9830,3.4730,125.2860,145.8660,42.9160,53.0450,10.2563,-0.9876,False,False,19.2122,32.7535
2022-08-17,90.8500,3.0140,3.6020,126.5880,151.2840,43.9700,53.0647,10.2351,-0.8886,False,False,19.8645,33.7676
2022-08-18,93.2000,3.0670,3.6420,128.8140,152.9640,43.6640,53.1215,10.1700,-0.9299,False,False,19.4006,33.4232
2022-08-19,93.5500,3.0280,3.6890,127.1760,154.9380,42.8800,53.1714,10.1123,-1.0177,False,False,18.9746,32.9781
2022-08-22,93.4200,2.9200,3.7660,122.6400,158.1720,41.0640,53.2202,10.0517,-1.2094,False,False,18.0669,31.9436
2022-08-23,96.4600,2.9580,3.8310,124.2360,160.9020,39.9980,53.2434,10.0212,-1.3217,False,False,17.0926,31.0601
2022-08-24,95.5200,2.8470,4.0260,119.5740,169.0920,40.5600,53.2204,10.0491,-1.2599,False,False,17.9850,32.2234
2022-08-25,93.3300,2.8420,3.9490,119.3640,165.8580,41.5320,53.2050,10.0675,-1.1595,False,False,18.7460,32.9054
2022-08-26,93.6300,2.8740,4.0050,120.7080,168.2100,42.9120,53.2165,10.0535,-1.0250,False,False,19.6450,34.0541
2022-08-29,97.4000,2.9120,3.9210,122.3040,164.6820,39.0300,53.2537,10.0090,-1.4211,False,False,16.5551,30.5622
2022-08-30,92.0800,2.7190,3.8170,114.1980,160.3140,37.4900,53.2173,10.0547,-1.5642,False,False,16.2373,29.6891
2022-08-31,90.0900,2.5980,3.7020,109.1160,155.4840,34.4820,53.1848,10.1005,-1.8517,False,False,14.4994,27.3559
2022-09-01,87.0900,2.5520,3.5900,107.1840,150.7800,34.6260,53.1188,10.2027,-1.8125,False,False,14.8157,27.4132
2022-09-02,87.2900,2.6240,3.6670,110.2080,154.0140,37.5200,52.9404,10.3825,-1.4852,False,False,16.6827,29.7336
2022-09-06,87.3500,2.5940,3.6180,108.9480,151.9560,35.9340,52.7492,10.5056,-1.6006,False,False,15.6189,28.4205
2022-09-07,82.5000,2.5660,3.6030,107.7720,151.3260,39.7900,52.4681,10.6127,-1.1946,False,False,18.6528,31.6799
2022-09-08,84.0400,2.5830,3.5690,108.4860,149.8980,38.2500,52.1964,10.6208,-1.3131,False,False,17.4187,30.2874
2022-09-09,87.2700,2.6720,3.6040,112.2240,151.3680,38.0020,51.9962,10.7116,-1.3065,False,False,16.8427,29.8712
2022-09-12,88.1800,2.7170,3.6370,114.1140,152.7540,38.8140,51.6973,10.7226,-1.2015,False,False,17.2582,30.4666
2022-09-13,87.8400,2.7280,3.6000,114.5760,151.2000,38.9440,51.3960,10.6993,-1.1638,False,False,17.3112,30.4733
2022-09-14,88.8800,2.7780,3.4150,116.6760,143.4300,36.7140,51.0976,10.6679,-1.3483,False,False,15.4235,28.1317
2022-09-15,85.7200,2.6730,3.2530,112.2660,136.6260,34.6660,50.7849,10.6724,-1.5103,False,False,14.3443,26.4604
2022-09-16,85.5700,2.6210,3.1940,110.0820,134.1480,32.5340,50.4497,10.6997,-1.6744,False,False,12.9644,24.7436
2022-09-19,86.1500,2.6660,3.3160,111.9720,139.2720,34.9220,50.0659,10.7159,-1.4132,False,False,14.5635,26.8091
2022-09-20,84.6900,2.5960,3.3770,109.0320,141.8340,35.2760,49.6466,10.5609,-1.3607,False,False,15.1304,27.4295
2022-09-21,83.3800,2.5930,3.3330,108.9060,139.9860,35.8860,49.2292,10.3766,-1.2859,False,False,15.6070,27.8650
2022-09-22,84.0200,2.6530,3.4150,111.4260,143.4300,38.0740,48.7865,10.0824,-1.0625,False,False,16.9928,29.6455
2022-09-23,79.0700,2.5380,3.2600,106.5960,136.9200,37.6340,48.3664,9.7258,-1.1035,False,False,17.1705,29.3524
2022-09-26,77.1700,2.4180,3.1500,101.5560,132.3000,34.6340,47.9952,9.4880,-1.4082,False,False,15.4340,27.0318
2022-09-27,78.9100,2.7160,3.2660,114.0720,137.1720,42.8620,47.5985,9.2900,-0.5099,False,False,20.3448,33.1543
2022-09-28,82.6100,2.7810,3.4630,116.8020,145.4460,43.7400,47.4321,9.2391,-0.3996,False,False,20.7118,34.0414
2022-09-29,81.7800,2.7300,3.4190,114.6600,143.5980,42.5260,47.3289,9.2278,-0.5205,False,False,20.0196,33.1108
2022-09-30,79.9100,2.6920,3.3900,113.0640,142.3800,42.9260,47.2110,9.2207,-0.4647,False,False,20.4886,33.5070
2022-10-03,84.0500,2.8380,3.5170,119.1960,147.7140,44.6520,47.0972,9.2097,-0.2655,False,False,21.1491,34.7211
2022-10-04,86.8700,2.9760,3.6600,124.9920,153.7200,47.6980,47.0272,9.2040,0.0729,False,False,22.8400,37.0845
2022-10-05,88.2200,2.9820,3.9310,125.2440,165.1020,50.3100,46.9665,9.1813,0.3642,False,False,24.7670,39.7272
2022-10-06,88.9000,3.0180,4.1000,126.7560,172.2000,53.0040,46.9677,9.1818,0.6574,False,False,26.6329,42.1599
2022-10-07,93.0700,3.0770,4.3400,129.2340,182.2800,53.8460,46.9321,9.1521,0.7554,False,False,26.9958,43.1138
2022-10-11,89.7500,2.8820,4.2950,121.0440,180.3900,51.0760,46.9014,9.1241,0.4575,False,False,25.7538,41.3334
2022-10-12,87.8300,2.9150,4.2830,122.4300,179.8860,53.7520,46.7581,8.9547,0.7810,False,False,27.6319,43.4310
2022-10-13,89.5900,2.9420,4.6000,123.5640,193.2000,57.1860,46.5966,8.6922,1.2183,False,False,30.0851,46.7750
2022-10-14,86.1000,2.9830,4.7370,125.2860,198.9540,63.7420,46.4633,8.4327,2.0490,True,True,34.8474,52.3396
2022-10-17,86.0000,2.8680,4.8440,120.4560,203.4480,62.1200,46.4122,8.3133,1.8895,False,False,34.1144,51.5422
2022-10-18,83.2900,2.8700,4.7340,120.5400,198.8280,63.3460,46.4062,8.3017,2.0405,True,True,35.0390,52.3535
2022-10-19,86.0000,2.9550,4.0270,124.1100,169.1340,53.1180,46.4174,8.3238,0.8050,False,False,26.9975,42.3157
2022-10-20,86.0200,2.9560,4.2820,124.1520,179.8440,56.6960,46.3191,8.1908,1.2669,False,False,29.6767,45.7464
2022-10-21,85.4700,2.9490,4.2790,123.8580,179.7180,57.0080,46.2908,8.1504,1.3149,False,False,29.9428,46.0215
2022-10-24,86.1200,3.0490,4.3720,128.0580,183.6240,60.4600,46.3257,8.1894,1.7259,False,False,32.1086,48.7479
2022-10-26,89.3900,3.2260,4.4430,135.4920,186.6060,63.1400,46.3658,8.2495,2.0334,True,True,33.3588,50.5564
2022-10-27,89.0600,3.2930,4.5290,138.3060,190.2180,66.5500,46.4091,8.3267,2.4188,True,False,35.6366,53.3368
2022-10-28,87.8500,3.1520,4.8700,132.3840,204.5400,68.5860,46.5017,8.5021,2.5975,True,False,37.7619,56.0816
2022-10-31,86.5400,3.1270,4.7930,131.3340,201.3060,68.1180,46.5809,8.6725,2.4834,True,False,37.5224,55.6300
2022-11-01,88.3600,3.0950,4.3320,129.9900,181.9440,58.9480,46.6651,8.8428,1.3890,False,False,30.7702,47.2785
2022-11-02,90.0600,2.9920,3.9810,125.6640,167.2020,49.4500,46.6147,8.7592,0.3237,False,False,24.0708,39.0736
2022-11-03,88.1400,3.1860,4.6580,133.8120,195.6360,66.2800,46.4700,8.6022,2.3029,True,True,35.8881,53.6771
2022-11-04,92.5800,3.2320,4.8010,135.7440,201.6420,65.1300,46.5053,8.6766,2.1465,True,False,34.8102,52.8412
2022-11-07,91.8000,3.1590,4.6840,132.6780,196.7280,62.2280,46.5826,8.8102,1.7758,False,False,32.9442,50.4444
2022-11-08,88.8000,3.1310,4.6780,131.5020,196.4760,64.3600,46.6532,8.9092,1.9875,False,False,34.6758,52.2893
2022-11-09,85.7900,3.0220,4.6390,126.9240,194.8380,63.7720,46.7961,9.0872,1.8681,False,False,34.7076,52.0660
2022-11-10,86.5200,3.0400,4.7760,127.6800,200.5920,65.4640,46.9480,9.2539,2.0009,True,True,35.8974,53.6642
2022-11-14,85.8500,2.9280,4.5410,122.9760,190.7220,59.7080,47.0887,9.4363,1.3373,False,False,32.0542,48.8040
2022-11-15,86.8700,2.9300,4.6350,123.0600,194.6700,60.0600,47.2274,9.5286,1.3468,False,False,32.3047,49.2611
2022-11-16,85.6200,2.7760,4.0240,116.5920,169.0080,48.4440,47.4088,9.6154,0.1077,False,False,24.2457,38.9821
2022-11-17,81.6900,2.7320,3.8240,114.7440,160.6080,48.3420,47.4066,9.6151,0.0973,False,False,24.3737,38.6690
2022-11-18,80.0700,2.6920,3.8170,113.0640,160.3140,48.7440,47.4107,9.6154,0.1387,False,False,24.8513,39.1131
2022-11-21,79.7400,2.7120,3.5800,113.9040,150.3600,46.3160,47.3992,9.6132,-0.1127,False,False,22.9479,36.6049
2022-11-22,80.8300,2.7290,3.5700,114.6180,149.9400,45.5620,47.3397,9.6031,-0.1851,False,False,22.3055,35.9085
2022-11-23,77.9300,2.6530,3.4530,111.4260,145.0260,44.6960,47.2838,9.5987,-0.2696,False,False,21.9897,35.2109
2022-11-25,76.4500,2.5530,3.3790,107.2260,141.9180,42.3400,47.2273,9.5988,-0.5092,False,False,20.6501,33.4287
2022-11-28,77.1000,2.5060,3.1830,105.2520,133.6860,37.6300,47.1512,9.6101,-0.9908,False,False,17.3118,29.3075
2022-11-29,77.9600,2.5300,3.3120,106.2600,139.1040,39.2480,47.0724,9.6586,-0.8101,False,False,18.4202,30.8113
2022-11-30,80.4800,2.4410,3.3850,102.5220,142.1700,35.2580,47.0220,9.6875,-1.2143,False,False,15.7889,27.9066
2022-12-01,81.0600,2.5750,3.2860,108.1500,138.0120,37.0440,46.9294,9.7593,-1.0129,False,False,16.5627,28.7960
2022-12-02,79.8600,2.5310,3.2000,106.3020,134.4000,35.8080,46.8676,9.8041,-1.1281,False,False,15.8265,27.7492
2022-12-05,76.8300,2.4530,3.0180,103.0260,126.7560,34.1060,46.7615,9.8713,-1.2821,False,False,14.8927,26.2455
2022-12-06,74.2100,2.3890,2.9130,100.3380,122.3460,33.4640,46.6285,9.9598,-1.3218,False,False,14.6932,25.7187
2022-12-07,71.9300,2.3280,2.7900,97.7760,117.1800,32.3140,46.4618,10.0528,-1.4073,False,False,14.0982,24.7282
2022-12-08,71.3000,2.1590,2.8380,90.6780,119.1960,28.8840,46.2546,10.1496,-1.7115,False,False,12.2387,22.4892
2022-12-09,71.0500,2.1620,2.7780,90.8040,116.6760,28.3780,45.9948,10.2907,-1.7119,False,False,11.8479,21.9507
2022-12-12,72.9600,2.1860,2.9360,91.8120,123.3120,29.3520,45.8197,10.4536,-1.5753,False,False,12.4680,22.9728
2022-12-14,77.1400,2.3500,3.2520,98.7000,136.5840,34.1880,45.6237,10.5942,-1.0794,False,False,15.3853,27.0567
2022-12-15,75.8900,2.2770,3.2650,95.6340,137.1300,33.5760,45.5363,10.6555,-1.1225,False,False,15.2392,26.7972
2022-12-16,74.1900,2.2370,3.1130,93.9540,130.7460,32.0280,45.4139,10.7287,-1.2477,False,False,14.2546,25.3589
2022-12-19,75.0500,2.2750,3.0720,95.5500,129.0240,31.6580,45.3186,10.8088,-1.2638,False,False,13.8132,24.8602
2022-12-20,75.9200,2.3150,3.0440,97.2300,127.8480,31.5160,45.2171,10.8934,-1.2577,False,False,13.5344,24.5682
2022-12-21,78.1700,2.3570,3.1630,98.9940,132.8460,32.1080,45.1274,10.9723,-1.1866,False,False,13.7908,25.1467
2022-12-22,77.6800,2.3630,3.1320,99.2460,131.5440,32.3320,44.9864,11.0568,-1.1445,False,False,13.9360,25.2578
2022-12-23,79.5700,2.4640,3.2460,103.4880,136.3320,34.8660,44.8927,11.1277,-0.9011,False,False,15.4029,27.2574
2022-12-27,79.4500,2.4680,3.3620,103.6560,141.2040,36.7220,44.8380,11.1647,-0.7269,False,False,16.7786,28.9967
2022-12-28,78.8900,2.4480,3.3460,102.8160,140.5320,36.4980,44.7840,11.1921,-0.7403,False,False,16.6974,28.8432
2022-12-29,78.4300,2.4740,3.3280,103.9080,139.7760,37.4340,44.7334,11.2191,-0.6506,False,False,17.2926,29.5073
2022-12-30,80.1600,2.6170,3.3050,109.9140,138.8100,39.3860,44.6724,11.2437,-0.4702,False,False,18.1473,30.6451
2023-01-03,76.8700,2.4830,3.1470,104.2860,132.1740,36.7120,44.6215,11.2571,-0.7026,False,False,16.7210,28.5509
2023-01-04,72.8200,2.3930,3.0530,100.5060,128.2260,36.9260,44.5443,11.2872,-0.6749,False,False,17.2798,28.8346
2023-01-05,73.6100,2.3920,3.0480,100.4640,128.0160,36.0380,44.4781,11.3142,-0.7460,False,False,16.6140,28.0915
2023-01-06,73.7700,2.3820,3.0790,100.0440,129.3180,36.0320,44.4223,11.3433,-0.7397,False,False,16.6508,28.1738
2023-01-09,74.6900,2.4130,3.0750,101.3460,129.1500,35.9240,44.3782,11.3681,-0.7437,False,False,16.4349,27.9814
2023-01-10,75.1100,2.4220,3.1550,101.7240,132.5100,36.8760,44.3267,11.3957,-0.6538,False,False,17.1091,28.8894
2023-01-11,77.4600,2.5470,3.2480,106.9740,136.4160,39.3280,44.2750,11.4188,-0.4332,False,False,18.4113,30.7088
2023-01-12,78.3200,2.5580,3.2780,107.4360,137.6760,39.1960,44.2351,11.4298,-0.4409,False,False,18.2618,30.6200
2023-01-13,79.9000,2.6360,3.3190,110.7120,139.3980,40.3740,44.2370,11.4289,-0.3380,False,False,18.8098,31.4321
2023-01-17,80.2500,2.6670,3.3090,112.0140,138.9780,40.7520,44.2690,11.4140,-0.3081,False,False,18.9613,31.6322
2023-01-18,79.5300,2.6300,3.3010,110.4600,138.6420,40.3240,44.3387,11.3731,-0.3530,False,False,18.7993,31.3763
2023-01-19,80.3100,2.7010,3.4210,113.4420,143.6820,43.2120,44.4020,11.3347,-0.1050,False,False,20.6633,33.7731
2023-01-20,81.2700,2.7320,3.5040,114.7440,147.1680,44.2820,44.4652,11.3119,-0.0162,False,False,21.3308,34.7168
2023-01-23,81.6200,2.7790,3.5870,116.7180,150.6540,46.4100,44.5580,11.2758,0.1642,False,False,22.7276,36.4893
2023-01-24,79.8600,2.7490,3.4820,115.4580,146.2440,45.8600,44.6316,11.2660,0.1090,False,False,22.4499,35.9341
2023-01-25,79.7800,2.6840,3.3660,112.7280,141.3720,42.4960,44.7161,11.2463,-0.1974,False,False,20.2003,33.1311
2023-01-26,80.6400,2.7270,3.3990,114.5340,142.7580,43.3020,44.7660,11.2264,-0.1304,False,False,20.6199,33.7277
2023-01-27,79.7300,2.6920,3.2650,113.0640,137.1300,41.3560,44.8159,11.2098,-0.3087,False,False,19.3120,31.9764
2023-01-30,77.9700,2.6050,3.1070,109.4100,130.4940,38.4680,44.8427,11.1986,-0.5692,False,False,17.5202,29.5598
2023-01-31,78.9500,2.6620,3.1900,111.8040,133.9800,40.2460,44.8622,11.1860,-0.4127,False,False,18.6093,31.0110
2023-02-01,76.3400,2.5600,3.0130,107.5200,126.5460,37.5220,44.9242,11.1447,-0.6642,False,False,17.0078,28.7421
2023-02-02,75.8700,2.5540,2.9400,107.2680,123.4800,36.8020,44.9796,11.0952,-0.7370,False,False,16.4953,28.0301
2023-02-03,73.4000,2.4570,2.8120,103.1940,118.1040,34.7640,45.0005,11.0780,-0.9240,False,False,15.3866,26.4044
2023-02-06,74.1100,2.5190,2.8000,105.7980,117.6000,35.6220,44.9948,11.0831,-0.8457,False,False,15.7661,26.9037
2023-02-07,77.1700,2.6010,2.9340,109.2420,123.2280,36.7340,44.9919,11.0856,-0.7449,False,False,16.2405,27.8180
2023-02-08,78.4700,2.6010,2.9090,109.2420,122.1780,35.0840,44.9770,11.0957,-0.8916,False,False,14.9964,26.4030
2023-02-09,78.0400,2.5790,2.8090,108.3180,117.9780,33.4980,44.9487,11.1177,-1.0300,False,False,13.9015,24.9724
2023-02-10,79.7400,2.6310,2.8740,110.5020,120.7080,34.1640,44.9360,11.1300,-0.9678,False,False,14.1741,25.4833
2023-02-13,80.1400,2.6440,2.8840,111.0480,121.1280,34.2680,44.8394,11.1852,-0.9451,False,False,14.1955,25.5478
2023-02-14,79.0800,2.6140,2.9150,109.7880,122.4300,34.9220,44.7342,11.2395,-0.8730,False,False,14.8173,26.2394
2023-02-15,78.5700,2.6230,2.8380,110.1660,119.1960,34.6060,44.6497,11.2843,-0.8901,False,False,14.5451,25.8093
2023-02-16,78.4500,2.5110,2.7710,105.4620,116.3820,30.6520,44.5572,11.3320,-1.2271,False,False,12.0506,22.7505
2023-02-17,76.3100,2.4970,2.7160,104.8740,114.0720,31.6300,44.4017,11.4254,-1.1178,False,False,12.8535,23.5053
2023-02-21,76.2800,2.4950,2.7750,104.7900,116.5500,32.4300,44.2231,11.4978,-1.0257,False,False,13.4621,24.2828
2023-02-22,73.9500,2.4130,2.6850,101.3460,112.7700,31.2040,44.0245,11.5452,-1.1105,False,False,12.8986,23.3540
2023-02-23,75.2600,2.4490,2.7040,102.8580,113.5680,31.1680,43.7822,11.5829,-1.0890,False,False,12.7139,23.2478
2023-02-24,76.1900,2.4230,2.8000,101.7660,117.6000,30.8540,43.5303,11.6079,-1.0920,False,False,12.5830,23.2420
2023-02-27,75.5700,2.4440,2.8070,102.6480,117.8940,32.1600,43.3056,11.6553,-0.9563,False,False,13.4774,24.2740
2023-02-28,76.8800,2.5000,2.8180,105.0000,118.3560,32.5720,43.0657,11.6600,-0.9000,False,False,13.5446,24.4635
2023-03-01,77.5700,2.5710,2.8660,107.9820,120.3720,34.5420,42.7922,11.6142,-0.7104,False,False,14.7205,25.9673
2023-03-02,78.0500,2.5930,2.8760,108.9060,120.7920,34.8180,42.4677,11.4308,-0.6692,False,False,14.8327,26.1468
2023-03-03,79.6200,2.6510,2.9200,111.3420,122.6400,35.4880,42.1644,11.2664,-0.5926,False,False,15.0837,26.6044
2023-03-06,80.3900,2.6440,2.9070,111.0480,122.0940,34.3400,41.8548,11.0610,-0.6794,False,False,14.2482,25.6494
2023-03-08,76.5600,2.5310,2.7630,106.3020,116.0460,32.9900,41.6462,11.0236,-0.7852,False,False,13.7295,24.6149
2023-03-09,75.6000,2.4460,2.6890,102.7320,112.9380,30.5340,41.3828,10.9438,-0.9913,False,False,12.2493,22.7035
2023-03-10,76.5500,2.5050,2.7910,105.2100,117.2220,32.6640,41.0886,10.8754,-0.7747,False,False,13.5943,24.4753
2023-03-13,74.6800,2.4620,2.7860,103.4040,117.0120,33.2600,40.7798,10.7144,-0.7018,False,False,14.2312,25.0934
2023-03-14,71.1800,2.4160,2.7690,101.4720,116.2980,35.2340,40.4478,10.4767,-0.4977,False,False,15.9224,26.8425
2023-03-15,67.3800,2.3280,2.6540,97.7760,111.4680,34.9600,40.0998,10.1179,-0.5080,False,False,16.1055,26.6768
2023-03-16,68.1500,2.3590,2.6910,99.0780,113.0220,35.5760,39.7262,9.6700,-0.4292,False,False,16.4334,27.1600
2023-03-17,66.6100,2.3470,2.6880,98.5740,112.8960,36.7380,39.3646,9.1986,-0.2855,False,False,17.3631,28.1559
2023-03-20,67.5600,2.3840,2.7050,100.1280,113.6100,37.0620,39.1179,8.9648,-0.2293,False,False,17.4459,28.3418
2023-03-21,69.4000,2.4950,2.7120,104.7900,113.9040,38.4280,38.9802,8.9000,-0.0620,False,False,17.9950,29.1465
2023-03-22,70.7100,2.5250,2.7270,106.0500,114.5340,38.1680,38.6708,8.4165,-0.0597,False,False,17.6675,28.8656
2023-03-23,69.7700,2.5350,2.6740,106.4700,112.3080,38.6460,38.3712,7.9354,0.0346,False,False,17.9886,29.1351
2023-03-24,69.2200,2.5230,2.7130,105.9660,113.9460,39.4060,38.1092,7.5219,0.1724,False,False,18.6118,29.8738
2023-03-27,72.8700,2.6100,2.7730,109.6200,116.4660,39.0320,37.8319,6.9903,0.1717,False,False,17.9476,29.4046
2023-03-28,73.1200,2.6230,2.7700,110.1660,116.3400,39.1040,37.5570,6.4287,0.2406,False,False,17.9458,29.4189
2023-03-29,72.9500,2.5740,2.6390,108.1080,110.8380,36.0680,37.2641,5.7110,-0.2094,False,False,15.8754,26.8115
2023-03-30,74.3200,2.5730,2.6340,108.0660,110.6280,34.6000,37.0014,5.1928,-0.4625,False,False,14.7718,25.5870
2023-03-31,75.6800,2.5960,2.6140,109.0320,109.7880,33.6040,36.7186,4.5871,-0.6790,False,False,13.9214,24.6531
2023-04-03,80.4000,2.7290,2.7250,114.6180,114.4500,34.1620,36.5537,4.4266,-0.5403,False,False,13.7577,24.9086
2023-04-04,80.7000,2.8140,2.7010,118.1880,113.4420,35.9060,36.3961,4.2532,-0.1152,False,False,14.7072,26.0507
2023-04-05,80.6900,2.8850,2.7780,121.1700,116.6760,38.9820,36.2535,4.0469,0.6742,False,False,16.7160,28.5252
2023-04-06,80.7000,2.8700,2.7020,120.5400,113.4840,37.4880,36.1720,3.9152,0.3361,False,False,15.6585,27.1931
2023-04-10,79.7900,2.8850,2.7150,121.1700,114.0300,39.0000,36.0823,3.7895,0.7700,False,False,16.7340,28.4255
2023-04-11,81.5400,2.9310,2.6940,123.1020,113.1480,38.2440,36.0190,3.6914,0.6028,False,False,15.9651,27.6181
2023-04-12,83.2600,2.9400,2.7250,123.4800,114.4500,37.2100,35.9735,3.6381,0.3399,False,False,15.1432,26.7886
2023-04-13,82.1600,2.8780,2.7260,120.8760,114.4920,36.5880,35.9688,3.6362,0.1703,False,False,14.9426,26.4651
2023-04-14,82.5800,2.9010,2.6630,121.8420,111.8460,35.9300,35.9392,3.6202,-0.0026,False,False,14.3504,25.7335
2023-04-17,80.9300,2.8430,2.6460,119.4060,111.1320,35.7180,35.9467,3.6195,-0.0632,False,False,14.4432,25.7052
2023-04-18,80.8500,2.7780,2.5980,116.6760,109.1160,33.3060,35.9320,3.6177,-0.7259,False,False,12.9077,23.8161
2023-04-19,79.1800,2.6790,2.5530,112.5180,107.2260,31.5740,35.9042,3.6281,-1.1935,False,False,12.0328,22.6016
2023-04-20,77.2700,2.6230,2.4850,110.1660,104.3700,30.9640,35.8760,3.6517,-1.3451,False,False,11.8200,22.1440
2023-04-21,77.8600,2.6390,2.4880,110.8380,104.4960,30.8640,35.8483,3.6793,-1.3547,False,False,11.6749,22.0172
2023-04-24,78.6400,2.6680,2.5170,112.0560,105.7140,31.3020,35.8322,3.6979,-1.2251,False,False,11.8777,22.3442
2023-04-25,77.0500,2.6290,2.4460,110.4180,102.7320,30.8060,35.8590,3.6559,-1.3822,False,False,11.6775,21.9234
2023-04-26,74.3300,2.5930,2.3770,108.9060,99.8340,31.5520,35.8860,3.6092,-1.2008,False,False,12.4017,22.5279
2023-04-27,74.7700,2.6150,2.3550,109.8300,98.9100,31.4200,35.9104,3.5722,-1.2571,False,False,12.2082,22.3105
2023-04-28,76.7800,2.6410,2.3720,110.9220,99.6240,30.3760,35.8797,3.5987,-1.5294,False,False,11.3059,21.3948
2023-05-01,75.6500,2.6320,2.3800,110.5440,99.9600,31.3660,35.8441,3.6369,-1.2313,False,False,12.0918,22.2588
2023-05-02,71.7100,2.5110,2.2970,105.4620,96.4740,30.7560,35.8368,3.6452,-1.3938,False,False,12.1623,21.9741
2023-05-03,68.6200,2.3860,2.2190,100.2120,93.1980,29.2540,35.8268,3.6579,-1.7968,False,False,11.5762,20.9705
2023-05-04,68.5200,2.3990,2.2370,100.7580,93.9540,29.9700,35.8016,3.6950,-1.5782,False,False,12.0591,21.5575
2023-05-05,71.3200,2.4580,2.3250,103.2360,97.6500,30.0540,35.7779,3.7255,-1.5364,False,False,11.8603,21.6057
2023-05-08,73.1300,2.5230,2.3680,105.9660,99.4560,30.6660,35.7526,3.7564,-1.3541,False,False,12.0373,21.9917
2023-05-09,73.6800,2.5520,2.3880,107.1840,100.2960,31.2080,35.7059,3.7930,-1.1858,False,False,12.3192,22.3886
2023-05-10,72.5300,2.5540,2.3990,107.2680,100.7580,32.5680,35.6446,3.8206,-0.8053,False,False,13.3365,23.5313
2023-05-11,70.8100,2.5270,2.3600,106.1340,99.1200,32.9860,35.6010,3.8330,-0.6822,False,False,13.7720,23.8904
2023-05-12,70.0200,2.4890,2.3030,104.5380,96.7260,31.9140,35.5515,3.8377,-0.9478,False,False,13.1316,23.0140
2023-05-15,71.0700,2.5200,2.3810,105.8400,100.0020,32.8240,35.4685,3.8347,-0.6896,False,False,13.6787,23.8157
2023-05-16,70.8500,2.5160,2.3580,105.6720,99.0360,32.6100,35.4253,3.8423,-0.7327,False,False,13.5361,23.6086
2023-05-17,72.7800,2.6050,2.4210,109.4100,101.6820,34.0540,35.3774,3.8502,-0.3437,False,False,14.2356,24.6476
2023-05-18,71.8200,2.6100,2.3980,109.6200,100.7160,34.8320,35.3553,3.8521,-0.1359,False,False,14.8029,25.2361
2023-05-19,71.5700,2.5980,2.3660,109.1160,99.3720,34.2980,35.3420,3.8518,-0.2710,False,False,14.4541,24.7716
2023-05-22,71.8100,2.6760,2.3710,112.3920,99.5820,36.3120,35.3239,3.8528,0.2565,False,False,15.6358,26.2121
2023-05-23,72.8700,2.7020,2.3660,113.4840,99.3720,35.9100,35.3176,3.8507,0.1538,False,False,15.2197,25.7893
2023-05-24,74.3700,2.7400,2.4050,115.0800,101.0100,36.0200,35.2797,3.8278,0.1934,False,False,15.1352,25.8345
2023-05-25,71.6800,2.6900,2.3440,112.9800,98.4480,36.4560,35.2444,3.8061,0.3183,False,False,15.6856,26.2394
2023-05-26,72.3500,2.7150,2.3760,114.0300,99.7920,36.9340,35.2008,3.7694,0.4598,False,False,15.9358,26.6173
2023-05-30,69.4500,2.6050,2.2830,109.4100,95.8860,35.4520,35.1584,3.7279,0.0788,False,False,15.3007,25.5568
2023-05-31,68.1100,2.5360,2.2590,106.5120,94.8780,34.5240,35.1043,3.6877,-0.1574,False,False,14.9013,24.9554
2023-06-01,70.0900,2.6630,2.3250,111.8460,97.6500,37.0240,35.0078,3.5865,0.5622,False,False,16.2330,26.7594
2023-06-02,71.7600,2.7300,2.3760,114.6600,99.7920,37.9440,34.9271,3.4563,0.8729,False,False,16.6332,27.4094
2023-06-05,72.1400,2.7150,2.3770,114.0300,99.8340,37.1580,34.8330,3.2517,0.7150,False,False,16.1048,26.8051
2023-06-06,71.7100,2.7420,2.3710,115.1640,99.5820,38.2600,34.7364,3.0452,1.1571,False,False,16.8201,27.6257
2023-06-07,72.5200,2.8330,2.4140,118.9860,101.3880,40.6000,34.6893,2.9563,1.9994,False,False,18.1888,29.3658
2023-06-08,71.2800,2.7930,2.3890,117.3060,100.3380,40.3700,34.6593,2.8815,1.9819,False,False,18.1905,29.2526
2023-06-09,70.1600,2.7880,2.3720,117.0960,99.6240,41.1120,34.6483,2.8578,2.2618,True,True,18.7736,29.8530
2023-06-12,67.0800,2.6810,2.3260,112.6020,97.6920,40.5520,34.6777,2.9100,2.0187,True,False,18.8184,29.6340
2023-06-13,69.3900,2.7310,2.4080,114.7020,101.1360,40.7900,34.6811,2.9167,2.0945,True,False,18.7754,29.8268
2023-06-14,68.2200,2.6360,2.3750,110.7120,99.7500,38.8380,34.7174,2.9716,1.3866,False,False,17.7162,28.4392
2023-06-15,70.6100,2.7140,2.4920,113.9880,104.6640,40.2700,34.7400,2.9951,1.8464,False,False,18.4507,29.6004
2023-06-16,71.8100,2.7420,2.5630,115.1640,107.6460,40.8480,34.8012,3.0507,1.9821,False,False,18.7605,30.1231
2023-06-20,70.9400,2.6620,2.4920,111.8040,104.6640,38.4840,34.8593,3.1148,1.1637,False,False,17.3279,28.2782
2023-06-21,72.5500,2.5860,2.5870,108.6120,108.6540,36.0760,34.8787,3.1318,0.3823,False,False,15.8331,26.6865
2023-06-22,69.2200,2.5230,2.4910,105.9660,104.6220,36.2980,34.8897,3.1343,0.4493,False,False,16.2808,26.8901
2023-06-23,68.9100,2.5020,2.4390,105.0840,102.4380,35.2920,34.9208,3.1342,0.1184,False,False,15.6161,26.0252
2023-06-26,69.0900,2.5210,2.4790,105.8820,104.1180,36.2040,34.9334,3.1334,0.4055,False,False,16.2193,26.7964
2023-06-27,67.6800,2.5190,2.4350,105.7980,102.2700,36.9420,34.9549,3.1354,0.6338,False,False,16.7883,27.3350
2023-06-28,69.5400,2.5680,2.4280,107.8560,101.9760,36.3560,34.9773,3.1423,0.4387,False,False,16.1337,26.6850
2023-06-29,69.8500,2.5790,2.4450,108.3180,102.6900,36.5920,34.9968,3.1454,0.5072,False,False,16.2630,26.8779
2023-06-30,70.6600,2.6140,2.4780,109.7880,104.0760,37.2240,35.0628,3.1157,0.6937,False,False,16.5859,27.3548
2023-07-03,69.7100,2.4510,2.4170,102.9420,101.5140,32.7560,35.1249,3.1024,-0.7636,False,False,13.9243,24.0373
2023-07-05,71.7800,2.5750,2.5110,108.1500,105.4620,35.4740,35.1286,3.0994,0.1115,False,False,15.4316,26.0824
2023-07-06,71.7600,2.5670,2.4970,107.8140,104.8740,35.0740,35.1760,3.0715,-0.0332,False,False,15.1653,25.7496
2023-07-07,73.9100,2.6120,2.5650,109.7040,107.7300,35.1360,35.2194,3.0420,-0.0274,False,False,15.0121,25.7862
2023-07-10,73.0500,2.6040,2.5630,109.3680,107.6460,35.7440,35.2670,3.0067,0.1587,False,False,15.5060,26.3119
2023-07-11,74.8700,2.6580,2.5890,111.6360,108.7380,35.8000,35.3068,2.9889,0.1650,False,False,15.3120,26.2393
2023-07-12,75.7700,2.7090,2.6180,113.7780,109.9560,36.7340,35.3427,2.9753,0.4676,False,False,15.7939,26.9103
2023-07-13,76.8600,2.6890,2.6210,112.9380,110.0820,35.1260,35.3670,2.9776,-0.0809,False,False,14.6664,25.6427
2023-07-14,75.4400,2.5830,2.5950,108.4860,108.9900,33.2140,35.3704,2.9771,-0.7243,False,False,13.6847,24.3349
2023-07-17,74.1700,2.5840,2.5630,108.5280,107.6460,34.0640,35.3452,2.9856,-0.4291,False,False,14.3244,24.9791
2023-07-18,75.7600,2.6470,2.5970,111.1740,109.0740,34.7140,35.3421,2.9868,-0.2103,False,False,14.5393,25.3864
2023-07-19,75.4000,2.6780,2.6380,112.4760,110.7960,36.5160,35.3613,2.9772,0.3879,False,False,15.7624,26.8612
2023-07-20,75.6500,2.7080,2.6690,113.7360,112.0980,37.5400,35.4277,2.9352,0.7196,False,False,16.4031,27.6751
2023-07-21,77.0600,2.7660,2.7410,116.1720,115.1220,38.7620,35.4819,2.9286,1.1200,False,False,17.0690,28.6418
2023-07-24,78.8100,2.8760,2.7750,120.7920,116.5500,40.5680,35.5430,2.9390,1.7097,False,False,17.9528,29.8639
2023-07-25,79.7600,2.8230,2.7780,118.5660,116.6760,38.1760,35.6023,2.9856,0.8620,False,False,16.3766,28.0472
2023-07-26,79.1100,2.8770,2.8410,120.8340,119.3220,41.2200,35.6380,2.9969,1.8626,False,False,18.4360,30.5221
2023-07-27,80.1700,2.8480,2.9000,119.6160,121.8000,40.1740,35.7008,3.0535,1.4650,False,False,17.7681,29.8506
2023-07-28,80.5500,2.8550,2.9500,119.9100,123.9000,40.6900,35.7389,3.0875,1.6036,False,False,18.1237,30.3483
2023-07-31,81.8000,2.8890,2.9950,121.3380,125.7900,41.0220,35.7792,3.1279,1.6761,False,False,18.2237,30.6010
2023-08-01,81.3700,2.9000,3.0410,121.8000,127.7220,42.4040,35.8081,3.1640,2.0847,True,True,19.2161,31.7979
2023-08-02,79.5000,2.7980,3.0260,117.5160,127.0920,41.2080,35.8551,3.2295,1.6575,False,False,18.7569,31.0921
2023-08-03,81.5600,2.8040,3.0960,117.7680,130.0320,40.2960,35.8836,3.2651,1.3514,False,False,18.0374,30.4441
2023-08-04,82.7600,2.7990,3.0620,117.5580,128.6040,38.4800,35.8935,3.2771,0.7893,False,False,16.6904,28.8903
2023-08-07,81.9400,2.8460,3.0390,119.5320,127.6380,40.2940,35.8874,3.2717,1.3469,False,False,17.8576,30.2093
2023-08-08,82.9400,2.8790,3.0770,120.9180,129.2340,40.7500,35.9006,3.2871,1.4753,False,False,18.0560,30.5553
2023-08-09,84.3500,2.9870,3.2130,125.4540,134.9460,44.2680,35.9526,3.3261,2.5000,True,True,20.2339,33.3901
2023-08-10,82.8100,2.9500,3.1520,123.9000,132.3840,43.9180,36.0600,3.4350,2.2876,True,False,20.1345,33.1026
2023-08-11,83.1700,2.9950,3.1140,125.7900,130.7880,44.2860,36.1746,3.5221,2.3030,True,False,20.2197,33.2003
2023-08-14,82.5000,2.9540,3.0800,124.0680,129.3600,43.3320,36.2871,3.6165,1.9480,False,False,19.6797,32.4728
2023-08-15,81.0600,2.9040,3.0300,121.9680,127.2600,42.6720,36.3696,3.6908,1.7076,False,False,19.4019,31.9880
2023-08-16,79.4000,2.9050,3.0170,122.0100,126.7140,44.1780,36.4106,3.7397,2.0770,True,True,20.5355,33.2113
2023-08-17,80.4300,2.8620,3.0840,120.2040,129.5280,42.8820,36.4850,3.8259,1.6720,False,False,19.7390,32.3900
2023-08-18,81.2500,2.8790,3.1480,120.9180,132.2160,43.4340,36.5281,3.8756,1.7819,False,False,20.0774,32.9123
2023-08-21,80.7100,2.8400,3.1390,119.2800,131.8380,42.7560,36.5858,3.9388,1.5665,False,False,19.7355,32.4533
2023-08-22,80.2500,2.8450,3.1400,119.4900,131.8800,43.3700,36.6474,3.9911,1.6844,False,False,20.1773,32.9493
2023-08-23,78.9100,2.8300,3.1250,118.8600,131.2500,44.0800,36.7227,4.0528,1.8153,False,False,20.7795,33.5575
2023-08-24,79.5200,2.8240,3.1500,118.6080,132.3000,43.6520,36.8133,4.1245,1.6581,False,False,20.4806,33.2662
2023-08-25,80.4700,2.9230,3.3140,122.7660,139.1880,47.7700,36.9014,4.1845,2.5973,True,True,23.1486,36.6777
2023-08-28,80.6500,2.8410,3.1810,119.3220,133.6020,43.4320,37.0622,4.3189,1.4749,False,False,20.2385,33.0877
2023-08-29,81.1400,2.8510,3.2120,119.7420,134.9040,43.6560,37.1939,4.3304,1.4923,False,False,20.3621,33.2992
2023-08-30,81.6400,2.8710,3.0930,120.5820,129.9060,42.0500,37.3349,4.3318,1.0885,False,False,19.0711,31.6881
2023-08-31,83.5500,2.8180,3.1500,118.3560,132.3000,39.4540,37.4592,4.3048,0.4634,False,False,17.3371,29.8004
2023-09-01,85.5200,2.6480,3.1100,111.2160,130.6200,32.1640,37.5498,4.2598,-1.2643,False,False,12.5738,24.2005
2023-09-05,86.7400,2.8680,3.2520,120.4560,136.5840,39.0920,37.5649,4.2382,0.3603,False,False,16.8397,29.5316
2023-09-06,87.5500,2.8660,3.2240,120.3720,135.4080,37.8340,37.6487,4.1928,0.0442,False,False,15.9005,28.4426
2023-09-07,86.8700,2.8850,3.2560,121.1700,136.7520,39.4940,37.7199,4.1405,0.4285,False,False,17.0691,29.8201
2023-09-08,87.5100,2.9160,3.3220,122.4720,139.5240,40.6460,37.8212,4.0706,0.6939,False,False,17.7997,30.8009
2023-09-11,87.3000,2.9870,3.3900,125.4540,142.3800,43.7960,37.9244,4.0230,1.4595,False,False,19.8651,33.3205
2023-09-12,88.8700,3.0130,3.3530,126.5460,140.8260,42.4360,38.0692,3.9970,1.0925,False,False,18.7281,32.0443
2023-09-13,88.5900,3.0240,3.4530,127.0080,145.0260,44.4240,38.2157,3.9119,1.5870,False,False,20.1742,33.8425
2023-09-14,90.1300,3.0360,3.4970,127.5120,146.8740,43.8360,38.3763,3.8665,1.4121,False,False,19.6752,33.3975
2023-09-15,90.8300,3.0030,3.3990,126.1260,142.7580,40.8400,38.5294,3.8063,0.6070,False,False,17.5633,30.8341
2023-09-18,91.4700,2.9900,3.3030,125.5800,138.7260,38.4920,38.6425,3.7212,-0.0404,False,False,15.8537,28.7506
2023-09-19,91.1600,2.9250,3.4170,122.8500,143.5140,38.5780,38.7234,3.6369,-0.0400,False,False,16.1927,29.2297
2023-09-20,89.2000,2.8720,3.3250,120.6240,139.6500,37.7660,38.7902,3.5779,-0.2863,False,False,15.8161,28.5515
2023-09-21,89.5600,2.8720,3.3740,120.6240,141.7080,38.0920,38.8433,3.5265,-0.2130,False,False,16.0588,28.9113
2023-09-22,90.0000,2.8330,3.3380,118.9860,140.1960,36.0560,38.9120,3.4503,-0.8278,False,False,14.6934,27.2760
2023-09-25,89.6800,2.7670,3.2480,116.2140,136.4160,33.2680,38.9479,3.4032,-1.6690,False,False,12.8812,25.0014
2023-09-26,91.4300,2.8360,3.2370,119.1120,135.9540,33.2960,38.9552,3.3903,-1.6692,False,False,12.6037,24.7921
2023-09-27,93.6700,2.9140,3.3080,122.3880,138.9360,34.2340,38.9468,3.4033,-1.3847,False,False,12.9684,25.4597
2023-09-28,91.6500,2.8460,3.3330,119.5320,139.9860,34.7000,38.9401,3.4119,-1.2427,False,False,13.6136,26.1014
2023-09-29,90.7700,2.7690,3.3520,116.2980,140.7840,33.6900,38.9446,3.4061,-1.5427,False,False,13.1839,25.5348
2023-10-02,88.8100,2.7090,3.2840,113.7780,137.9280,33.0180,38.9154,3.4396,-1.7146,False,False,12.9416,25.0381
2023-10-03,89.2600,2.6550,3.2630,111.5100,137.0460,30.7620,38.8833,3.4808,-2.3332,False,False,11.4742,23.2937
2023-10-04,84.3200,2.4920,3.0840,104.6640,129.5280,28.6320,38.8249,3.5713,-2.8541,False,False,10.5860,21.7021
2023-10-05,82.3000,2.4140,2.9330,101.3880,123.1860,26.3540,38.7380,3.7200,-3.3290,False,False,9.2152,19.7768
2023-10-06,82.8300,2.4110,2.9610,101.2620,124.3620,26.1320,38.6204,3.9361,-3.1728,False,False,9.0587,19.6527
2023-10-10,85.8900,2.5580,3.0720,107.4360,129.0240,28.7420,38.5168,4.1356,-2.3636,False,False,10.3834,21.5683
2023-10-11,83.7000,2.5240,3.0480,106.0080,128.0160,29.6440,38.4526,4.2407,-2.0772,False,False,11.2137,22.3780
2023-10-12,82.8700,2.4720,3.1000,103.8240,130.2000,29.7460,38.3706,4.3378,-1.9883,False,False,11.5127,22.7174
2023-10-13,87.6700,2.5540,3.2580,107.2680,136.8360,29.4540,38.2795,4.4308,-1.9918,False,False,10.9253,22.5101
2023-10-16,86.6500,2.5780,3.2120,108.2760,134.9040,30.5020,38.1939,4.5251,-1.6998,False,False,11.6156,23.2223
2023-10-17,86.6600,2.5790,3.2210,108.3180,135.2820,30.6460,38.1077,4.5964,-1.6234,False,False,11.7194,23.3551
2023-10-18,88.3500,2.5800,3.1970,108.3600,134.2740,28.6480,37.9971,4.6544,-2.0086,False,False,10.2082,21.6500
2023-10-19,89.3500,2.5830,3.2450,108.4860,136.2900,28.4040,37.8669,4.7493,-1.9925,False,False,10.0077,21.5256
2023-10-20,89.1200,2.5780,3.2190,108.2760,135.1980,28.1300,37.7257,4.8387,-1.9831,False,False,9.8243,21.2662
2023-10-23,85.4900,2.5340,3.1620,106.4280,132.8040,29.7300,37.5876,4.9324,-1.5931,False,False,11.2272,22.6260
2023-10-24,84.5800,2.4740,3.0670,103.9080,128.8140,27.6300,37.4648,4.9886,-1.9715,False,False,9.9088,20.8949
2023-10-25,86.0700,2.4360,3.0250,102.3120,127.0500,24.4880,37.3402,5.0916,-2.5242,False,False,7.7045,18.3277
2023-10-26,83.8000,2.4250,3.0500,101.8500,128.1000,26.8000,37.1649,5.2567,-1.9717,False,False,9.4960,20.3260
2023-10-27,86.0400,2.4680,3.0090,103.6560,126.3780,25.1900,37.0088,5.3527,-2.2080,False,False,8.0967,18.7826
2023-10-30,83.0300,2.5250,2.9890,106.0500,125.5380,29.5160,36.8611,5.4916,-1.3375,False,False,11.1168,22.1613
2023-10-31,81.6400,2.4480,2.9940,102.8160,125.7480,28.8200,36.7882,5.5448,-1.4370,False,False,10.9252,21.8298
2023-11-01,81.0500,2.4120,2.9680,101.3040,124.6560,28.0380,36.7051,5.6072,-1.5457,False,False,10.4929,21.2443
2023-11-02,83.0400,2.0680,3.1020,86.8560,130.2840,18.2920,36.6245,5.6786,-3.2283,False,False,4.6182,14.4586
2023-11-03,81.1900,2.0280,2.9950,85.1760,125.7900,17.5240,36.4255,5.9950,-3.1529,False,False,4.2194,13.7496
2023-11-06,81.5400,2.4150,2.9990,101.4300,125.9580,28.0660,36.2097,6.3135,-1.2899,False,False,10.4988,21.3148
2023-11-07,77.9600,2.2980,2.8830,96.5160,121.0860,26.7460,36.1176,6.3709,-1.4710,False,False,10.0181,20.3684
2023-11-08,75.8500,2.2620,2.8140,95.0040,118.1880,26.8820,36.0082,6.4459,-1.4158,False,False,10.2819,20.4666
2023-11-09,76.3400,2.2540,2.7800,94.6680,116.7600,25.6920,35.8933,6.5150,-1.5658,False,False,9.4205,19.4416
2023-11-13,78.8600,2.3420,2.9160,98.3640,122.4720,27.5400,35.8148,6.5944,-1.2548,False,False,10.4243,20.9520
2023-11-14,78.9000,2.3330,2.9040,97.9860,121.9680,27.0800,35.7266,6.6511,-1.3000,False,False,10.1169,20.5760
2023-11-15,77.1500,2.2720,2.9200,95.4240,122.6400,27.3460,35.6378,6.7123,-1.2353,False,False,10.5813,21.0138
2023-11-16,73.5000,2.2420,2.8190,94.1640,118.3980,28.7420,35.5513,6.7683,-1.0061,False,False,11.7726,22.0811
2023-11-17,76.4700,2.3450,2.8290,98.4900,118.8180,28.7960,35.4735,6.8057,-0.9812,False,False,11.3657,21.8269
2023-11-20,78.1000,2.3840,2.9120,100.1280,122.3040,29.4200,35.3956,6.8415,-0.8734,False,False,11.6617,22.3757
2023-11-21,78.3500,2.4050,2.9470,101.0100,123.7740,30.2480,35.3144,6.8685,-0.7376,False,False,12.1933,23.0620
2023-11-22,76.8000,2.3950,2.8990,100.5900,121.7580,30.8460,35.2602,6.8890,-0.6408,False,False,12.6915,23.5018
2023-11-24,74.8300,2.3410,2.8830,98.3220,121.0860,31.0800,35.2339,6.9013,-0.6019,False,False,13.1037,23.8332
2023-11-27,74.4600,2.3280,2.8830,97.7760,121.0860,31.0860,35.2007,6.9140,-0.5951,False,False,13.1646,23.8782
2023-11-28,76.0900,2.3320,2.9070,97.9440,122.0940,29.9040,35.1604,6.9273,-0.7588,False,False,12.2531,22.9285
2023-11-29,77.5600,2.3820,2.9380,100.0440,123.3960,30.2680,35.0869,6.9475,-0.6936,False,False,12.3088,23.1330
2023-11-30,75.6600,2.2950,2.8970,96.3900,121.6740,29.1580,35.0061,6.9608,-0.8402,False,False,11.8512,22.4051
2023-12-01,73.7000,2.2260,2.7230,93.4920,114.3660,26.7500,34.8994,6.9760,-1.1682,False,False,10.3448,20.3023
2023-12-04,72.7300,2.3150,2.7830,97.2300,116.8860,31.0520,34.7459,7.0016,-0.5276,False,False,13.2023,23.7080
2023-12-05,71.9500,2.2810,2.7040,95.8020,113.5680,29.7740,34.6667,7.0026,-0.6987,False,False,12.3906,22.6082
2023-12-06,68.9800,2.2020,2.6150,92.4840,109.8300,29.2860,34.5396,6.9864,-0.7520,False,False,12.3712,22.2845
2023-12-07,69.0000,2.1810,2.6030,91.6020,109.3260,28.5100,34.4186,6.9820,-0.8463,False,False,11.8773,21.6833
2023-12-08,70.8700,2.2300,2.6240,93.6600,110.2080,28.3060,34.2832,6.9772,-0.8567,False,False,11.5091,21.4013
2023-12-11,70.9500,2.2140,2.6420,92.9880,110.9640,28.0300,34.1420,6.9680,-0.8771,False,False,11.3689,21.2542
2023-12-12,68.2700,2.1410,2.5020,89.9220,105.0840,26.7060,33.9822,6.9415,-1.0482,False,False,10.6959,20.1253
2023-12-13,69.0900,2.1830,2.5460,91.6860,106.9320,27.6780,33.8211,6.9402,-0.8851,False,False,11.2444,20.8828
2023-12-14,71.2100,2.2700,2.5840,95.3400,108.5280,28.5260,33.6809,6.9355,-0.7433,False,False,11.5045,21.3879
2023-12-15,71.0500,2.2830,2.6090,95.8860,109.5780,29.4000,33.5703,6.9374,-0.6011,False,False,12.1061,22.1187
2023-12-18,72.1600,2.2520,2.6600,94.5840,111.7200,28.1360,33.4493,6.9140,-0.7685,False,False,11.2828,21.2579
2023-12-19,73.2300,2.2810,2.7180,95.8020,114.1560,28.6900,33.3091,6.8924,-0.6702,False,False,11.5712,21.7340
2023-12-20,73.8700,2.2570,2.6790,94.7940,112.5180,26.8320,33.1360,6.8102,-0.9257,False,False,10.2752,20.1948
2023-12-21,73.5900,2.2370,2.6860,93.9540,112.8120,26.6500,32.9462,6.7448,-0.9335,False,False,10.2241,20.1181
2023-12-22,73.2900,2.1960,2.6230,92.2320,110.1660,24.9200,32.7502,6.6683,-1.1743,False,False,9.1004,18.6938
2023-12-26,75.8400,2.2230,2.6280,93.3660,110.3760,23.1960,32.5456,6.6227,-1.4117,False,False,7.6812,17.1888
2023-12-27,74.3100,2.2220,2.6160,93.3240,109.8720,24.5300,32.3292,6.6065,-1.1805,False,False,8.6936,18.2773
2023-12-28,72.0200,2.1660,2.5550,90.9720,107.3100,24.3980,32.1109,6.5356,-1.1801,False,False,8.8412,18.2292
2023-12-29,71.8900,2.1590,2.5310,90.6780,106.3020,23.9960,31.9056,6.4841,-1.2198,False,False,8.5697,17.8734
2024-01-02,70.6200,2.2150,2.5530,93.0300,107.2260,27.1420,31.6896,6.4199,-0.7084,False,False,10.7004,20.3521
2024-01-03,72.9700,2.2280,2.5980,93.5760,109.1160,25.7860,31.5161,6.3289,-0.9054,False,False,9.6171,19.2685
2024-01-04,72.3800,2.2130,2.5890,92.9460,108.7380,25.8300,31.3207,6.2306,-0.8813,False,False,9.7160,19.3348
2024-01-05,74.0000,2.2070,2.6160,92.6940,109.8720,24.4200,31.1179,6.1078,-1.0966,False,False,8.6756,18.2322
2024-01-08,71.0600,2.1370,2.5830,89.7540,108.4860,24.9380,30.9042,6.0010,-0.9942,False,False,9.3728,18.8176
2024-01-09,72.4300,2.1760,2.6470,91.3920,111.1740,25.5560,30.6506,5.7604,-0.8844,False,False,9.6656,19.3269
2024-01-10,71.5700,2.1400,2.6030,89.8800,109.3260,24.7920,30.4519,5.6229,-1.0066,False,False,9.2482,18.7236
2024-01-11,72.1500,2.2010,2.6820,92.4420,112.6440,27.0260,30.2423,5.4764,-0.5873,False,False,10.6645,20.5337
2024-01-12,72.9400,2.1920,2.6730,92.0640,112.2660,25.8580,30.0754,5.3413,-0.7896,False,False,9.8224,19.5756
2024-01-16,72.6300,2.1880,2.6440,91.8960,111.0480,25.6500,29.9243,5.2656,-0.8117,False,False,9.6847,19.3625
2024-01-17,72.7900,2.2020,2.6450,92.4840,111.0900,25.8960,29.8520,5.2791,-0.7494,False,False,9.8096,19.5254
2024-01-18,74.3200,2.2450,2.6910,94.2900,113.0220,26.2140,29.7053,5.2031,-0.6710,False,False,9.8599,19.7406
2024-01-19,73.6900,2.2410,2.6630,94.1220,111.8460,26.3400,29.5762,5.1437,-0.6292,False,False,9.9743,19.8066
2024-01-22,75.2600,2.3010,2.6890,96.6420,112.9380,26.8140,29.4301,5.0457,-0.5185,False,False,10.0700,20.0625
2024-01-23,74.7200,2.2740,2.6860,95.5080,112.8120,26.5560,29.2764,4.9106,-0.5540,False,False,9.9926,19.9261
2024-01-24,75.4800,2.3070,2.6790,96.8940,112.5180,26.6220,29.0848,4.6709,-0.5273,False,False,9.8997,19.8665
2024-01-25,77.9100,2.3450,2.7910,98.4900,117.2220,26.8240,28.9091,4.4579,-0.4677,False,False,9.8795,20.1209
2024-01-26,78.4500,2.3790,2.8470,99.9180,119.5740,28.0200,28.7136,4.1483,-0.1672,False,False,10.6309,21.1108
2024-01-29,77.2500,2.3240,2.8330,97.6080,118.9860,27.4840,28.5378,3.8265,-0.2754,False,False,10.4659,20.8099
2024-01-30,78.3000,2.3450,2.7960,98.4900,117.4320,26.5040,28.3894,3.5987,-0.5239,False,False,9.6375,19.8644
2024-01-31,76.2800,2.2560,2.7860,94.7520,117.0120,25.8920,28.2562,3.4407,-0.6871,False,False,9.5624,19.6124
2024-02-01,74.3600,2.2270,2.7400,93.5340,115.0800,26.3560,28.1153,3.2706,-0.5379,False,False,10.0418,20.0031
2024-02-02,72.7200,2.1690,2.6760,91.0980,112.3920,25.4760,27.9885,3.1113,-0.8075,False,False,9.6336,19.3349
2024-02-05,73.2100,2.2380,2.7340,93.9960,114.8280,27.7300,27.8483,2.9320,-0.0404,False,False,11.0318,21.0987
2024-02-07,74.2600,2.3120,2.8170,97.1040,118.3140,29.9140,27.7558,2.7999,0.7708,False,False,12.3538,22.8346
2024-02-08,76.6700,2.3590,2.8910,99.0780,121.4220,29.8560,27.7185,2.7482,0.7778,False,False,12.1009,22.7764
2024-02-09,77.2600,2.3540,2.9410,98.8680,123.5220,29.8260,27.6803,2.6937,0.7966,False,False,12.0964,22.8579
2024-02-12,77.3400,2.3860,2.9230,100.2120,122.7660,30.3900,27.6313,2.6130,1.0558,False,False,12.3846,23.1947
2024-02-13,78.2800,2.4040,2.8840,100.9680,121.1280,29.4080,27.5834,2.5208,0.7238,False,False,11.5678,22.2532
2024-02-14,77.0900,2.3340,2.7960,98.0280,117.4320,27.4060,27.5359,2.4444,-0.0531,False,False,10.3662,20.6470
2024-02-15,78.4700,2.3260,2.8070,97.6920,117.8940,25.9560,27.4735,2.3743,-0.6391,False,False,9.3055,19.4881
2024-02-16,79.6500,2.3480,2.8070,98.6160,117.8940,25.3920,27.4201,2.3537,-0.8617,False,False,8.7841,18.9523
2024-02-20,78.7200,2.3120,2.7240,97.1040,114.4080,24.1520,27.3841,2.3597,-1.3697,False,False,8.0100,17.8829
2024-02-21,78.8900,2.3670,2.6990,99.4140,113.3580,25.1720,27.3596,2.3815,-0.9186,False,False,8.5432,18.5146
2024-02-22,79.6400,2.3600,2.7410,99.1200,115.1220,24.8140,27.3490,2.3892,-1.0610,False,False,8.3003,18.3154
2024-02-23,77.6000,2.3150,2.6850,97.2300,112.7700,24.8100,27.3053,2.3992,-1.0401,False,False,8.4965,18.3488
2024-02-26,78.5300,2.3410,2.7580,98.3220,115.8360,25.6300,27.2516,2.4003,-0.6756,False,False,8.9976,19.0822
2024-02-27,79.8000,2.3770,2.7320,99.8340,114.7440,25.0040,27.2059,2.3916,-0.9207,False,False,8.3706,18.4044
2024-02-28,79.4400,2.3460,2.6450,98.5320,111.0900,23.2780,27.1564,2.3906,-1.6224,False,False,7.2081,16.9090
2024-02-29,79.2200,2.3900,2.6690,100.3800,112.0980,25.0660,27.0762,2.3982,-0.8382,False,False,8.3654,18.3012
2024-03-01,80.9000,2.4200,2.7260,101.6400,114.4920,25.0240,27.0142,2.3771,-0.8372,False,False,8.1995,18.2776
2024-03-04,79.6700,2.3960,2.6720,100.6320,112.2240,24.8260,26.9739,2.3798,-0.9026,False,False,8.1579,18.0889
2024-03-05,79.1100,2.3790,2.6230,99.9180,110.1660,24.2240,26.9342,2.3854,-1.1361,False,False,7.7806,17.5525
2024-03-06,80.0800,2.3530,2.6800,98.8260,112.5600,23.3240,26.8908,2.3988,-1.4869,False,False,7.2100,16.9893
2024-03-07,79.8100,2.3600,2.7120,99.1200,113.9040,24.2380,26.8196,2.4085,-1.0719,False,False,7.8674,17.7846
2024-03-08,78.9600,2.3300,2.6540,97.8600,111.4680,23.4360,26.7819,2.4220,-1.3814,False,False,7.3962,17.1058
2024-03-11,78.8700,2.4120,2.6650,101.3040,111.9300,25.9760,26.7702,2.4356,-0.3261,False,False,8.9573,18.9814
2024-03-12,78.5100,2.4200,2.6320,101.6400,110.5440,26.0980,26.7610,2.4370,-0.2721,False,False,9.0169,18.9980
2024-03-13,80.6700,2.4880,2.6990,104.4960,113.3580,26.7800,26.7711,2.4323,0.0036,False,False,9.2321,19.4765
2024-03-14,82.1600,2.5270,2.7080,106.1340,113.7360,26.5080,26.7407,2.4149,-0.0964,False,False,8.8568,19.1470
2024-03-15,81.9400,2.5450,2.7220,106.8900,114.3240,27.4280,26.7150,2.4049,0.2965,False,False,9.4723,19.8807
2024-03-18,83.6800,2.5500,2.7760,107.1000,116.5920,26.5840,26.7083,2.4020,-0.0517,False,False,8.8096,19.2630
2024-03-19,84.3900,2.5660,2.7530,107.7720,115.6260,26.0000,26.8004,2.2303,-0.3589,False,False,8.3008,18.6872
2024-03-20,82.7900,2.5860,2.6830,108.6120,112.6860,27.1800,26.8946,2.0041,0.1424,False,False,9.1098,19.4776
2024-03-21,81.9900,2.5720,2.6530,108.0240,111.4260,27.1680,26.8847,2.0005,0.1416,False,False,9.1637,19.4561
2024-03-22,81.1000,2.5850,2.6470,108.5700,111.1740,28.3380,26.8894,2.0007,0.7241,False,False,9.9910,20.3763
2024-03-25,82.4100,2.5550,2.6750,107.3100,112.3500,26.5800,26.9056,2.0064,-0.1623,False,False,8.7920,19.0605
2024-03-26,82.4100,2.4900,2.6080,104.5800,109.5360,23.8220,26.9155,2.0026,-1.5447,False,False,6.9965,16.8496
2024-03-27,82.1500,2.4910,2.5870,104.6220,108.6540,23.8160,26.8742,2.0275,-1.5083,False,False,6.9891,16.8033
2024-03-28,83.9600,2.5830,2.6070,108.4860,109.4940,24.8620,26.8379,2.0525,-0.9627,False,False,7.3781,17.4246
2024-04-01,84.5400,2.6930,2.6250,113.1060,110.2500,27.6140,26.8103,2.0622,0.3897,False,False,8.9772,19.4027
2024-04-02,85.9500,2.7430,2.7100,115.2060,113.8200,28.7940,26.7978,2.0538,0.9720,False,False,9.6451,20.3828
2024-04-03,86.2200,2.7510,2.7270,115.5420,114.5340,28.9860,26.7977,2.0538,1.0655,False,False,9.7542,20.5484
2024-04-04,87.3700,2.7870,2.7460,117.0540,115.3320,29.1100,26.7929,2.0481,1.1313,False,False,9.6902,20.5751
2024-04-05,87.6900,2.7630,2.6890,116.0460,112.9380,27.3200,26.7803,2.0302,0.2659,False,False,8.4470,19.0595
2024-04-08,87.2400,2.7360,2.7250,114.9120,114.4500,27.5180,26.7411,1.9849,0.3914,False,False,8.7111,19.3726
2024-04-09,86.0400,2.7480,2.6750,115.4160,112.3500,28.3540,26.7015,1.9328,0.8550,False,False,9.2937,19.9385
2024-04-10,86.9800,2.7540,2.7060,115.6680,113.6520,28.0160,26.6712,1.8845,0.7136,False,False,9.0103,19.6959
2024-04-11,85.7900,2.7560,2.6600,115.7520,111.7200,28.6180,26.6502,1.8588,1.0587,False,False,9.4593,20.1057
2024-04-12,86.4600,2.7690,2.6720,116.2980,112.2240,28.4800,26.6318,1.8309,1.0094,False,False,9.2979,19.9729
2024-04-15,86.2100,2.7760,2.6570,116.5920,111.5940,28.7160,26.6243,1.8219,1.1481,False,False,9.4467,20.1199
2024-04-17,83.5800,2.7070,2.5690,113.6940,107.8980,28.1820,26.6462,1.8350,0.8370,False,False,9.3492,19.7291
2024-04-18,83.5000,2.6760,2.5150,112.3920,105.6300,26.6380,26.6143,1.7823,0.0133,False,False,8.3218,18.4448
2024-04-19,83.7900,2.6840,2.5340,112.7280,106.4280,26.8380,26.5794,1.7506,0.1477,False,False,8.4368,18.6207
2024-04-22,83.8200,2.7230,2.5550,114.3660,107.3100,28.1940,26.5522,1.7272,0.9505,False,False,9.2898,19.6643
2024-04-23,84.1700,2.7590,2.5640,115.8780,107.6880,28.9780,26.5487,1.7235,1.4095,False,False,9.7249,20.2205
2024-04-24,84.0900,2.7630,2.5400,116.0460,106.6800,28.8340,26.5562,1.7326,1.3147,False,False,9.6004,20.0450
2024-04-25,84.9200,2.7970,2.5430,117.4740,106.8060,28.9980,26.5651,1.7422,1.3965,False,False,9.5765,20.0818
2024-04-26,85.3800,2.7890,2.5400,117.1380,106.6800,28.2720,26.5906,1.7607,0.9550,False,False,9.0633,19.4984
2024-04-29,84.2600,2.7810,2.5350,116.8020,106.4700,29.0980,26.5972,1.7659,1.4162,False,False,9.7220,20.1996
2024-04-30,83.4900,2.7330,2.5120,114.7860,105.5040,28.2020,26.6035,1.7738,0.9011,False,False,9.2555,19.5619
2024-05-01,80.7000,2.6080,2.4570,109.5360,103.1940,26.7220,26.5902,1.7572,0.0750,False,False,8.6844,18.6184
2024-05-02,80.5900,2.6410,2.4400,110.9220,102.4800,27.5180,26.5745,1.7496,0.5393,False,False,9.1433,19.1465
2024-05-03,79.6500,2.5990,2.4310,109.1580,102.1020,27.1560,26.5615,1.7381,0.3420,False,False,9.0530,18.9590
2024-05-06,80.1000,2.5750,2.4500,108.1500,102.9000,26.3000,26.5651,1.7390,-0.1524,False,False,8.5095,18.3570
2024-05-07,79.9700,2.5400,2.4520,106.6800,102.9840,25.4780,26.5612,1.7392,-0.6228,False,False,8.0406,17.7862
2024-05-08,80.5700,2.5330,2.4700,106.3860,103.7400,24.9340,26.5674,1.7344,-0.9418,False,False,7.6591,17.3890
2024-05-09,80.8600,2.5810,2.4680,108.4020,103.6560,25.9600,26.5867,1.7062,-0.3673,False,False,8.2255,18.0891
2024-05-10,79.8100,2.5210,2.4210,105.8820,101.6820,24.6720,26.6026,1.6935,-1.1400,False,False,7.5168,17.1193
2024-05-13,80.7100,2.5330,2.4260,106.3860,101.8920,24.1780,26.6056,1.6898,-1.4366,False,False,7.0914,16.6814
2024-05-14,79.6200,2.4810,2.4100,104.2020,101.2200,23.5880,26.6077,1.6868,-1.7902,False,False,6.8727,16.3228
2024-05-15,80.2300,2.5200,2.4130,105.8400,101.3460,24.1120,26.5682,1.7152,-1.4320,False,False,7.0988,16.6430
2024-05-16,80.8500,2.5540,2.4350,107.2680,102.2700,24.7520,26.5496,1.7326,-1.0375,False,False,7.4330,17.1095
2024-05-17,81.6600,2.5880,2.4730,108.6960,103.8660,25.4260,26.5376,1.7412,-0.6384,False,False,7.7916,17.6334
2024-05-20,81.3900,2.5510,2.4660,107.1420,103.5720,24.5620,26.5488,1.7308,-1.1479,False,False,7.3004,17.0175
2024-05-21,80.6600,2.5270,2.4510,106.1340,102.9420,24.4100,26.5446,1.7351,-1.2302,False,False,7.2908,16.9380
2024-05-22,79.1500,2.4820,2.4130,104.2440,101.3460,24.1280,26.5319,1.7465,-1.3764,False,False,7.2759,16.7733
2024-05-23,77.4700,2.5050,2.4080,105.2100,101.1360,26.3820,26.5245,1.7552,-0.0812,False,False,8.8781,18.5642
2024-05-24,78.4800,2.5030,2.4010,105.1260,100.8420,25.2180,26.5173,1.7544,-0.7406,False,False,8.0085,17.5915
2024-05-28,80.9000,2.5260,2.4630,106.0920,103.4460,24.3100,26.5102,1.7584,-1.2513,False,False,7.2188,16.8799
2024-05-29,80.2400,2.4700,2.4150,103.7400,101.4300,22.7300,26.4953,1.7712,-2.1258,False,False,6.2723,15.6536
2024-05-30,78.9600,2.4090,2.3520,101.1780,98.7840,21.4200,26.4602,1.8137,-2.7789,False,False,5.5524,14.6395
2024-05-31,77.9700,2.4350,2.3480,102.2700,98.6160,23.0820,26.4069,1.8890,-1.7601,False,False,6.6946,15.9316
2024-06-03,75.2600,2.3430,2.2780,98.4060,95.6760,22.2360,26.3707,1.9209,-2.1525,False,False,6.4601,15.3854
2024-06-04,74.2700,2.3470,2.2590,98.5740,94.8780,23.0720,26.3198,1.9685,-1.6499,False,False,7.0753,16.0324
2024-06-05,75.0800,2.3600,2.2770,99.1200,95.6340,22.8780,26.2811,1.9975,-1.7037,False,False,6.8711,15.8641
2024-06-06,76.5200,2.4000,2.3330,100.8000,97.9860,23.3420,26.2395,2.0287,-1.4282,False,False,7.0439,16.2279
2024-06-07,76.5300,2.3760,2.3400,99.7920,98.2800,22.7580,26.2008,2.0503,-1.6792,False,False,6.7066,15.8299
2024-06-10,78.7500,2.4130,2.4050,101.3460,101.0100,22.4840,26.1424,2.0725,-1.7652,False,False,6.3346,15.6068
2024-06-11,78.8800,2.4110,2.3990,101.2620,100.7580,22.2140,26.0868,2.1026,-1.8419,False,False,6.1399,15.3779
2024-06-12,79.5600,2.3930,2.4170,100.5060,101.5140,21.2820,26.0391,2.1409,-2.2221,False,False,5.5131,14.6926
2024-06-13,79.6100,2.4120,2.4620,101.3040,103.4040,22.3940,25.9879,2.1982,-1.6350,False,False,6.2670,15.6389
2024-06-14,79.4100,2.4020,2.4490,100.8840,102.8580,22.1320,25.9439,2.2298,-1.7095,False,False,6.1136,15.4286
2024-06-17,81.3300,2.4460,2.4660,102.7320,103.5720,21.6820,25.9067,2.2649,-1.8653,False,False,5.5817,14.9505
2024-06-18,82.6700,2.4800,2.5070,104.1600,105.2940,21.8680,25.8395,2.2992,-1.7273,False,False,5.5717,15.0748
2024-06-20,83.3400,2.5000,2.4990,105.0000,104.9580,21.6460,25.7501,2.2955,-1.7879,False,False,5.3178,14.8144
2024-06-21,81.7100,2.5110,2.4660,105.4620,103.5720,23.1220,25.6589,2.2936,-1.1061,False,False,6.3867,15.9455
2024-06-24,82.6300,2.5120,2.4990,105.5040,104.9580,22.6920,25.5844,2.2658,-1.2766,False,False,6.0555,15.6456
2024-06-25,81.9700,2.5140,2.4840,105.5880,104.3280,23.1980,25.4989,2.2277,-1.0328,False,False,6.4299,16.0321
2024-06-26,82.1900,2.5360,2.5130,106.5120,105.5460,24.0000,25.4299,2.2016,-0.6495,False,False,6.9378,16.6828
2024-06-27,83.0400,2.5440,2.5410,106.8480,106.7220,23.7660,25.3920,2.1966,-0.7403,False,False,6.7245,16.5149
2024-06-28,82.8300,2.5270,2.5060,106.1340,105.2520,23.0100,25.3677,2.2023,-1.0706,False,False,6.2299,15.8761
2024-07-01,84.7000,2.5730,2.5940,108.0660,108.9480,23.6600,25.3412,2.2162,-0.7586,False,False,6.5149,16.4340
2024-07-02,84.0900,2.5770,2.6130,108.2340,109.7460,24.6480,25.3358,2.2197,-0.3099,False,False,7.2421,17.2763
2024-07-03,85.1900,2.5920,2.6050,108.8640,109.4100,23.8560,25.3300,2.2208,-0.6637,False,False,6.5797,16.5582
2024-07-05,84.4400,2.5790,2.6000,108.3180,109.2000,24.1720,25.3193,2.2255,-0.5155,False,False,6.8750,16.8514
2024-07-08,83.6300,2.5420,2.5580,106.7640,107.4360,23.3580,25.3122,2.2282,-0.8771,False,False,6.4239,16.2133
2024-07-09,82.7800,2.5270,2.5070,106.1340,105.2940,23.0740,25.2870,2.2373,-0.9891,False,False,6.2782,15.9310
2024-07-10,83.3900,2.5100,2.5060,105.4200,105.2520,21.9740,25.2655,2.2491,-1.4635,False,False,5.5215,15.0685
2024-07-11,83.9200,2.5250,2.5070,106.0500,105.2940,21.8780,25.2510,2.2660,-1.4886,False,False,5.3839,14.9445
2024-07-12,83.4900,2.5030,2.4920,105.1260,104.6640,21.4820,25.2156,2.2934,-1.6280,False,False,5.1815,14.6563
2024-07-15,83.2200,2.4830,2.4930,104.2860,104.7060,21.2060,25.1763,2.3265,-1.7066,False,False,5.0598,14.4906
2024-07-16,81.9200,2.4640,2.4520,103.4880,102.9840,21.4000,25.1360,2.3632,-1.5809,False,False,5.2916,14.6355
2024-07-17,84.1600,2.4920,2.4690,104.6640,103.6980,20.1820,25.1047,2.3936,-2.0566,False,False,4.2493,13.5693
2024-07-18,84.1700,2.4980,2.4580,104.9160,103.2360,20.1860,25.0698,2.4418,-2.0001,False,False,4.2271,13.5341
2024-07-19,81.4300,2.4460,2.4010,102.7320,100.8420,20.6720,25.0247,2.4935,-1.7456,False,False,4.8237,13.9939
2024-07-22,81.2500,2.4570,2.4160,103.1940,101.4720,21.3700,24.9940,2.5296,-1.4326,False,False,5.3019,14.5667
2024-07-23,78.2400,2.4150,2.3960,101.4300,100.6320,22.9240,24.9428,2.5557,-0.7899,False,False,6.6588,15.9494
2024-07-24,78.7800,2.4330,2.4240,102.1860,101.8080,23.2800,24.9076,2.5614,-0.6354,False,False,6.8475,16.2404
2024-07-25,79.4300,2.4570,2.4460,103.1940,102.7320,23.6100,24.8687,2.5593,-0.4918,False,False,6.9909,16.4805
2024-07-26,78.5800,2.4460,2.4010,102.7320,100.8420,23.5220,24.8365,2.5567,-0.5141,False,False,6.9754,16.3594
2024-07-29,77.2700,2.4050,2.3610,101.0100,99.1620,23.1240,24.7931,2.5454,-0.6557,False,False,6.8557,16.0825
2024-07-30,76.1700,2.3870,2.3210,100.2540,97.4820,23.1600,24.7546,2.5442,-0.6268,False,False,6.9638,16.0951
2024-07-31,79.3600,2.4770,2.3900,104.0340,100.3800,23.4560,24.7231,2.5462,-0.4976,False,False,6.7918,16.1891
2024-08-01,77.7400,2.3990,2.3950,100.7580,100.5900,22.9620,24.6817,2.5362,-0.6781,False,False,6.7570,16.0284
2024-08-02,74.9900,2.3280,2.2900,97.7760,96.1800,22.2540,24.6350,2.5287,-0.9416,False,False,6.5380,15.4684
2024-08-05,74.4600,2.3800,2.2760,99.9600,95.5920,24.0440,24.5674,2.5100,-0.2085,False,False,7.6647,16.7684
2024-08-06,74.6000,2.3460,2.2510,98.5320,94.5420,22.6020,24.5392,2.5015,-0.7744,False,False,6.7253,15.6308
2024-08-07,76.6800,2.3870,2.3130,100.2540,97.1460,22.5380,24.5256,2.5086,-0.7923,False,False,6.4947,15.5642
2024-08-08,77.6400,2.4210,2.3170,101.6820,97.3140,22.5860,24.5114,2.5162,-0.7652,False,False,6.3831,15.5066
2024-08-09,78.2800,2.4190,2.3000,101.5980,96.6000,21.6520,24.4862,2.5240,-1.1229,False,False,5.6878,14.7066
2024-08-12,81.4500,2.4620,2.3610,103.4040,99.1620,20.5400,24.4199,2.5193,-1.5401,False,False,4.6574,13.7623
2024-08-13,79.8100,2.4000,2.3430,100.8000,98.4060,20.1920,24.3282,2.5086,-1.6488,False,False,4.6650,13.6316
2024-08-14,78.4700,2.3520,2.3200,98.7840,97.4400,19.8660,24.2305,2.4965,-1.7483,False,False,4.6287,13.4670
2024-08-15,79.6600,2.3800,2.3260,99.9600,97.6920,19.5440,24.1278,2.4837,-1.8455,False,False,4.2637,13.1244
2024-08-16,78.0500,2.3390,2.2830,98.2380,95.8860,19.4040,24.0414,2.5063,-1.8503,False,False,4.3389,13.0563
2024-08-19,75.8200,2.2920,2.2180,96.2640,93.1560,19.4080,23.9512,2.5255,-1.7989,False,False,4.5505,13.0860
2024-08-20,75.2700,2.2800,2.2190,95.7600,93.1980,19.6360,23.8518,2.5263,-1.6687,False,False,4.7746,13.3141
2024-08-21,72.7600,2.2150,2.2060,93.0300,92.6520,20.1440,23.7587,2.5256,-1.4312,False,False,5.4412,13.9122
2024-08-22,73.7200,2.2530,2.2370,94.6260,93.9540,20.6820,23.6646,2.5005,-1.1928,False,False,5.6803,14.2982
2024-08-23,75.8200,2.3010,2.2780,96.6420,95.6760,20.5000,23.5779,2.4670,-1.2476,False,False,5.3317,14.0739
2024-08-26,78.4000,2.2980,2.3140,96.5160,97.1880,18.3400,23.4866,2.4269,-2.1207,False,False,3.7114,12.3558
2024-08-27,76.5000,2.2560,2.2600,94.7520,94.9200,18.3080,23.3773,2.4346,-2.0822,False,False,3.8733,12.3604
2024-08-28,75.4900,2.2320,2.1930,93.7440,92.1060,17.7080,23.2847,2.4670,-2.2605,False,False,3.5292,11.8143
2024-08-29,76.9000,2.2680,2.2540,95.2560,94.6680,18.1600,23.1833,2.5062,-2.0044,False,False,3.7099,12.1896
2024-08-30,74.5200,2.2200,2.2100,93.2400,92.8200,18.5800,23.0718,2.5040,-1.7939,False,False,4.2384,12.6060
2024-09-03,71.2800,1.9790,2.1680,83.1180,91.0560,14.4840,22.9562,2.4684,-3.4322,False,False,2.1948,9.8722
2024-09-04,70.1100,2.0620,2.1120,86.6040,88.7040,17.1940,22.7968,2.5459,-2.2008,False,False,3.8846,11.7639
2024-09-05,70.0900,2.0390,2.1280,85.6380,89.3760,16.7940,22.6656,2.5270,-2.3236,False,False,3.6813,11.5319
2024-09-06,68.5800,2.0090,2.0820,84.3780,87.4440,16.8200,22.5381,2.5305,-2.2597,False,False,3.8343,11.5621
2024-09-09,69.6500,2.0360,2.1160,85.5120,88.8720,16.9820,22.4017,2.5040,-2.1644,False,False,3.8370,11.6753
2024-09-10,66.7300,1.9940,2.0380,83.7480,85.5960,17.6340,22.2770,2.4914,-1.8637,False,False,4.5170,12.2039
2024-09-11,68.2500,2.0090,2.0640,84.3780,86.6880,16.8980,22.1760,2.4933,-2.1169,False,False,3.8945,11.5941
2024-09-12,69.8900,2.0480,2.0940,86.0160,87.9480,16.7700,22.0580,2.4890,-2.1246,False,False,3.6264,11.4223
2024-09-13,69.5900,2.0510,2.0640,86.1420,86.6880,16.7340,21.9426,2.4907,-2.0912,False,False,3.5884,11.3286
2024-09-16,71.1000,2.0850,2.0710,87.5700,86.9820,16.2740,21.8364,2.5066,-2.2191,False,False,3.0930,10.8548
2024-09-17,72.1600,2.1050,2.1180,88.4100,88.9560,16.4320,21.7341,2.5434,-2.0846,False,False,3.1222,11.0099
2024-09-18,71.8700,2.0780,2.1090,87.2760,88.5780,15.8400,21.6396,2.5804,-2.2475,False,False,2.7930,10.5853
2024-09-19,72.8600,2.1390,2.1470,89.8380,90.1740,17.0900,21.5272,2.6100,-1.7000,False,False,3.4694,11.5041
2024-09-20,72.7200,2.1240,2.1470,89.2080,90.1740,16.8100,21.4429,2.6295,-1.7619,False,False,3.3231,11.3179
2024-09-23,71.3300,2.0760,2.1290,87.1920,89.4180,16.6040,21.3611,2.6576,-1.7900,False,False,3.3772,11.2620
2024-09-24,72.3400,2.1050,2.1590,88.4100,90.6780,16.8260,21.2835,2.6931,-1.6551,False,False,3.4168,11.4116
2024-09-25,70.4200,2.0830,2.1340,87.4860,89.6280,17.7800,21.2025,2.7163,-1.2600,False,False,4.2343,12.2256
2024-09-26,68.2800,2.0280,2.1040,85.1760,88.3680,17.9600,21.1250,2.7134,-1.1665,False,False,4.6110,12.4898
2024-09-27,68.7200,2.0330,2.1140,85.3860,88.7880,17.8000,21.0421,2.6947,-1.2031,False,False,4.4678,12.3598
2024-09-30,68.7500,2.0500,2.1030,86.1000,88.3260,18.0920,20.9670,2.6898,-1.0688,False,False,4.6153,12.5298
2024-10-01,70.4100,2.0810,2.1600,87.4020,90.7200,18.0980,20.8968,2.6814,-1.0438,False,False,4.4813,12.5431
2024-10-02,70.7400,2.1050,2.1630,88.4100,90.8460,18.4820,20.8298,2.6752,-0.8776,False,False,4.6668,12.7933
2024-10-03,74.3300,2.2020,2.2670,92.4840,95.2140,19.0640,20.7420,2.6206,-0.6403,False,False,4.6779,13.1669
2024-10-04,74.9300,2.1960,2.2850,92.2320,95.9700,18.5480,20.6736,2.5830,-0.8229,False,False,4.3132,12.7899
2024-10-07,77.7600,2.2570,2.3620,94.7940,99.2040,18.5040,20.6096,2.5634,-0.8214,False,False,4.0098,12.7056
2024-10-08,74.2600,2.1810,2.2880,91.6020,96.0960,18.8400,20.5626,2.5628,-0.6722,False,False,4.5985,13.0839
2024-10-09,73.8500,2.1730,2.2580,91.2660,94.8360,18.6060,20.5340,2.5675,-0.7509,False,False,4.4587,12.8597
2024-10-10,76.4600,2.2480,2.3200,94.4160,97.4400,18.9640,20.4842,2.5610,-0.5936,False,False,4.3991,13.0387
2024-10-11,76.1100,2.2570,2.3260,94.7940,97.6920,19.6500,20.4479,2.5591,-0.3118,False,False,4.8775,13.5913
2024-10-14,76.1100,2.2570,2.3260,94.7940,97.6920,19.6500,20.4098,2.5452,-0.2985,False,False,4.8775,13.5913
2024-10-15,71.2200,2.1480,2.1730,90.2160,91.2660,19.3460,20.3740,2.5329,-0.4059,False,False,5.1318,13.3962
2024-10-16,70.9700,2.1480,2.1520,90.2160,90.3840,19.3020,20.3296,2.5154,-0.4085,False,False,5.1000,13.3215
2024-10-17,71.2600,2.1500,2.1790,90.3000,91.5180,19.4460,20.2912,2.5044,-0.3375,False,False,5.1982,13.4840
2024-10-18,69.7800,2.1080,2.1400,88.5360,89.8800,19.2040,20.2574,2.4951,-0.4222,False,False,5.2005,13.3415
2024-10-21,71.1600,2.1180,2.1660,88.9560,90.9720,18.4680,20.2240,2.4888,-0.7056,False,False,4.5996,12.7471
2024-10-22,72.8400,2.1720,2.2180,91.2240,93.1560,19.0280,20.1927,2.4930,-0.4672,False,False,4.7844,13.1402
2024-10-23,71.3700,2.1500,2.2120,90.3000,92.9040,19.7980,20.1553,2.4849,-0.1438,False,False,5.4616,13.8362
2024-10-24,70.5800,2.1410,2.2020,89.9220,92.4840,20.1960,20.1294,2.4763,0.0269,False,False,5.8019,14.1760
2024-10-25,72.0200,2.1850,2.2220,91.7700,93.3240,20.2680,20.1129,2.4708,0.0628,False,False,5.6639,14.1367
2024-10-28,67.6500,2.0820,2.1350,87.4440,89.6700,20.5360,20.0951,2.4639,0.1789,False,False,6.3193,14.5180
2024-10-29,67.4800,2.0430,2.1350,85.8060,89.6700,19.6140,20.0828,2.4589,-0.1906,False,False,5.7925,13.8729
2024-10-30,68.9100,2.0950,2.1940,87.9900,92.1480,20.4660,20.0438,2.4381,0.1732,False,False,6.2060,14.5273
2024-10-31,69.5800,2.0930,2.2130,87.9060,92.9460,20.0060,20.0190,2.4224,-0.0054,False,False,5.8660,14.1862
2024-11-01,69.8100,2.0670,2.2320,86.8140,93.7440,19.3140,19.9836,2.3988,-0.2791,False,False,5.4550,13.7265
2024-11-04,71.8300,2.1240,2.2890,89.2080,96.1380,19.6880,19.9315,2.3616,-0.1031,False,False,5.4861,13.9651
2024-11-05,72.2600,2.1620,2.2930,90.8040,96.3060,20.3780,19.8862,2.3265,0.2114,False,False,5.8418,14.4280
2024-11-06,71.9800,2.1540,2.2570,90.4680,94.7940,19.9300,19.8570,2.3035,0.0317,False,False,5.5408,14.0153
2024-11-07,72.6900,2.1630,2.2670,90.8460,95.2140,19.6120,19.8155,2.2679,-0.0897,False,False,5.2609,13.7419
2024-11-08,70.6900,2.1310,2.2280,89.5020,93.5760,20.1700,19.7596,2.2094,0.1858,False,False,5.8238,14.2326
2024-11-11,70.6900,2.1310,2.2280,89.5020,93.5760,20.1700,19.7186,2.1668,0.2083,False,False,5.8238,14.2326
2024-11-12,68.4300,2.0760,2.1940,87.1920,92.1480,20.4140,19.6741,2.1154,0.3497,False,False,6.2492,14.5426
2024-11-13,68.7600,2.0700,2.2010,86.9400,92.4420,20.0140,19.6414,2.0807,0.1791,False,False,5.9727,14.2418
2024-11-14,68.9900,2.0930,2.1970,87.9060,92.2740,20.3720,19.6074,2.0491,0.3731,False,False,6.1435,14.4609
2024-11-15,67.3300,2.0540,2.1580,86.2680,90.6360,20.3940,19.5896,2.0354,0.3952,False,False,6.3320,14.5283
2024-11-18,69.4600,2.1200,2.2420,89.0400,94.1640,21.2880,19.5731,2.0227,0.8478,False,False,6.7147,15.2199
2024-11-19,69.7500,2.1420,2.2230,89.9640,93.3660,21.3480,19.5710,2.0208,0.8794,False,False,6.6659,15.1673
2024-11-20,69.2500,2.1510,2.2170,90.3420,93.1140,22.0160,19.5726,2.0221,1.2083,False,False,7.1315,15.6831
2024-11-21,70.3900,2.1540,2.2480,90.4680,94.4160,21.3940,19.5794,2.0293,0.8942,False,False,6.6467,15.2141
2024-11-22,71.6800,2.1600,2.2560,90.7200,94.7520,20.3840,19.5929,2.0373,0.3883,False,False,5.8576,14.3718
2024-11-25,69.4100,2.1060,2.2250,88.4520,93.4500,20.7080,19.5951,2.0380,0.5461,False,False,6.3388,14.7507
2024-11-26,69.0500,2.0930,2.2190,87.9060,93.1980,20.6200,19.5955,2.0383,0.5027,False,False,6.3291,14.7067
2024-11-27,69.0300,2.0770,2.1800,87.2340,91.5600,19.6460,19.5871,2.0325,0.0290,False,False,5.6659,13.8766
2024-11-29,68.2600,2.0350,2.1650,85.4700,90.9300,19.0300,19.5507,2.0015,-0.2602,False,False,5.3842,13.4674
2024-12-02,68.3500,2.0680,2.1510,86.8560,90.3420,19.6680,19.5035,1.9627,0.0838,False,False,5.7237,13.8698
2024-12-03,70.1500,2.1110,2.1840,88.6620,91.7280,19.5340,19.4597,1.9140,0.0388,False,False,5.4335,13.6862
2024-12-04,68.8100,2.0800,2.1540,87.3600,90.4680,19.5860,19.4154,1.8650,0.0915,False,False,5.6094,13.7703
2024-12-05,68.5800,2.0790,2.1430,87.3180,90.0060,19.6340,19.3761,1.8232,0.1415,False,False,5.6508,13.7932
2024-12-06,68.5800,1.9880,2.1090,83.4960,88.5780,16.6100,19.3369,1.7788,-1.5330,False,False,3.7650,11.5016
2024-12-09,68.6500,2.0300,2.1600,85.2600,90.7200,18.4300,19.2608,1.7471,-0.4755,False,False,4.9532,12.9757
2024-12-10,68.8500,2.0230,2.1610,84.9660,90.7620,18.0480,19.2105,1.7045,-0.6820,False,False,4.6952,12.6820
2024-12-11,70.5700,2.0610,2.2070,86.5620,92.6940,18.0360,19.1637,1.6779,-0.6721,False,False,4.5179,12.6387
2024-12-12,70.2500,2.0640,2.2170,86.6880,93.1140,18.5800,19.0970,1.6001,-0.3231,False,False,4.9150,13.0992
2024-12-13,71.5400,2.0700,2.2480,86.9400,94.4160,17.8920,19.0523,1.5572,-0.7451,False,False,4.3673,12.5661
2024-12-16,71.0300,2.0470,2.2390,85.9740,94.0380,17.6320,19.0007,1.5173,-0.9021,False,False,4.2715,12.4048
2024-12-17,70.3100,2.0190,2.2090,84.7980,92.7780,17.1480,18.9456,1.4755,-1.2183,False,False,4.0297,12.0347
2024-12-18,70.8000,2.0030,2.2220,84.1260,93.3240,16.3920,18.8956,1.4591,-1.7158,False,False,3.5274,11.4802
2024-12-19,70.1000,1.9860,2.2060,83.4120,92.6520,16.3920,18.8495,1.4719,-1.6696,False,False,3.6023,11.5034
2024-12-20,69.7100,2.0140,2.2160,84.5880,93.0720,17.7060,18.8073,1.4872,-0.7405,False,False,4.4721,12.5260
2024-12-23,69.5000,2.0210,2.2150,84.8820,93.0300,18.0980,18.7833,1.4874,-0.4607,False,False,4.7378,12.8280
2024-12-24,70.8700,2.0380,2.2040,85.5960,92.5680,17.0500,18.7672,1.4869,-1.1549,False,False,3.8735,11.8857
2024-12-26,70.3800,2.0160,2.1840,84.6720,91.7280,16.6440,18.7410,1.4961,-1.4016,False,False,3.6639,11.5801
2024-12-27,71.2800,2.0200,2.2170,84.8400,93.1140,16.3180,18.7103,1.5104,-1.5839,False,False,3.3981,11.3573
2024-12-30,71.7300,2.0480,2.2840,86.0160,95.9280,17.5900,18.6735,1.5278,-0.7092,False,False,4.2322,12.4487
2024-12-31,72.4400,2.0700,2.3140,86.9400,97.1880,17.9160,18.6451,1.5239,-0.4784,False,False,4.3808,12.7062
2025-01-02,73.7900,2.1220,2.3520,89.1240,98.7840,18.5540,18.6144,1.5104,-0.0400,False,False,4.6341,13.1447
2025-01-03,74.6400,2.1250,2.3520,89.2500,98.7840,17.7880,18.5927,1.4971,-0.5375,False,False,4.0428,12.4997
2025-01-06,74.3100,2.1010,2.3580,88.2420,99.0360,17.5300,18.5866,1.4992,-0.7048,False,False,3.9518,12.3704
2025-01-07,74.9900,2.0970,2.3630,88.0740,99.2460,16.8080,18.5780,1.5030,-1.1776,False,False,3.4236,11.7925
2025-01-08,73.9900,2.0820,2.3560,87.4440,98.9520,17.2900,18.5680,1.5118,-0.8453,False,False,3.8531,12.2261
2025-01-10,77.2700,2.1540,2.5010,90.4680,105.0420,18.0560,18.5583,1.5171,-0.3311,False,False,4.1089,12.9040
2025-01-13,79.5700,2.1820,2.5270,91.6440,106.1340,16.9040,18.5525,1.5180,-1.0859,False,False,3.1157,11.9089
2025-01-14,78.2000,2.2040,2.5350,92.5680,106.4700,19.0020,18.5794,1.4663,0.2882,False,False,4.6037,13.5970
2025-01-15,80.7300,2.2620,2.6240,95.0040,110.2080,19.3420,18.5994,1.4595,0.5088,False,False,4.6024,13.8626
2025-01-16,79.3500,2.2070,2.6150,92.6940,109.8300,19.0560,18.6278,1.4489,0.2956,False,False,4.6258,13.7782
2025-01-17,78.5600,2.2050,2.6290,92.6100,110.4180,19.9860,18.6526,1.4368,0.9280,False,False,5.3357,14.5818
2025-01-21,76.7900,2.1820,2.5680,91.6440,107.8560,20.2580,18.6860,1.4325,1.0974,False,False,5.6451,14.7673
2025-01-22,76.1200,2.1510,2.4960,90.3420,104.8320,19.0520,18.7151,1.4375,0.2343,False,False,4.8742,13.7308
2025-01-23,75.0300,2.1500,2.4900,90.3000,104.5800,20.0300,18.7391,1.4249,0.9060,False,False,5.6174,14.5347
2025-01-24,74.9700,2.1450,2.5290,90.0900,106.2180,20.4960,18.7753,1.4158,1.2154,False,False,5.9881,15.0079
2025-01-27,73.5100,2.1220,2.4840,89.1240,104.3280,20.6820,18.8171,1.4105,1.3222,False,False,6.2315,15.1512
2025-01-28,74.1500,2.1480,2.4700,90.2160,103.7400,20.5740,18.8661,1.3978,1.2219,False,False,6.0382,14.9560
2025-01-29,72.9400,2.1350,2.4780,89.6700,104.0760,21.5320,18.9121,1.3850,1.8916,False,False,6.8173,15.8057
2025-01-30,73.1000,2.1420,2.5080,89.9640,105.3360,21.9880,18.9753,1.3732,2.1939,True,True,7.1291,16.2172
2025-01-31,72.8400,2.1220,2.4540,89.1240,103.0680,20.9320,19.0298,1.3943,1.3643,False,False,6.4224,15.3041
2025-02-03,73.5200,2.1940,2.4560,92.1480,103.1520,22.2960,19.0756,1.3883,2.3197,True,True,7.1396,16.2181
2025-02-04,73.0400,2.1740,2.5010,91.3080,105.0420,22.8460,19.1388,1.4038,2.6408,True,False,7.6385,16.8181
2025-02-05,71.3900,2.1260,2.4410,89.2920,102.5220,22.3120,19.2057,1.4351,2.1645,True,False,7.4479,16.4135
2025-02-06,70.9700,2.1480,2.4590,90.2160,103.2780,23.6000,19.2560,1.4634,2.9683,True,False,8.3235,17.4475
2025-02-07,71.3200,2.1810,2.4960,91.6020,104.8320,24.6920,19.3187,1.5260,3.5211,True,False,9.0022,18.3196
2025-02-10,72.7300,2.1810,2.5050,91.6020,105.2100,23.4080,19.3953,1.6180,2.4800,True,False,8.0322,17.2703
2025-02-11,73.6700,2.2190,2.5680,93.1980,107.8560,24.4140,19.4544,1.6657,2.9775,True,False,8.6223,18.1029
2025-02-12,71.7200,2.1570,2.4970,90.5940,104.8740,23.6340,19.5245,1.7385,2.3638,True,False,8.3075,17.5172
2025-02-13,71.6600,2.1860,2.7000,91.8120,113.4000,27.3480,19.5818,1.7874,4.3450,True,False,10.9715,20.8800
2025-02-14,71.0500,2.1610,2.4910,90.7620,104.6220,24.3320,19.6738,1.9630,2.3729,True,False,8.8175,18.0733
2025-02-18,72.2100,2.1660,2.4770,90.9720,104.0340,23.1160,19.7381,2.0190,1.6731,False,False,7.8787,17.0231
2025-02-19,72.5800,2.1640,2.4820,90.8880,104.2440,22.7600,19.7893,2.0454,1.4524,False,False,7.6183,16.7429
2025-02-20,72.8800,2.1580,2.5110,90.6360,105.4620,22.6980,19.8329,2.0663,1.3866,False,False,7.5955,16.7627
2025-02-21,70.7200,2.1020,2.4420,88.2840,102.5640,22.3240,19.8784,2.0838,1.1737,False,False,7.5610,16.4992
2025-02-24,71.0600,2.1000,2.4570,88.2000,103.1940,22.1380,19.9157,2.0971,1.0597,False,False,7.4282,16.3783
2025-02-25,69.1500,1.9270,2.3880,80.9340,100.2960,18.2380,19.9433,2.1098,-0.8083,False,False,5.2394,13.5485
2025-02-26,68.8700,1.9040,2.3440,79.9680,98.4480,17.2580,19.9276,2.1172,-1.2610,False,False,4.6023,12.7259
2025-02-27,70.6200,1.9490,2.3850,81.8580,100.1700,17.3420,19.9044,2.1348,-1.2003,False,False,4.4676,12.7316
2025-02-28,69.9700,1.9250,2.3520,80.8500,98.7840,16.8580,19.8827,2.1508,-1.4063,False,False,4.2087,12.3438
2025-03-03,68.6300,1.9950,2.2310,83.7900,93.7020,18.4640,19.8539,2.1736,-0.6395,False,False,5.1259,13.2409
2025-03-04,68.4700,1.9710,2.3020,82.7820,96.6840,18.9460,19.8457,2.1774,-0.4132,False,False,5.5890,13.8441
2025-03-05,66.5800,1.9290,2.2840,81.0180,95.9280,19.4080,19.8510,2.1746,-0.2037,False,False,6.1213,14.3242
2025-03-06,66.6200,1.8910,2.2590,79.4220,94.8780,17.9540,19.8552,2.1734,-0.8748,False,False,5.1902,13.1889
2025-03-07,67.2900,1.9370,2.2390,81.3540,94.0380,18.2920,19.8347,2.1825,-0.7069,False,False,5.2471,13.2914
2025-03-10,66.3100,1.9190,2.1910,80.5980,92.0220,18.0960,19.8136,2.1881,-0.7850,False,False,5.1806,13.0968
2025-03-11,66.5200,1.9410,2.2200,81.5220,93.2400,18.9080,19.7894,2.1950,-0.4016,False,False,5.6962,13.7558
2025-03-12,67.6500,1.9600,2.2150,82.3200,93.0300,18.2400,19.7714,2.1954,-0.6975,False,False,5.1097,13.1337
2025-03-13,66.8200,1.9380,2.1640,81.3960,90.8880,17.7400,19.7561,2.2012,-0.9159,False,False,4.8313,12.6936
2025-03-14,67.4300,1.9640,2.1720,82.4880,91.2240,17.9700,19.7258,2.2100,-0.7945,False,False,4.8915,12.8190
2025-03-17,67.8400,1.9950,2.2100,83.7900,92.8200,18.9600,19.7032,2.2174,-0.3352,False,False,5.5018,13.6144
2025-03-18,67.4900,1.9810,2.2050,83.2020,92.6100,18.8480,19.6992,2.2184,-0.3837,False,False,5.4784,13.5555
2025-03-19,67.4000,1.9840,2.2410,83.3280,94.1220,19.5260,19.6899,2.2202,-0.0738,False,False,5.9747,14.1745
2025-03-20,68.5500,2.0080,2.2590,84.3360,94.8780,19.3000,19.6804,2.2191,-0.1714,False,False,5.6987,13.9457
2025-03-21,68.5200,2.0080,2.2570,84.3360,94.7940,19.3020,19.6734,2.2193,-0.1674,False,False,5.7003,13.9438
2025-03-24,69.4600,2.0230,2.2660,84.9660,95.1720,18.9080,19.6700,2.2196,-0.3433,False,False,5.3371,13.5869
2025-03-25,69.4800,2.0270,2.2960,85.1340,96.4320,19.4200,19.6560,2.2204,-0.1063,False,False,5.7042,14.0542
2025-03-26,70.0500,2.0500,2.2990,86.1000,96.5580,19.5360,19.6476,2.2199,-0.0503,False,False,5.6917,14.0851
2025-03-27,70.3000,2.0570,2.2860,86.3940,96.0120,19.3000,19.6379,2.2184,-0.1523,False,False,5.4841,13.8440
2025-03-28,69.7400,2.0430,2.2680,85.8060,95.2560,19.2160,19.6300,2.2183,-0.1866,False,False,5.4827,13.7846
2025-03-31,71.8700,2.1010,2.3100,88.2420,97.0200,19.2980,19.6171,2.2173,-0.1439,False,False,5.2899,13.7505
2025-04-01,71.6100,2.1190,2.2980,88.9980,96.5160,19.8940,19.6049,2.2160,0.1304,False,False,5.6626,14.1679
2025-04-02,72.1200,2.1350,2.3100,89.6700,97.0200,20.0000,19.5894,2.2091,0.1858,False,False,5.6724,14.2284
2025-04-03,67.4300,1.9700,2.1860,82.7400,91.8120,18.3340,19.5745,2.2017,-0.5634,False,False,5.1393,13.1281
2025-04-04,62.4200,1.8860,2.1020,79.2120,88.2840,19.8160,19.5336,2.1901,0.1290,False,False,6.6287,14.4640
2025-04-07,61.0500,1.8430,2.0820,77.4060,87.4440,19.7020,19.5160,2.1814,0.0853,False,False,6.7306,14.4655
2025-04-08,60.0400,1.7820,2.0280,74.8440,85.1760,18.2480,19.5084,2.1796,-0.5783,False,False,5.9014,13.3482
2025-04-09,62.6300,1.8550,2.1220,77.9100,89.1240,19.0180,19.4811,2.1798,-0.2125,False,False,6.1593,13.9336
2025-04-10,60.5700,1.7820,2.0590,74.8440,86.4780,18.1520,19.4633,2.1770,-0.6024,False,False,5.8267,13.3250
2025-04-11,61.9100,1.8210,2.0740,76.4820,87.1080,18.1140,19.4467,2.1812,-0.6110,False,False,5.6277,13.2006
2025-04-14,61.9900,1.8380,2.0970,77.1960,88.0740,18.8320,19.4365,2.1853,-0.2766,False,False,6.0945,13.7861
2025-04-15,61.7400,1.8490,2.0920,77.6580,87.8640,19.3200,19.4272,2.1860,-0.0491,False,False,6.4155,14.1481
2025-04-16,62.8800,1.8630,2.1270,78.2460,89.3340,19.0620,19.4249,2.1860,-0.1660,False,False,6.1575,13.9546
2025-04-17,65.0700,1.9080,2.1530,80.1360,90.4260,18.4960,19.4190,2.1863,-0.4222,False,False,5.5331,13.3935
2025-04-21,63.4800,1.8880,2.1220,79.2960,89.1240,19.0920,19.4064,2.1883,-0.1437,False,False,6.0720,13.8934
2025-04-22,64.6000,1.9530,2.1480,82.0260,90.2160,20.1560,19.4340,2.1684,0.3330,False,False,6.5914,14.6236
2025-04-23,62.6400,1.9400,2.1270,81.4800,89.3340,21.4580,19.4532,2.1671,0.9251,False,False,7.6323,15.7061
2025-04-24,63.5500,1.9420,2.1440,81.5640,90.0480,20.8420,19.4910,2.1720,0.6220,False,False,7.1573,15.2196
2025-04-25,63.8500,1.9600,2.1780,82.3200,91.4760,21.5220,19.5222,2.1710,0.9211,False,False,7.5902,15.7904
2025-04-28,63.3000,1.9460,2.1750,81.7320,91.3500,21.6380,19.5549,2.1787,0.9561,False,False,7.7388,15.9244
2025-04-29,61.8400,1.9010,2.1080,79.8420,88.5360,20.9000,19.5965,2.1823,0.5973,False,False,7.3816,15.3285
2025-04-30,59.5500,1.8730,2.0270,78.6660,85.1340,21.2720,19.6328,2.1765,0.7531,False,False,7.7896,15.5761
2025-05-01,60.5900,1.8740,2.0040,78.7080,84.1680,19.9380,19.6787,2.1671,0.1197,False,False,6.7797,14.4239
2025-05-02,59.6700,1.8500,2.0050,77.7000,84.2100,20.2000,19.7181,2.1391,0.2253,False,False,7.0816,14.7171
2025-05-05,58.5000,1.8680,1.9830,78.4560,83.2860,21.5660,19.7604,2.1103,0.8556,False,False,8.0364,15.7554
2025-05-06,60.4200,1.9440,2.0070,81.6480,84.2940,22.1100,19.8033,2.1074,1.0946,False,False,8.1156,16.0165
2025-05-07,59.4200,1.8950,1.9720,79.5900,82.8240,21.2480,19.8478,2.1132,0.6626,False,False,7.6799,15.3883
2025-05-08,61.2500,1.9710,2.0540,82.7820,86.2680,22.6940,19.8945,2.0972,1.3349,False,False,8.4360,16.5036
2025-05-09,62.3700,1.9850,2.0700,83.3700,86.9400,22.1900,19.9617,2.0889,1.0667,False,False,7.9937,16.0713
2025-05-12,63.3200,1.9980,2.1120,83.9160,88.7040,22.1920,20.0270,2.0657,1.0481,False,False,7.9358,16.1094
2025-05-13,65.0400,2.0190,2.1730,84.7980,91.2660,21.9140,20.0781,2.0617,0.8905,False,False,7.6305,15.9250
2025-05-14,64.4800,1.9880,2.1980,83.4960,92.3160,21.9560,20.1225,2.0577,0.8910,False,False,7.7950,16.1008
2025-05-15,63.0300,1.9660,2.1700,82.5720,91.1400,22.3980,20.1603,2.0598,1.0864,False,False,8.2261,16.4845
2025-05-16,63.8400,1.9900,2.1380,83.5800,89.7960,21.8120,20.2115,2.0574,0.7779,False,False,7.6818,15.8659
2025-05-19,63.9800,2.0090,2.1300,84.3780,89.4600,22.0920,20.2591,2.0444,0.8966,False,False,7.8113,16.0252
2025-05-20,63.9700,2.0280,2.1360,85.1760,89.7120,22.7180,20.3178,2.0201,1.1881,False,False,8.2011,16.4972
2025-05-21,62.9300,2.0630,2.1330,86.6460,89.5860,24.6960,20.3781,2.0098,2.1484,True,True,9.5428,18.0257
2025-05-22,62.5500,2.0410,2.1070,85.7220,88.4940,24.0960,20.4519,2.0448,1.7821,False,False,9.1870,17.5481
2025-05-23,62.8900,1.9920,2.1080,83.6640,88.5360,22.3980,20.5318,2.0451,0.9125,False,False,8.1176,16.2915
2025-05-27,61.6100,1.9650,2.0820,82.5300,87.4440,22.5580,20.5696,2.0479,0.9710,False,False,8.3575,16.4602
2025-05-28,62.5400,1.9600,2.0780,82.3200,87.2760,21.4320,20.6053,2.0542,0.4024,False,False,7.5293,15.5337
2025-05-29,61.6600,1.9380,2.0440,81.3960,85.8480,21.2200,20.6317,2.0494,0.2871,False,False,7.4671,15.3636
2025-05-30,61.4600,1.9120,2.0150,80.3040,84.6300,20.2860,20.6454,2.0491,-0.1754,False,False,6.8768,14.6157
2025-06-02,63.2700,1.9370,2.0610,81.3540,86.5620,19.8200,20.6457,2.0491,-0.4030,False,False,6.4132,14.2357
2025-06-03,64.1000,1.9570,2.0990,82.1940,88.1580,20.0820,20.6542,2.0440,-0.2800,False,False,6.5216,14.4607
2025-06-04,63.5700,1.9130,2.0680,80.3460,86.8560,18.9460,20.6548,2.0439,-0.8361,False,False,5.8570,13.5969
2025-06-05,64.0600,1.9110,2.0930,80.2620,87.9060,18.7500,20.6376,2.0516,-0.9200,False,False,5.7160,13.4859
2025-06-06,65.3000,1.9300,2.1290,81.0600,89.4180,18.5460,20.6161,2.0611,-1.0044,False,False,5.4770,13.3236
2025-06-09,65.9900,1.9470,2.1490,81.7740,90.2580,18.6120,20.5936,2.0725,-0.9561,False,False,5.4517,13.3624
2025-06-10,65.6600,1.9550,2.1400,82.1100,89.8800,19.0400,20.5612,2.0804,-0.7312,False,False,5.7407,13.6766
2025-06-11,68.9100,2.0210,2.2010,84.8820,92.4420,18.4920,20.5284,2.0809,-0.9786,False,False,5.0362,13.1295
2025-06-12,68.7300,2.1780,2.2230,91.4760,93.3660,23.3760,20.5013,2.0913,1.3746,False,False,8.0407,16.7397
2025-06-13,73.8400,2.2520,2.4020,94.5840,100.8840,22.8440,20.5133,2.1047,1.1074,False,False,7.3054,16.3960
2025-06-16,72.5300,2.2270,2.3980,93.5340,100.7160,23.3980,20.5133,2.1046,1.3707,False,False,7.8324,16.9255
2025-06-17,75.6200,2.3140,2.5140,97.1880,105.5880,24.3680,20.5253,2.1180,1.8143,False,False,8.1791,17.6738
2025-06-18,75.8900,2.3380,2.5580,98.1960,107.4360,25.3860,20.5339,2.1319,2.2760,True,True,8.8404,18.5249
2025-06-20,75.7200,2.3530,2.5560,98.8260,107.3520,25.9480,20.5416,2.1481,2.5169,True,False,9.1998,18.9415
2025-06-23,69.3600,2.2020,2.3400,92.4840,98.2800,25.0560,20.5698,2.2016,2.0377,True,False,9.1968,18.2731
2025-06-24,65.4500,2.1150,2.3170,88.8300,97.3140,26.2080,20.5769,2.2150,2.5422,True,False,10.4457,19.4554
2025-06-25,65.9800,2.1030,2.3180,88.3260,97.3560,25.3560,20.6055,2.2702,2.0925,True,False,9.8545,18.7870
2025-06-26,66.4400,2.1180,2.3890,88.9560,100.3380,26.3100,20.5834,2.2134,2.5872,True,False,10.5047,19.6618
2025-06-27,66.6600,2.0980,2.2970,88.1160,96.4740,24.2420,20.6054,2.2598,1.6092,False,False,9.0366,17.8396
2025-06-30,66.3000,2.1020,2.3670,88.2840,99.4140,25.6940,20.6179,2.2768,2.2295,True,True,10.1106,19.1598
2025-07-01,66.6400,2.1220,2.3420,89.1240,98.3640,25.5640,20.6505,2.3276,2.1109,True,False,9.9274,18.9448
2025-07-02,68.6600,2.1390,2.4280,89.8380,101.9760,25.2240,20.6823,2.3746,1.9126,False,False,9.5909,18.7668
2025-07-03,68.1300,2.1370,2.3820,89.7540,100.0440,25.0540,20.7146,2.4159,1.7962,False,False,9.4745,18.5481
2025-07-07,69.1600,2.1740,2.4300,91.3080,102.0600,25.7320,20.7470,2.4541,2.0313,True,True,9.8224,19.0842
2025-07-08,69.5500,2.2060,2.4560,92.6520,103.1520,26.6020,20.8302,2.4943,2.3140,True,False,10.3385,19.7551
2025-07-09,69.6100,2.2090,2.4230,92.7780,101.7660,26.1640,20.9340,2.5376,2.0610,True,False,9.9972,19.3223
2025-07-10,67.7800,2.1730,2.4050,91.2660,101.0100,26.7340,21.0321,2.5671,2.2211,True,False,10.5850,19.8735
2025-07-11,69.6300,2.2080,2.4740,92.7360,103.9080,26.8300,21.1418,2.5973,2.1901,True,False,10.5008,19.9709
2025-07-14,68.1900,2.1820,2.3960,91.6440,100.6320,26.4500,21.2348,2.6490,1.9688,False,False,10.3321,19.5937
2025-07-15,67.7600,2.1900,2.4150,91.9800,101.4300,27.3700,21.3181,2.6933,2.2470,True,True,10.9907,20.3672
2025-07-16,67.1300,2.1710,2.4070,91.1820,101.0940,27.3560,21.4066,2.7591,2.1563,True,False,11.0632,20.3995
2025-07-17,68.7600,2.1800,2.5190,91.5600,105.7980,27.5460,21.5111,2.8040,2.1522,True,False,11.1597,20.7334
2025-07-18,68.5300,2.1570,2.5040,90.5940,105.1680,26.9220,21.6139,2.8533,1.8603,False,False,10.7895,20.2590
2025-07-21,68.3900,2.1310,2.5440,89.5020,106.8480,26.8940,21.7120,2.8823,1.7979,False,False,10.8783,20.3886
2025-07-22,67.5600,2.1160,2.5030,88.8720,105.1260,26.7300,21.8007,2.9173,1.6897,False,False,10.8225,20.2241
2025-07-23,66.0500,2.1260,2.5000,89.2920,105.0000,28.4780,21.8950,2.9378,2.2408,True,True,12.0990,21.6387
2025-07-24,67.1600,2.1120,2.4590,88.7040,103.2780,26.4020,22.0143,2.9843,1.4702,False,False,10.5953,19.8841
2025-07-25,66.3800,2.0970,2.4480,88.0740,102.8160,26.6080,22.1080,2.9882,1.5059,False,False,10.8167,20.0812
2025-07-28,67.8100,2.1570,2.4840,90.5940,104.3280,27.3620,22.1930,3.0062,1.7194,False,False,11.1231,20.5878
2025-07-29,70.2700,2.2310,2.5220,93.7020,105.9240,27.5060,22.2876,3.0333,1.7204,False,False,10.9079,20.5485
2025-07-30,71.0900,2.2960,2.4770,96.4320,104.0340,27.8760,22.3763,3.0677,1.7928,False,False,10.9083,20.5735
2025-07-31,70.3600,2.2360,2.4500,93.9120,102.9000,26.5480,22.4716,3.1037,1.3134,False,False,10.1680,19.6070
2025-08-01,68.3900,2.1180,2.3390,88.9560,98.2380,23.6600,22.5521,3.1144,0.3557,False,False,8.5074,17.3713
2025-08-04,67.3300,2.1070,2.3570,88.4940,98.9940,24.6640,22.6049,3.0923,0.6659,False,False,9.3120,18.2713
2025-08-05,66.2000,2.0970,2.3000,88.0740,96.6000,24.7160,22.6631,3.0812,0.6663,False,False,9.3986,18.2415
2025-08-06,65.3800,2.0900,2.3040,87.7800,96.7680,25.3960,22.7207,3.0706,0.8713,False,False,9.9421,18.8348
2025-08-07,64.9000,2.0790,2.3110,87.3180,97.0620,25.6660,22.7884,3.0616,0.9399,False,False,10.1932,19.1055
2025-08-08,64.9400,2.0820,2.3210,87.4440,97.4820,25.8500,22.8601,3.0526,0.9795,False,False,10.3184,19.2672
2025-08-11,65.0300,2.0860,2.3400,87.6120,98.2800,26.1380,22.9329,3.0449,1.0526,False,False,10.5172,19.5285
2025-08-12,64.2200,2.0790,2.2900,87.3180,96.1800,26.0520,23.0023,3.0460,1.0012,False,False,10.4861,19.3876
2025-08-13,63.6800,2.0820,2.2920,87.4440,96.2640,26.7040,23.0695,3.0458,1.1933,False,False,10.9652,19.9232
2025-08-14,64.9900,2.1170,2.2910,88.9140,96.2220,26.3600,23.1625,3.0275,1.0561,False,False,10.5537,19.5281
2025-08-15,63.7800,2.0880,2.2800,87.6960,95.7600,26.6040,23.2352,3.0248,1.1137,False,False,10.8645,19.7999
2025-08-18,64.5100,2.1060,2.2970,88.4520,96.4740,26.6160,23.3119,3.0218,1.0934,False,False,10.7943,19.7853
2025-08-19,63.3800,2.1000,2.3070,88.2000,96.8940,27.7180,23.4049,2.9931,1.4410,False,False,11.6516,20.7367
2025-08-20,64.1900,2.1370,2.3290,89.7540,97.8180,28.2520,23.5016,2.9904,1.5886,False,False,11.8927,21.1060
2025-08-21,64.5600,2.1690,2.3750,91.0980,99.7500,29.4220,23.6138,2.9770,1.9510,False,False,12.6339,22.0622
2025-08-22,64.0800,2.1680,2.3610,91.0560,99.1620,29.6780,23.7394,2.9809,1.9922,False,False,12.8325,22.2523
2025-08-25,65.1800,2.1580,2.4000,90.6360,100.8000,28.8440,23.8599,2.9992,1.6618,False,False,12.2435,21.6619
2025-08-26,63.6000,2.1430,2.3300,90.0060,97.8600,29.0240,23.9658,3.0052,1.6832,False,False,12.4494,21.7301
2025-08-27,64.4900,2.1500,2.3330,90.3000,97.9860,28.3720,24.0764,3.0060,1.4290,False,False,11.9266,21.1728
2025-08-28,64.9600,2.2360,2.3470,93.9120,98.5740,30.5060,24.1862,2.9804,2.1204,True,True,13.1635,22.7046
2025-08-29,64.3600,2.2550,2.3220,94.7100,97.5240,31.2880,24.3130,3.0037,2.3221,True,False,13.6732,23.2497
2025-09-02,65.9500,2.0480,2.4200,86.0160,101.6400,25.2740,24.4367,3.0587,0.2737,False,False,10.0242,19.0740
2025-09-03,64.3600,2.0140,2.4070,84.5880,101.0940,25.7300,24.4791,3.0435,0.4110,False,False,10.5169,19.5335
2025-09-04,63.8100,2.0110,2.3750,84.4620,99.7500,25.7480,24.5334,3.0217,0.4020,False,False,10.5457,19.4995
2025-09-05,62.2200,1.9770,2.3410,83.0340,98.3220,25.9100,24.5804,3.0073,0.4421,False,False,10.8180,19.6768
2025-09-08,62.6000,1.9700,2.3700,82.7400,99.5400,25.7400,24.6278,2.9942,0.3714,False,False,10.7180,19.6100
2025-09-09,62.9700,1.9990,2.3710,83.9580,99.5820,26.1960,24.6816,2.9701,0.5099,False,False,10.9363,19.9010
2025-09-10,64.0100,2.0160,2.3850,84.6720,100.1700,25.8280,24.7363,2.9521,0.3698,False,False,10.5837,19.5687
2025-09-11,62.7100,1.9780,2.3270,83.0760,97.7340,25.2520,24.8018,2.9100,0.1547,False,False,10.3178,19.1021
2025-09-12,63.0200,1.9960,2.3430,83.8320,98.4060,25.6700,24.8579,2.8691,0.2831,False,False,10.5542,19.4227
2025-09-15,63.6600,2.0210,2.3830,84.8820,100.0860,26.2900,24.9035,2.8490,0.4867,False,False,10.9110,19.9331
2025-09-16,64.8900,2.0500,2.4460,86.1000,102.7320,26.7540,24.9499,2.8371,0.6359,False,False,11.1311,20.3435
2025-09-17,64.4100,2.0330,2.4010,85.3860,100.8420,26.1280,25.0111,2.8159,0.3966,False,False,10.7353,19.7944
2025-09-18,63.9100,2.0240,2.3930,85.0080,100.5060,26.2640,25.0493,2.8075,0.4327,False,False,10.8777,19.9205
2025-09-19,63.0200,1.9770,2.3520,83.0340,98.7840,25.2640,25.0945,2.7938,0.0607,False,False,10.3295,19.1606
2025-09-22,62.9900,1.9880,2.3470,83.4960,98.5740,25.5320,25.1287,2.7769,0.1452,False,False,10.4844,19.3401
2025-09-23,63.7600,2.0120,2.3880,84.5040,100.2960,26.0080,25.1689,2.7562,0.3045,False,False,10.7368,19.7358
2025-09-24,65.4000,2.0220,2.4240,84.9240,101.8080,25.1520,25.2139,2.7363,-0.0226,False,False,10.0446,19.0601
2025-09-25,65.5100,2.0130,2.4780,84.5460,104.0760,25.5460,25.2445,2.7200,0.1108,False,False,10.3773,19.5131
2025-09-26,66.5000,2.0380,2.4750,85.5960,103.9500,25.2140,25.2860,2.6957,-0.0267,False,False,10.0184,19.1551
2025-09-29,64.2700,1.9930,2.3920,83.7060,100.4640,25.0220,25.3207,2.6744,-0.1117,False,False,10.0746,18.9833
2025-09-30,63.1700,1.9850,2.3790,83.3700,99.9180,25.7160,25.3463,2.6604,0.1390,False,False,10.6342,19.5603
2025-10-01,62.5900,1.8970,2.3510,79.6740,98.7420,23.4400,25.3576,2.6597,-0.7210,False,False,9.2997,17.8913
2025-10-02,61.2800,1.8620,2.2980,78.2040,96.5160,23.0280,25.3503,2.6641,-0.8717,False,False,9.1442,17.5606
2025-10-03,61.6500,1.8680,2.2890,78.4560,96.1380,22.7000,25.3573,2.6571,-1.0001,False,False,8.8712,17.2535
2025-10-06,62.4900,1.9100,2.3030,80.2200,96.7260,23.2320,25.3589,2.6555,-0.8009,False,False,9.0895,17.5912
2025-10-07,62.5200,1.9120,2.3270,80.3040,97.7340,23.5940,25.3789,2.6325,-0.6780,False,False,9.3525,17.9292
2025-10-08,63.3700,1.9130,2.3380,80.3460,98.1960,22.9260,25.4053,2.6025,-0.9527,False,False,8.8430,17.3917
2025-10-09,62.3600,1.8840,2.3250,79.1280,97.6500,22.9420,25.4346,2.5591,-0.9740,False,False,8.9819,17.4706
2025-10-10,59.7500,1.8270,2.2510,76.7340,94.5420,22.9200,25.4693,2.5033,-1.0184,False,False,9.2178,17.4933
2025-10-14,59.5200,1.8360,2.2500,77.1120,94.5000,23.3880,25.5008,2.4526,-0.8615,False,False,9.5322,17.8522
2025-10-15,59.0800,1.8540,2.2400,77.8680,94.0800,24.1920,25.5502,2.3633,-0.5747,False,False,10.0618,18.4458
2025-10-16,58.2900,1.8260,2.2060,76.6920,92.6520,23.7220,25.6106,2.2557,-0.8373,False,False,9.8309,18.0801
2025-10-17,58.3000,1.8410,2.2290,77.3220,93.6180,24.4540,25.6682,2.1377,-0.5680,False,False,10.3168,18.6833
2025-10-20,58.3400,1.8370,2.2380,77.1540,93.9960,24.4280,25.7331,2.0072,-0.6502,False,False,10.3139,18.6904
2025-10-21,58.6600,1.8400,2.2620,77.2800,95.0040,24.5280,25.7929,1.8832,-0.6717,False,False,10.3747,18.8079
2025-10-22,59.3000,1.8880,2.3310,79.2960,97.9020,26.1980,25.8600,1.7226,0.1962,False,False,11.4224,20.1717
2025-10-23,62.4400,1.9310,2.4380,81.1020,102.3960,25.7600,25.8914,1.7027,-0.0771,False,False,10.8976,19.8705
2025-10-24,62.2700,1.9250,2.4470,80.8500,102.7740,25.8880,25.9238,1.6719,-0.0214,False,False,11.0196,20.0116
2025-10-27,62.1300,1.9360,2.4930,81.3120,104.7060,26.9800,25.9514,1.6503,0.6233,False,False,11.7931,20.9678
2025-10-28,60.9700,1.9260,2.4180,80.8920,101.5560,26.8100,25.9804,1.6452,0.5042,False,False,11.7134,20.7210
2025-10-29,61.2600,1.9800,2.4710,83.1600,103.7820,28.7740,25.9963,1.6462,1.6873,False,False,12.9582,22.2812
2025-10-30,61.3600,1.9980,2.4750,83.9160,103.9500,29.2340,26.0277,1.6717,1.9180,False,False,13.2271,22.6149
2025-10-31,61.7500,1.9040,2.4470,79.9680,102.7740,25.8200,26.0741,1.7019,-0.1493,False,False,11.0594,20.0198
2025-11-03,61.7900,1.9230,2.4560,80.7660,103.1520,26.4380,26.0698,1.7020,0.2163,False,False,11.4430,20.4906
2025-11-04,61.3800,1.9250,2.4880,80.8500,104.4960,27.3520,26.0818,1.7007,0.7468,False,False,12.1221,21.3013
2025-11-05,60.4000,1.9190,2.4800,80.5980,104.1600,28.0520,26.0934,1.7058,1.1482,False,False,12.6772,21.8862
2025-11-06,60.2400,1.9680,2.5510,82.6560,107.1420,30.5780,26.1357,1.7066,2.6030,True,True,14.3667,23.9611
2025-11-07,60.5400,1.9520,2.5330,81.9840,106.3860,29.5780,26.1900,1.7682,1.9161,False,False,13.6824,23.1476
2025-11-10,60.9400,1.9730,2.5500,82.8660,107.1000,30.0040,26.2346,1.8022,2.0916,True,True,13.9117,23.4675
2025-11-12,59.3000,1.9630,2.5290,82.4460,106.2180,31.0700,26.2877,1.8416,2.5968,True,False,14.7614,24.3448
2025-11-13,59.5400,1.9660,2.5210,82.5720,105.8820,30.8020,26.3545,1.9038,2.3362,True,False,14.5466,24.0986
2025-11-14,60.8700,2.0170,2.5860,84.7140,108.6120,31.8100,26.4109,1.9587,2.7565,True,False,15.0818,24.8965
2025-11-17,60.6600,1.9910,2.5910,83.6220,108.8220,31.3620,26.4687,2.0388,2.4001,True,False,14.8560,24.6138
2025-11-18,61.5100,2.0040,2.7430,84.1680,115.2060,33.0040,26.5265,2.1020,3.0816,True,False,16.0286,26.2133
2025-11-19,60.2700,1.9430,2.7020,81.6060,113.4840,31.9620,26.5962,2.2089,2.4292,True,False,15.5095,25.4617
2025-11-20,60.0700,1.9220,2.5750,80.7240,108.1500,29.7960,26.6532,2.2793,1.3788,False,False,13.9743,23.4974
2025-11-21,58.8600,1.8850,2.4910,79.1700,104.6220,28.7940,26.6904,2.3029,0.9135,False,False,13.3842,22.6268
2025-11-24,59.1100,1.9080,2.4680,80.1360,103.6560,28.8660,26.7062,2.3124,0.9340,False,False,13.3404,22.5739
2025-11-25,58.2500,1.8620,2.4060,78.2040,101.0520,27.5700,26.7230,2.3225,0.3647,False,False,12.5658,21.5271
2025-11-26,58.8100,1.9020,2.3760,79.8840,99.7920,27.7100,26.7232,2.3226,0.4249,False,False,12.5001,21.4655
2025-11-28,58.5800,1.8790,2.3750,78.9180,99.7500,27.2820,26.7320,2.3248,0.2366,False,False,12.2768,21.1792
2025-12-01,59.4700,1.8780,2.3940,78.8760,100.5480,26.6300,26.7363,2.3254,-0.0457,False,False,11.7875,20.6757
2025-12-02,58.8100,1.8370,2.3560,77.1540,98.9520,25.6100,26.7352,2.3255,-0.4838,False,False,11.1980,19.8863
2025-12-03,59.0900,1.8370,2.3500,77.1540,98.7000,25.2460,26.7033,2.3210,-0.6279,False,False,10.9236,19.5732
2025-12-04,59.8200,1.8400,2.3700,77.2800,99.5400,24.8800,26.6905,2.3258,-0.7784,False,False,10.6329,19.2966
2025-12-05,60.2300,1.8440,2.4180,77.4480,101.5560,25.2540,26.6713,2.3336,-0.6073,False,False,10.8946,19.6821
2025-12-08,59.0400,1.8040,2.3480,75.7680,98.6160,24.3440,26.6478,2.3371,-0.9858,False,False,10.3860,18.9226
2025-12-09,58.4000,1.8030,2.3160,75.7260,97.2720,24.5080,26.6127,2.3477,-0.8965,False,False,10.5164,19.0035
2025-12-10,58.6700,1.8000,2.3330,75.6000,97.9860,24.3920,26.5753,2.3541,-0.9275,False,False,10.4407,18.9474
2025-12-11,57.7600,1.7740,2.2920,74.5080,96.2640,24.0000,26.5513,2.3652,-1.0787,False,False,10.2604,18.6275
2025-12-12,57.6100,1.7610,2.2520,73.9620,94.5840,23.2260,26.5551,2.3608,-1.4102,False,False,9.7352,17.9523
2025-12-15,56.9700,1.7340,2.2290,72.8280,93.6180,22.7880,26.5391,2.3784,-1.5772,False,False,9.5234,17.6301
2025-12-16,55.4400,1.6890,2.1790,70.9380,91.5180,22.3580,26.5177,2.4032,-1.7309,False,False,9.3975,17.3208
2025-12-17,56.0700,1.7200,2.2250,72.2400,93.4500,23.2400,26.4840,2.4398,-1.3296,False,False,9.9256,18.0411
2025-12-18,56.2200,1.7060,2.1830,71.6520,91.6860,22.1100,26.4570,2.4620,-1.7656,False,False,9.1362,17.0699
2025-12-19,56.8000,1.7200,2.1760,72.2400,91.3920,21.8240,26.4154,2.5031,-1.8343,False,False,8.8600,16.7766
2025-12-22,58.1800,1.7500,2.2060,73.5000,92.6520,21.7040,26.3675,2.5489,-1.8297,False,False,8.6371,16.6392
2025-12-23,58.5500,1.7560,2.2450,73.7520,94.2900,22.0480,26.3192,2.5952,-1.6458,False,False,8.8680,16.9773
2025-12-24,58.7200,1.7580,2.2120,73.8360,92.9040,21.4720,26.2675,2.6331,-1.8212,False,False,8.4268,16.4330
2025-12-26,56.6000,1.7430,2.1420,73.2060,89.9640,22.1920,26.2132,2.6806,-1.5001,False,False,9.0404,16.9494
2025-12-29,57.8900,1.7540,2.1590,73.6680,90.6780,21.4480,26.1641,2.7132,-1.7382,False,False,8.4297,16.3289
2025-12-30,57.7900,1.7650,2.1830,74.1300,91.6860,22.1920,26.1067,2.7573,-1.4197,False,False,8.9420,16.9562
2025-12-31,57.2600,1.7470,2.1540,73.3740,90.4680,21.8120,26.0453,2.7822,-1.5216,False,False,8.7353,16.6435
2026-01-02,57.2100,1.9630,2.1200,82.4460,89.0400,27.4340,25.9738,2.8072,0.5202,False,False,12.0448,20.5826
2026-01-05,58.1000,1.9860,2.1500,83.4120,90.3000,27.6080,25.9517,2.7877,0.5941,False,False,12.0743,20.7108
2026-01-06,56.9700,1.9590,2.1050,82.2780,88.4100,27.3520,25.9287,2.7653,0.5147,False,False,12.0014,20.4995
2026-01-07,56.0100,1.9640,2.0910,82.4880,87.8220,28.2560,25.9121,2.7523,0.8516,False,False,12.6632,21.2090
2026-01-08,57.7400,2.0340,2.1670,85.4280,91.0140,29.5500,25.9036,2.7438,1.3290,False,False,13.3310,22.2057
2026-01-09,58.9600,2.0320,2.1540,85.3440,90.4680,28.0920,25.9166,2.7583,0.7887,False,False,12.2398,20.9781
2026-01-12,59.3900,2.0570,2.1810,86.3940,91.6020,28.7400,25.8898,2.7251,1.0459,False,False,12.6187,21.4881
2026-01-13,60.8500,2.0850,2.2480,87.5700,94.4160,29.0020,25.8615,2.6817,1.1711,False,False,12.6902,21.7412
2026-01-14,61.8400,2.0640,2.2370,86.6880,93.9540,27.2700,25.9029,2.7011,0.5061,False,False,11.4745,20.3483
2026-01-15,59.1300,2.0470,2.2170,85.9740,93.1140,29.2240,25.9200,2.7048,1.2215,False,False,13.0249,21.9861
2026-01-16,59.4000,2.0510,2.2390,86.1420,94.0380,29.3740,25.9587,2.7268,1.2525,False,False,13.1193,22.1383
2026-01-20,60.3000,2.0660,2.2810,86.7720,95.8020,29.4820,25.9972,2.7502,1.2671,False,False,13.1328,22.2582
2026-01-21,60.3800,2.1060,2.3340,88.4520,98.0280,31.2640,26.0387,2.7742,1.8836,False,False,14.3009,23.7105
2026-01-22,59.2400,2.0690,2.2910,86.8980,96.2220,30.7660,26.0950,2.8277,1.6519,False,False,14.0885,23.3329
2026-01-23,60.7000,2.0970,2.3350,88.0740,98.0700,30.7060,26.1499,2.8696,1.5877,False,False,13.9186,23.2769
2026-01-26,60.4600,2.0720,2.3170,87.0240,97.3140,29.9940,26.2105,2.9073,1.3014,False,False,13.4908,22.7302
2026-01-27,62.0400,2.1140,2.3680,88.7880,99.4560,30.3040,26.2586,2.9336,1.3790,False,False,13.5390,22.9510
2026-01-28,62.7500,2.1430,2.3940,90.0060,100.5480,30.7700,26.3032,2.9641,1.5070,False,False,13.7631,23.2957
2026-01-29,64.7700,2.1660,2.4530,90.9720,103.0260,30.2200,26.3478,3.0005,1.2905,False,False,13.2439,22.8758
2026-01-30,64.5000,2.1880,2.4820,91.8960,104.2440,31.5120,26.3932,3.0277,1.6906,False,False,14.1219,23.9332
2026-02-02,61.6000,2.1030,2.2870,88.3260,96.0540,29.3020,26.4516,3.0749,0.9270,False,False,12.8359,22.0058
2026-02-03,62.6200,2.1570,2.3550,90.5940,98.9100,30.7460,26.4964,3.0866,1.3768,False,False,13.6870,23.1617
2026-02-04,64.5600,2.1810,2.3720,91.6020,99.6240,29.7160,26.5544,3.1168,1.0144,False,False,12.8040,22.2638
2026-02-05,62.9000,2.1580,2.3400,90.6360,98.2800,30.2840,26.5956,3.1338,1.1770,False,False,13.3349,22.7479
2026-02-06,63.7700,2.1790,2.3510,91.5180,98.7420,30.1560,26.6526,3.1536,1.1109,False,False,13.1463,22.5970
2026-02-09,64.5300,2.2150,2.3750,93.0300,99.7500,30.7400,26.7038,3.1726,1.2722,False,False,13.4293,23.0145
2026-02-10,64.2000,2.2000,2.3580,92.4000,99.0360,30.4120,26.7652,3.1965,1.1409,False,False,13.2480,22.7575
2026-02-11,64.8000,2.2230,2.3910,93.3660,100.4220,30.9180,26.8251,3.2138,1.2736,False,False,13.5279,23.1667
2026-02-12,63.0800,2.1590,2.3250,90.6780,97.6500,29.9220,26.8829,3.2400,0.9380,False,False,13.0583,22.4170
2026-02-13,63.0500,1.9140,2.4340,80.3880,102.2280,24.6180,26.9549,3.2347,-0.7225,False,False,10.1095,18.9677
2026-02-17,62.5300,1.9200,2.4400,80.6400,102.4800,25.3900,26.9726,3.2175,-0.4919,False,False,10.6659,19.6009
2026-02-18,65.3300,1.9770,2.5690,83.0340,107.8980,25.9920,27.0025,3.1900,-0.3168,False,False,10.8640,20.1598
2026-02-19,66.6600,2.0150,2.6570,84.6300,111.5940,26.9580,27.0331,3.1668,-0.0237,False,False,11.4222,21.0047
2026-02-20,66.6900,2.0040,2.6330,84.1680,110.5860,26.2840,27.0705,3.1458,-0.2500,False,False,10.9627,20.4355
2026-02-23,66.3600,2.0030,2.7430,84.1260,115.2060,28.1260,27.1078,3.1162,0.3267,False,False,12.3501,22.1676
2026-02-24,65.6200,2.0050,2.7780,84.2100,116.6760,29.4120,27.1654,3.0864,0.7279,False,False,13.3099,23.2925
2026-02-25,65.3000,2.0020,2.7270,84.0840,114.5340,28.9340,27.2376,3.0621,0.5540,False,False,12.9656,22.8122
2026-02-26,65.1000,2.0480,2.7010,86.0160,113.4420,30.0580,27.2992,3.0398,0.9076,False,False,13.6164,23.5561
2026-02-27,66.9600,2.0760,2.6860,87.1920,112.8120,28.7720,27.3644,3.0353,0.4638,False,False,12.5250,22.3752
2026-03-02,71.1300,2.3930,2.9950,100.5060,125.7900,37.8040,27.4205,3.0141,3.4450,True,True,17.9468,29.4578
2026-03-03,74.4800,2.4560,3.2240,103.1520,135.4080,39.4240,27.5688,3.1879,3.7188,True,False,18.8804,31.0251
2026-03-04,74.5800,2.5430,3.3830,106.8060,142.0860,43.9860,27.7354,3.4040,4.7740,True,False,21.9360,34.8330
2026-03-05,80.8800,2.6260,3.5210,110.2920,147.8820,41.9420,27.9516,3.7895,3.6919,True,False,20.0229,33.1320
2026-03-06,90.7700,2.7690,3.6820,116.2980,154.6440,38.3100,28.1266,4.0584,2.5093,True,False,16.6489,29.9700
2026-03-09,94.6500,2.6440,3.3580,111.0480,141.0360,26.3940,28.2660,4.1882,-0.4470,False,False,8.2174,19.8751
2026-03-10,83.7100,2.7150,3.4560,114.0300,145.1520,40.6940,28.2716,4.1853,2.9681,True,True,18.6990,31.7037
2026-03-11,86.8000,2.8190,3.8010,118.3980,159.6420,45.3460,28.4240,4.3806,3.8629,True,False,21.7357,35.8725
2026-03-12,95.6100,2.9820,4.0100,125.2440,168.4200,44.0260,28.6300,4.7223,3.2603,True,False,20.0170,34.6552
2026-03-13,98.4800,3.0610,4.0490,128.5620,170.0580,43.9140,28.7994,4.9905,3.0287,True,False,19.5869,34.3899
2026-03-16,93.3900,3.0120,3.8970,126.5040,163.6740,45.5040,28.9625,5.2359,3.1592,True,False,21.0106,35.5839
2026-03-17,96.0100,3.1380,4.0630,131.7960,170.6460,48.7360,29.1812,5.5043,3.5526,True,False,22.8923,38.1805
2026-03-18,96.1200,3.1980,4.4280,134.3160,185.9760,55.4160,29.4290,5.8652,4.4307,True,False,27.6498,44.2044
2026-03-19,96.1100,3.1100,4.3770,130.6200,183.8340,52.2480,29.7408,6.4622,3.4829,True,False,25.6435,41.7532
2026-03-20,98.7100,3.3030,4.7120,138.7260,197.9040,59.7420,30.0097,6.8763,4.3239,True,False,30.4404,47.9885
2026-03-23,89.3300,2.9980,4.1870,125.9160,175.8540,53.2320,30.3337,7.5497,3.0330,True,False,26.8858,42.5691
2026-03-24,93.1800,3.0570,4.1750,128.3940,175.3500,50.8660,30.5965,7.9214,2.5588,True,False,24.8442,40.4017
2026-03-25,91.5100,3.0270,4.0760,127.1340,171.1920,50.3100,30.8283,8.2010,2.3755,True,False,24.5615,39.8525
2026-03-26,96.1800,3.1040,4.2900,130.3680,180.1800,50.7920,31.0421,8.4514,2.3369,True,False,24.5763,40.4048
2026-03-27,101.2600,3.2760,4.6050,137.5920,193.4100,54.9380,31.2642,8.7012,2.7208,True,False,26.9380,43.8896
2026-03-30,104.6900,3.4040,4.4940,142.9680,188.7480,53.5380,31.5212,9.0481,2.4333,True,False,25.3332,42.1313
2026-03-31,102.8600,3.3180,4.2230,139.3560,177.3660,49.1660,31.7676,9.3377,1.8632,False,False,22.4246,38.2742
2026-04-01,101.9000,3.0830,4.0960,129.4860,172.0320,41.7680,31.9472,9.5135,1.0323,False,False,17.8679,32.6265
2026-04-02,113.2300,3.2830,4.5090,137.8860,189.3780,41.8200,32.0561,9.5691,1.0204,False,False,17.0102,32.8053
2026-04-06,114.0100,3.3050,4.3940,138.8100,184.5480,40.0460,32.1897,9.6204,0.8166,False,False,15.5834,31.0559
2026-04-07,114.5800,3.2390,4.3580,136.0380,183.0360,37.1240,32.3148,9.6485,0.4984,False,False,13.6663,28.7684
2026-04-08,96.1700,3.0220,3.9280,126.9240,164.9760,43.4380,32.4065,9.6545,1.1426,False,False,19.4052,33.8947
2026-04-09,99.6200,3.0200,3.9810,126.8400,167.2020,40.6740,32.5828,9.7093,0.8333,False,False,17.3234,31.7032
2026-04-10,98.3400,3.0030,3.7750,126.1260,158.5500,38.5940,32.7269,9.7321,0.6029,False,False,15.8412,29.6543
2026-04-13,100.7200,3.0800,3.8380,129.3600,161.1960,39.2520,32.8526,9.7340,0.6574,False,False,15.9994,30.0779
2026-04-14,93.0700,3.0450,3.6960,127.8900,155.2320,43.9340,32.9928,9.7343,1.1240,False,False,19.6962,33.8133
2026-04-15,93.0400,3.0830,3.7900,129.4860,159.1800,46.3440,33.1964,9.7693,1.3458,False,False,21.3442,35.8677
2026-04-16,96.4600,3.1850,3.8540,133.7700,161.8680,46.6760,33.4308,9.8287,1.3476,False,False,21.1477,35.9456
2026-04-17,85.9100,3.0340,3.4830,127.4280,146.2860,47.8040,33.6730,9.8834,1.4298,False,False,22.6806,36.6717
2026-04-20,91.0600,3.1330,3.5980,131.5860,151.1160,47.0360,33.9236,9.9524,1.3175,False,False,21.6631,35.9386
2026-04-21,93.6400,3.2440,3.8470,136.2480,161.5740,51.0500,34.1757,9.9938,1.6885,False,False,24.1945,39.3815
2026-04-22,94.7600,3.3820,3.9720,142.0440,166.8240,55.5440,34.4706,10.0953,2.0874,True,True,26.9798,42.9140
2026-04-23,99.2700,3.5230,4.0800,147.9660,171.3600,56.4940,34.8167,10.2762,2.1095,True,False,27.0776,43.4648
2026-04-24,98.4200,3.5340,4.0290,148.4280,169.2180,56.9380,35.1778,10.4591,2.0805,True,False,27.3686,43.7066
2026-04-27,99.8900,3.5210,4.0140,147.8820,168.5880,54.8940,35.5524,10.6266,1.8201,False,False,25.8829,42.0228
2026-04-28,103.4500,3.5860,4.0350,150.6120,169.4700,53.4480,35.9091,10.7306,1.6345,False,False,24.5075,40.6607
2026-04-29,110.4700,3.7880,4.2640,159.0960,179.0880,55.2900,36.2545,10.7890,1.7643,False,False,25.0055,41.9841
2026-04-30,108.6400,3.8430,4.2170,161.4060,177.1140,58.0020,36.6106,10.8821,1.9657,False,False,26.8177,43.9802
2026-05-01,105.3800,3.6300,4.0160,152.4600,168.6720,52.4840,37.0094,11.0004,1.4067,False,False,23.5901,39.6904
2026-05-04,109.7600,3.7480,4.0910,157.4160,171.8220,52.4580,37.3501,10.9996,1.3735,False,False,23.0531,39.4419
2026-05-05,105.6600,3.6700,4.1140,154.1400,172.7880,54.6960,37.6918,10.9859,1.5478,False,False,25.0797,41.5816
2026-05-06,98.7500,3.5110,3.8430,147.4620,161.4060,53.3600,38.0546,11.0024,1.3911,False,False,24.7801,40.4692
2026-05-07,98.3800,3.5360,3.9260,148.5120,164.8920,55.5920,38.4089,10.9761,1.5655,False,False,26.3509,42.3958
2026-05-08,98.8700,3.5480,3.9270,149.0160,164.9340,55.4520,38.7800,10.9862,1.5175,False,False,26.1930,42.2445
2026-05-11,101.5600,3.6450,4.0510,153.0900,170.1420,57.2140,39.1578,10.9683,1.6462,False,False,27.0937,43.6338
2026-05-12,105.7800,3.7470,4.2050,157.3740,176.6100,58.0060,39.5470,10.9807,1.6810,False,False,27.2382,44.2573
2026-05-13,104.5200,3.6830,4.0400,154.6860,169.6800,55.1640,39.9491,10.9866,1.3849,False,False,25.3818,41.7953
2026-05-14,104.6600,3.6780,4.0050,154.4760,168.2100,54.3940,40.2572,11.0201,1.2828,False,False,24.8246,41.1079
2026-05-15,108.9900,3.7940,4.1630,159.3480,174.8460,55.5240,40.5548,11.0362,1.3564,False,False,25.1633,41.9761
2026-05-18,112.2500,3.7690,4.1510,158.2980,174.3420,51.3960,40.8679,11.0568,0.9522,False,False,22.1559,38.6050
2026-05-19,112.0900,3.7860,4.2880,159.0120,180.0960,53.9500,41.1250,11.0295,1.1628,False,False,24.0009,40.9218
2026-05-20,101.6900,3.5630,4.0360,149.6460,169.5120,54.5780,41.3961,11.0415,1.1938,False,False,25.4605,41.6712
2026-05-21,100.2000,3.5190,3.9740,147.7980,166.9080,53.9680,41.6904,11.0360,1.1125,False,False,25.1952,41.1876
2026-05-22,100.3500,3.4800,3.9570,146.1600,166.1940,52.4880,41.9707,11.0239,0.9540,False,False,24.2482,40.0484
2026-05-26,97.6300,3.2570,3.7770,136.7940,158.6340,46.4440,42.2316,10.9917,0.3832,False,False,20.6655,35.3911
2026-05-27,92.3500,3.1950,3.6710,134.1900,154.1820,48.5040,42.4447,10.8850,0.5567,False,False,22.4972,37.0989
2026-05-28,92.6500,3.3230,3.6200,139.5660,152.0400,51.0740,42.6589,10.8121,0.7783,False,False,23.8856,38.7450
2026-05-29,91.1600,3.1940,3.5250,134.1480,148.0500,47.6220,42.9000,10.7550,0.4390,False,False,21.8459,36.1042
2026-06-01,95.9600,3.1870,3.6560,133.8540,153.5520,44.4600,43.1016,10.6713,0.1273,False,False,19.4798,33.7398
2026-06-02,97.4700,3.2430,3.6880,136.2060,154.8960,44.9660,43.2482,10.5981,0.1621,False,False,19.6166,34.0455
2026-06-03,99.7600,3.2340,3.8510,135.8280,161.7420,44.7060,43.4060,10.5164,0.1236,False,False,19.4479,34.1541
2026-06-04,96.8300,3.1320,3.6660,131.5440,153.9720,42.1900,43.5615,10.4306,-0.1315,False,False,18.0040,32.0433
2026-06-05,94.3200,3.1300,3.5970,131.4600,151.0740,43.6780,43.6970,10.3322,-0.0018,False,False,19.1409,33.1589
2026-06-08,95.0000,3.1540,3.5870,132.4680,150.6540,43.5300,43.8456,10.2343,-0.0308,False,False,18.9257,32.9439
2026-06-09,91.9000,3.0830,3.5260,129.4860,148.0920,43.7880,43.9874,10.1401,-0.0197,False,False,19.4329,33.2657
2026-06-10,93.6800,3.1290,3.6440,131.4180,153.0480,44.9480,44.1382,10.0346,0.0807,False,False,20.1008,34.3016
2026-06-11,91.5800,3.0330,3.4700,127.3860,145.7400,41.9240,44.2875,9.9452,-0.2376,False,False,18.2465,31.7707
2026-06-12,88.6200,3.0200,3.4070,126.8400,143.0940,43.6380,44.4277,9.8211,-0.0804,False,False,19.6014,33.1187
2026-06-15,84.6500,2.9450,3.2780,123.6900,137.6760,43.7020,44.5710,9.7139,-0.0895,False,False,19.9842,33.1680
2026-06-16,79.8000,2.8800,3.2070,120.9600,134.6940,45.7380,44.7264,9.5861,0.1055,False,False,21.8085,34.9289
2026-06-17,80.6500,2.8870,3.1720,121.2540,133.2240,44.5940,44.8981,9.4635,-0.0321,False,False,20.9168,33.8941
2026-06-18,80.3500,2.9600,3.1280,124.3200,131.3760,46.3220,45.0585,9.3337,0.1354,False,False,21.9078,35.0234
2026-06-22,78.9400,2.9660,3.0940,124.5720,129.9480,47.4240,45.2316,9.2102,0.2380,False,False,22.7161,35.8577
2026-06-23,74.6200,2.9350,3.1730,123.2700,133.2660,51.9820,45.4206,9.0777,0.7228,False,False,26.2864,39.8801
2026-06-24,71.4200,2.8430,3.1580,119.4060,132.6360,52.3960,45.6547,8.9717,0.7514,False,False,26.9993,40.4798
2026-06-25,72.6700,3.0200,3.2990,126.8400,138.5580,58.0760,45.9044,8.8422,1.3765,False,False,30.5097,44.9057
2026-06-26,70.3000,2.9630,3.2190,124.4460,135.1980,57.7300,46.2762,8.6404,1.3256,False,False,30.5014,44.6484
2026-06-29,71.8700,3.0490,3.3160,128.0580,139.2720,59.9260,46.6355,8.4344,1.5758,False,False,31.7793,46.3828
2026-06-30,70.5600,2.9770,3.2860,125.0340,138.0120,58.8000,47.0125,8.2598,1.4271,False,False,31.2438,45.6154
2026-07-01,69.7400,2.9450,3.2200,123.6900,135.2400,57.8000,47.3663,8.0731,1.2924,False,False,30.6323,44.7638
2026-07-02,69.7300,2.9200,3.1890,122.6400,133.9380,56.6760,47.7165,7.8309,1.1441,False,False,29.8944,43.8515
2026-07-06,69.6000,3.0060,3.3060,126.2520,138.8520,60.8520,48.0337,7.6059,1.6853,False,False,32.6658,47.2656
2026-07-07,71.5300,2.9750,3.3700,124.9500,141.5400,58.9500,48.3831,7.4633,1.4159,False,False,31.3599,45.8989
2026-07-08,74.5600,3.1130,3.7180,130.7460,156.1560,64.6560,48.7166,7.2544,2.1972,True,True,35.0446,50.8432
2026-07-09,73.1500,3.0030,3.5820,126.1260,150.4440,61.0820,49.1010,7.1717,1.6706,False,False,32.8331,47.9681
2026-07-10,72.4500,2.9660,3.5730,124.5720,150.0660,60.6200,49.4600,6.9504,1.6057,False,False,32.6456,47.6822
2026-07-13,79.2000,3.1710,3.8660,133.1820,162.3720,63.7120,49.7135,6.9367,2.0180,True,True,34.0698,50.1504
2026-07-14,80.4400,3.2370,4.0450,135.9540,169.8900,66.8260,49.9834,7.0033,2.4050,True,False,36.1219,52.8575
2026-07-15,80.7300,3.3940,3.9930,142.5480,167.7060,70.2040,50.2372,7.1926,2.7760,True,False,37.9945,55.0831
2026-07-16,80.0300,3.3730,4.0670,141.6660,170.8140,71.3520,50.5512,7.4364,2.7972,True,False,38.9472,56.2353
2026-07-17,83.4300,3.4790,4.0880,146.1180,171.6960,71.2140,50.9183,7.6360,2.6579,True,False,38.3815,55.8325
2026-07-20,84.3800,3.4800,4.1180,146.1600,172.9560,70.7120,51.4163,7.4803,2.5795,True,False,37.9961,55.4673
2026-07-21,86.0400,3.3310,4.1390,139.9020,173.8380,65.1740,51.7498,7.6618,1.7521,False,False,34.4601,51.3679
2026-07-22,87.6600,3.3470,4.1350,140.5740,173.6700,63.9460,51.9702,7.7589,1.5435,False,False,33.4638,50.2921
2026-07-23,93.0800,3.4210,4.3600,143.6820,183.1200,63.7480,52.1915,7.8131,1.4791,False,False,32.9774,50.3094
2026-07-24,91.7400,3.3380,4.2330,140.1960,177.7860,60.9860,52.4119,7.8561,1.0914,False,False,31.2612,48.0414
2026-07-27,84.2500,3.2420,4.1030,136.1640,172.3260,63.9680,52.5839,7.8724,1.4461,False,False,33.9383,50.5755
2026-07-28,80.9100,3.2500,4.1620,136.5000,174.8040,68.3580,52.7531,7.9512,1.9626,False,False,37.2139,54.3020
2026-07-29,86.0800,3.3970,4.4250,142.6740,185.8500,70.9860,52.8969,8.1135,2.2295,True,True,38.5417,56.5091
2026-07-30,85.1500,3.2590,4.2350,136.8780,177.8700,65.3920,53.1051,8.3316,1.4747,False,False,34.9304,51.9453
2026-07-31,86.1600,3.2260,4.1610,135.4920,174.7620,62.4220,53.1679,8.4024,1.1014,False,False,32.8365,49.4472
2026-08-03,81.9600,2.9860,3.8980,125.4120,163.7160,56.2200,53.2700,8.4582,0.3488,False,False,29.2140,44.5601
2026-08-04,77.3300,2.8540,3.7570,119.8680,157.7940,55.1800,53.3295,8.4599,0.2187,False,False,29.0115,43.8468
2026-08-05,76.7800,2.8400,3.8190,119.2800,160.3980,56.2060,53.3836,8.4560,0.3338,False,False,29.8426,44.8544
2026-08-06,78.8800,2.9650,3.9650,124.5300,166.5300,59.6500,53.4438,8.4566,0.7339,False,False,31.8901,47.5936
2026-08-07,79.7700,2.9700,3.9100,124.7400,164.2200,58.1300,53.4961,8.4802,0.5464,False,False,30.7247,46.2165
2026-08-10,83.7600,3.1470,4.2120,132.1740,176.9040,63.3240,53.5472,8.4941,1.1510,False,False,33.8568,50.5320
2026-08-11,84.7700,3.1520,4.3250,132.3840,181.6500,64.0360,53.7045,8.5425,1.2094,False,False,34.3648,51.3132
2026-08-12,84.9700,3.1580,4.3450,132.6360,182.4900,64.2840,53.9519,8.5156,1.2133,False,False,34.5245,51.5370
2026-08-13,82.7700,3.1300,4.3050,131.4600,180.8100,65.1400,54.2015,8.4855,1.2891,False,False,35.2952,52.2609
2026-08-14,83.9900,3.1920,4.3320,134.0640,181.9440,66.0340,54.4803,8.4279,1.3709,False,False,35.6992,52.8611
2026-08-17,86.0400,3.3240,4.5320,139.6080,190.3440,70.4800,54.8015,8.3104,1.8866,False,False,38.4690,56.5087
2026-08-18,86.4800,3.3610,4.5500,141.1620,191.1000,71.3280,55.1020,8.3827,1.9357,False,False,38.9474,57.1314
2026-08-19,87.2800,3.2820,4.5220,137.8440,189.9240,67.9240,55.4426,8.4122,1.4837,False,False,36.7222,54.4984
2026-08-20,89.7500,3.3360,4.5680,140.1120,191.8560,67.6100,55.7685,8.3208,1.4231,False,False,36.2476,54.1552
2026-08-21,87.2100,3.3790,4.4730,141.9180,187.8660,70.0240,56.0836,8.2258,1.6947,False,False,37.8902,55.8535
2026-08-24,86.3400,3.3260,4.2680,139.6920,179.2560,66.5400,56.3735,8.2522,1.2320,False,False,35.5041,52.7519
2026-08-25,83.9000,3.2540,4.1860,136.6680,175.8120,65.8160,56.5979,8.2510,1.1172,False,False,35.2757,52.2235
2026-08-26,83.4600,3.3250,4.2310,139.6500,177.7020,68.8740,56.8105,8.2392,1.4642,False,False,37.2732,54.6248
2026-08-27,84.8100,3.4200,4.2730,143.6400,179.4660,70.7720,57.0446,8.2792,1.6581,False,False,38.2909,55.9840
2026-08-28,84.5700,3.5270,4.3510,148.1340,182.7420,75.1000,57.3084,8.3340,2.1348,True,True,41.0888,59.3887
2026-08-31,87.0300,3.5500,4.4910,149.1000,188.6220,75.2440,57.5756,8.5127,2.0755,True,False,41.0879,59.6921
2026-09-01,91.4800,3.2030,4.7240,134.5260,198.4080,64.3400,57.7945,8.7087,0.7516,False,False,34.3450,52.1346
2026-09-02,92.1500,3.1350,4.6660,131.6700,195.9720,60.9540,57.8817,8.7345,0.3517,False,False,32.0877,49.4281
2026-09-03,92.5500,3.1970,4.5920,134.2740,192.8640,61.2540,57.9263,8.7398,0.3808,False,False,32.0503,49.3515
2026-09-04,92.6900,3.2450,4.5490,136.2900,191.0580,61.8560,57.9970,8.7407,0.4415,False,False,32.2996,49.6251
2026-09-08,94.2100,3.3110,4.6440,139.0620,195.0480,63.5140,58.0904,8.7365,0.6208,False,False,33.2583,50.9708
2026-09-09,97.2600,3.2890,4.8500,138.1380,203.7000,62.7320,58.1818,8.7498,0.5200,False,False,32.7489,50.7644
2026-09-10,103.5700,3.4690,5.1700,145.6980,217.1400,65.9420,58.2343,8.7627,0.8796,False,False,34.3689,53.4567
2026-09-11,101.2700,3.3760,5.0480,141.7920,212.0160,63.9300,58.3838,8.7781,0.6318,False,False,33.2619,51.8512
2026-09-14,102.4200,3.4140,5.0780,143.3880,213.2760,64.2640,58.5113,8.7744,0.6556,False,False,33.3471,52.0660
2026-09-15,107.0200,3.5350,5.3380,148.4700,224.1960,66.6920,58.6176,8.7855,0.9191,False,False,34.6369,54.1817
